translation,wiki_language_code,target_word,translation_id,word_id,V2,V3,V4,V5,V6,V7,V8,V9,V10,V11,V12,V13,V14,V15,V16,V17,V18,V19,V20,V21,V22,V23,V24,V25,V26,V27,V28,V29,V30,V31,V32,V33,V34,V35,V36,V37,V38,V39,V40,V41,V42,V43,V44,V45,V46,V47,V48,V49,V50,V51,V52,V53,V54,V55,V56,V57,V58,V59,V60,V61,V62,V63,V64,V65,V66,V67,V68,V69,V70,V71,V72,V73,V74,V75,V76,V77,V78,V79,V80,V81,V82,V83,V84,V85,V86,V87,V88,V89,V90,V91,V92,V93,V94,V95,V96,V97,V98,V99,V100,V101,V102,V103,V104,V105,V106,V107,V108,V109,V110,V111,V112,V113,V114,V115,V116,V117,V118,V119,V120,V121,V122,V123,V124,V125,V126,V127,V128,V129,V130,V131,V132,V133,V134,V135,V136,V137,V138,V139,V140,V141,V142,V143,V144,V145,V146,V147,V148,V149,V150,V151,V152,V153,V154,V155,V156,V157,V158,V159,V160,V161,V162,V163,V164,V165,V166,V167,V168,V169,V170,V171,V172,V173,V174,V175,V176,V177,V178,V179,V180,V181,V182,V183,V184,V185,V186,V187,V188,V189,V190,V191,V192,V193,V194,V195,V196,V197,V198,V199,V200,V201,V202,V203,V204,V205,V206,V207,V208,V209,V210,V211,V212,V213,V214,V215,V216,V217,V218,V219,V220,V221,V222,V223,V224,V225,V226,V227,V228,V229,V230,V231,V232,V233,V234,V235,V236,V237,V238,V239,V240,V241,V242,V243,V244,V245,V246,V247,V248,V249,V250,V251,V252,V253,V254,V255,V256,V257,V258,V259,V260,V261,V262,V263,V264,V265,V266,V267,V268,V269,V270,V271,V272,V273,V274,V275,V276,V277,V278,V279,V280,V281,V282,V283,V284,V285,V286,V287,V288,V289,V290,V291,V292,V293,V294,V295,V296,V297,V298,V299,V300,V301
ammattilainen,fi,professional,t1,w1,0.34884,0.3806,0.036267,-0.1902,-0.25161,0.07551,-0.3914,0.050747,0.49861,-0.084198,-0.073322,-0.24333,0.46764,-0.18744,-0.10972,0.24894,0.10902,0.20929,0.23109,0.054178,0.36324,0.19366,-0.001788,-0.35687,0.31304,-0.097068,0.22805,0.45317,0.34531,-0.056234,-0.27564,-0.17033,0.06658,-0.019337,-0.11631,0.51614,-0.22551,-0.30386,0.29846,-0.14354,0.17824,0.23859,0.010592,-0.13971,0.066885,-0.35317,0.22025,-0.5159,-0.20341,0.35379,-0.6861,-0.14632,0.039811,-0.2803,-0.1159,-0.13154,-0.06446,0.18421,0.023754,0.08667,0.094893,0.69407,-0.33025,0.014127,-0.076689,0.64327,0.011633,0.044233,-0.19453,-0.16018,-0.22694,-0.070419,-0.12693,-0.19775,0.51276,-0.078242,-0.18819,0.20702,-0.31811,-0.16701,0.20905,-0.38839,0.11594,-0.13304,0.13431,0.49643,-0.33623,0.048925,-0.54838,-0.81505,-0.11394,-0.23543,0.19278,0.61598,0.090034,-0.062814,-0.40839,-0.21419,-0.081741,-0.032644,0.1855,0.39993,0.25434,-0.19901,-0.39598,-0.41093,0.17577,0.26011,-0.10012,0.12022,-0.049299,0.17984,0.19491,-0.57266,0.20777,-0.1388,-0.012096,-0.10675,0.0073653,-0.093051,0.15713,0.42091,-0.24498,0.71725,0.39033,-0.0059822,0.17343,0.19,-0.26119,0.3709,0.64235,0.23574,-0.53075,-0.77605,0.019414,-0.7051,-0.068856,0.27342,0.14811,0.25729,-0.46836,0.41572,-0.40342,0.2342,0.033297,0.38471,0.026125,0.12836,-0.074703,0.30591,0.07998,0.042603,0.095468,-0.11669,-0.39827,0.058195,0.37171,0.30294,-0.012446,-0.1482,0.46278,-0.23388,-0.086459,0.083959,0.31985,0.23583,-0.030172,-0.41002,0.088318,-0.01032,0.20443,-0.085319999999999993,0.68128,0.19047,-0.18794,-0.069758,-0.26896,0.22977,0.11621,-0.50144,0.14008,-0.13857,0.53268,0.039251,-0.036845,-0.018921,-0.49713,0.07519,-0.38197,-0.15587,0.19526,-0.11283,0.33747,0.19705,-0.552,-0.057136,-0.37227,-0.13825,-0.28088,-0.23389,-0.12788,0.26122,-0.234,0.14414,0.1199,0.30957,0.6645,-0.32712,0.13698,-0.057116,-0.25868,-0.006385,0.46273,-0.14768,-0.0030448,-0.15865,-0.44991,-0.2195,0.063766,0.09633,-0.42432,0.068374,-0.2545,-0.14642,-0.20635,0.10686,0.048223,-0.32591,-0.088608,-0.12921,0.46951,-0.19902,-0.042027,0.3436,-0.028923,-0.18593,0.26533,0.19735,-0.36995,-0.22895,-0.3587,-0.15364,0.31863,0.289,-0.46198,-0.32287,-0.14193,-0.10694,0.16213,0.13429,-0.21588,-0.49247,-0.19804,-0.22513,0.84454,0.29761,-0.24156,-0.30346,-0.014955,-0.13611,-0.098784,0.19466,-0.1928,0.44085,0.47189,0.1175,0.17885,-0.11734,-0.38042,0.02494,-0.29729,0.20956,0.82251,-0.28321,0.17607,0.34832,0.17053,-0.15659,0.36654,-0.2193,0.29603,0.06878,-0.23458,-0.69505,0.70319,0.32152,0.25779,-0.0087181,0.28577,-0.45711,0.23727,0.15958,-0.20212,0.3416,0.21776,-0.077952,0.037217,0.1331,0.36328,-0.12486
avioliitto,fi,marriage,t1,w1,1.2205,0.52876,-0.48509,0.0080283,-0.019439,0.023643,-0.73448,-0.18128,0.14226,0.036992,-0.013277,0.1675,0.10553,0.35899,0.2022,-0.0025487,-0.46537,-0.64559,0.36462,0.3895,-0.52836,0.099995,0.26363,-0.75814,0.061532,-0.06482,0.2536,0.72726,0.46362,0.38351,-0.59073,-0.33522,0.066181,0.25554,0.15546,-0.078248,0.42504,-0.1255,-0.47446,0.28058,-0.70525,0.094161,0.63322,-0.60043,0.17211,-0.1782,0.40321,-0.18263,-0.075236,-0.30574,0.17375,0.90312,0.68246,0.74135,-0.15012,0.066501,-0.33957,-0.18209,0.16087,-0.057989,0.12941,0.48747,-0.83109,0.033735,0.34731,0.72856,-0.2529,-0.2684,-0.25456,0.23392,-0.086483,0.22354,-0.27356,0.33128,0.11227,-0.42562,0.22131,0.10247,-0.075537000000000007,-0.19923,-0.33214,-0.053733,-0.31219,0.42007,0.29149,-0.13133,-0.076255,-0.18709,0.24822,-0.8117,-0.077519,-0.0018706,-0.014262,0.067802,0.39313,-0.24633,-0.097564,0.23063,-0.22231,0.4373,-0.25928,-0.42929,-0.076853,-0.071145,0.19438,0.61936,-0.15605,-0.20882,0.1989,-0.21412,-0.67377,0.23047,0.069503,-0.0041278,-0.476,0.066204,0.1997,-0.16875,-0.37281,-0.20153,-0.17461,-0.040104,-0.053652,0.60925,-0.13055,0.2569,-0.40729,0.33131,-0.25538,0.79477,0.71142,0.10253,-0.2535,-0.50267,-0.3436,-0.10724,-0.0050684,0.29286,-0.0027892,0.77514,0.464,0.20332,0.079945,-0.12363,0.38714,-0.57234,-0.12535,0.48037,0.74738,-0.13131,0.17767,0.40154,-0.54285,-0.13304,-0.21837,0.20919,0.28581,-0.30919,-0.35,0.053085,0.16101,0.060739,-0.068181,-0.39388,0.043385,0.097537,-0.22377,-0.47306,0.4194,-0.08599,0.13678,-0.038383,0.45317,0.16486,-0.34393,0.038339,0.31441,0.4817,-0.442,-0.19477,0.4474,-0.10407,-0.31145,0.029823,0.12901,-0.046389,0.29657,-0.12904,0.28409,0.057116,0.027055,0.18408,0.54286,0.31641,0.029488,-0.16278,0.090564,-0.19206,0.058971,0.040537,0.20935,0.18859,0.35757,-0.39108,0.31221,-0.49094,0.54588,-0.02936,-0.08783,0.11292,-0.35709,-0.54026,-0.0062971,-0.09421,-0.065805,-0.16506,-0.099739,0.28535,-0.17448,0.52586,-0.12755,-0.40347,-0.12567,0.47133,0.29983,0.082373,0.22828,-0.13016,0.19992,-0.080739,-0.28539,-0.54372,0.04579,0.13237,-0.41001,-0.74051,-0.31119,-0.57602,-0.13077,-0.60214,-0.045109,0.45906,-0.011651,0.12724,0.12418,0.15811,-0.52958,0.0061069,0.33835,-0.32205,0.27055,0.18327,-0.17068,0.21538,0.072318,-0.011225,0.075925,-0.82157,0.18789,-0.45664,0.035837,0.28675,0.019397,-0.24883,-0.037787,-0.071173,0.18711,-0.31266,-0.0976,-0.12728,0.23579,-0.18204,0.25226,0.11329,-0.42685,0.58931,0.55788,0.4646,1.121e-4,0.4785,0.09514,0.070322,0.10263,-0.38392,0.12158,0.049072,-0.55398,-0.22371,-0.11289,-0.055492,0.80286,-0.32964,0.16951,-0.10409,0.21723,-0.58066,0.085805,-0.061285,-0.16626,-0.4522
hän,fi,he,t1,w1,0.17629,0.18567,-0.16698,0.11692,0.19372,-0.0096186,-0.23482,0.22357,0.20209,3.7042e-4,0.024863,-0.22698,-0.18516,0.081184,-0.1905,-0.19155,-0.1957,-0.090182,-0.14442,0.26019,0.073509,0.13576,0.11668,-0.06723,-0.15414,-0.075067,-0.23938,0.076162,-0.046949,0.25014,-0.16239,-0.16001,0.063922,-0.050241,-0.14051,0.080989,0.17974,-0.044493,0.14972,-0.17356,0.016144,0.20615,0.063398,0.089105,0.15212,-0.34162,0.43997000000000003,-0.059338,0.0026599,0.20711,-0.10136,0.13379,0.0012733,0.21363,0.024501,-0.0074794,-0.34109,0.21717,0.41919,0.22469,0.020532,0.13181,-0.39716,-0.25038,0.27345,0.12374,-0.12143,-0.18074,-0.39711,0.094584,-0.090324,-0.13719,0.012049,-0.075763,-0.039229,0.011789000000000001,0.15688,-0.02335,0.16338,-0.33076,-0.18249,0.093519,0.0021695,-0.045199,0.061032,0.089522,-0.20737,-0.076075,-0.0034678,-0.45569,0.22633,0.13304,-0.024562,-0.12098,0.1156,0.041367,-0.32523,0.26926,-0.051427,-0.13711,0.13399,-0.10449,-0.25288,-0.033874,0.24629,-0.30169,-0.065861,0.14263,-0.32913,-0.3438,-0.0083426,0.15197,-0.010042,-0.25865,0.18569,0.033227,0.24021,0.1493,-0.2505,-0.24408,-0.074666,-0.16855,0.41495,0.20615,0.23801,-0.47935,-0.045866,0.17132,0.15393,0.19419,0.32459,0.060273,-0.1926,-0.4645,-0.10251,-0.47803,0.10779,-0.099083,0.094644,0.2171,-0.2451,0.038611,0.18136,-0.2184,-0.028843,0.24568,-0.17102,0.20714,-0.35786,0.28606,-0.057332,-0.070956,0.42286,0.10194,-0.25562,-0.17395,0.44521,-0.005898,-0.070707,0.19114,0.27528,-0.29922,0.10444,-0.11656999999999999,0.31306,0.11465,0.087786,-0.26136,-0.27723,-0.067467,-0.087239,0.27373,0.078039,0.14428,0.048636,-0.11789,-0.060885,0.013981,0.19784,-0.14559,-0.089954,-0.14215,0.49677,-0.079612,-0.21159,0.044929,0.032401,0.34483,-0.10188,0.35973,-0.10016,-0.16349,0.094561,-0.19474,-0.16225,-0.14235,-0.077399,-0.05589,0.037976,-0.1977,0.27747,0.040151,0.19964,-0.39561,-0.21254,0.07986,0.14411,0.11744,-0.0057381,-0.1145,-0.18286,-0.29126,-0.37831,0.0021059,0.18427,-0.10075,-0.060304,-0.050726,0.046905,0.31669,-0.25944,-0.36115,-0.043424,0.16278,-0.17317,-0.070695,0.064416,0.07796,-0.11937,0.077326,-0.39173,-0.058558,0.02758,0.026398,0.069988,-0.22771,0.096064,0.084148,-0.072736,0.10497,0.13913,0.068081,-0.1168,0.073651,0.40243,-0.27093,0.086314,0.50559,-0.13243,0.049423,-0.20298,-0.050366,0.19455,-0.1117,0.34727,-0.11071,-0.22648,-0.01947,-0.13097,-0.49591,0.1172,-0.096582,0.11109,0.26622,0.10031,0.0062153,0.32114,0.15243,0.082816,0.096696,0.26895,0.020028,0.2445,0.053829,-0.15543,0.36968,0.059601,-0.090533,-0.15525,-0.0011805,0.052903,0.11728,-0.21264,-0.12852,0.0096139,-0.14518,0.032132,-0.10653,-0.33054,0.021746,0.11915,0.12611,0.11499,0.095185,-0.15569,-0.038961,-0.031971,0.014552,-0.13246,0.24571
hän,fi,she,t1,w1,0.17629,0.18567,-0.16698,0.11692,0.19372,-0.0096186,-0.23482,0.22357,0.20209,3.7042e-4,0.024863,-0.22698,-0.18516,0.081184,-0.1905,-0.19155,-0.1957,-0.090182,-0.14442,0.26019,0.073509,0.13576,0.11668,-0.06723,-0.15414,-0.075067,-0.23938,0.076162,-0.046949,0.25014,-0.16239,-0.16001,0.063922,-0.050241,-0.14051,0.080989,0.17974,-0.044493,0.14972,-0.17356,0.016144,0.20615,0.063398,0.089105,0.15212,-0.34162,0.43997000000000003,-0.059338,0.0026599,0.20711,-0.10136,0.13379,0.0012733,0.21363,0.024501,-0.0074794,-0.34109,0.21717,0.41919,0.22469,0.020532,0.13181,-0.39716,-0.25038,0.27345,0.12374,-0.12143,-0.18074,-0.39711,0.094584,-0.090324,-0.13719,0.012049,-0.075763,-0.039229,0.011789000000000001,0.15688,-0.02335,0.16338,-0.33076,-0.18249,0.093519,0.0021695,-0.045199,0.061032,0.089522,-0.20737,-0.076075,-0.0034678,-0.45569,0.22633,0.13304,-0.024562,-0.12098,0.1156,0.041367,-0.32523,0.26926,-0.051427,-0.13711,0.13399,-0.10449,-0.25288,-0.033874,0.24629,-0.30169,-0.065861,0.14263,-0.32913,-0.3438,-0.0083426,0.15197,-0.010042,-0.25865,0.18569,0.033227,0.24021,0.1493,-0.2505,-0.24408,-0.074666,-0.16855,0.41495,0.20615,0.23801,-0.47935,-0.045866,0.17132,0.15393,0.19419,0.32459,0.060273,-0.1926,-0.4645,-0.10251,-0.47803,0.10779,-0.099083,0.094644,0.2171,-0.2451,0.038611,0.18136,-0.2184,-0.028843,0.24568,-0.17102,0.20714,-0.35786,0.28606,-0.057332,-0.070956,0.42286,0.10194,-0.25562,-0.17395,0.44521,-0.005898,-0.070707,0.19114,0.27528,-0.29922,0.10444,-0.11656999999999999,0.31306,0.11465,0.087786,-0.26136,-0.27723,-0.067467,-0.087239,0.27373,0.078039,0.14428,0.048636,-0.11789,-0.060885,0.013981,0.19784,-0.14559,-0.089954,-0.14215,0.49677,-0.079612,-0.21159,0.044929,0.032401,0.34483,-0.10188,0.35973,-0.10016,-0.16349,0.094561,-0.19474,-0.16225,-0.14235,-0.077399,-0.05589,0.037976,-0.1977,0.27747,0.040151,0.19964,-0.39561,-0.21254,0.07986,0.14411,0.11744,-0.0057381,-0.1145,-0.18286,-0.29126,-0.37831,0.0021059,0.18427,-0.10075,-0.060304,-0.050726,0.046905,0.31669,-0.25944,-0.36115,-0.043424,0.16278,-0.17317,-0.070695,0.064416,0.07796,-0.11937,0.077326,-0.39173,-0.058558,0.02758,0.026398,0.069988,-0.22771,0.096064,0.084148,-0.072736,0.10497,0.13913,0.068081,-0.1168,0.073651,0.40243,-0.27093,0.086314,0.50559,-0.13243,0.049423,-0.20298,-0.050366,0.19455,-0.1117,0.34727,-0.11071,-0.22648,-0.01947,-0.13097,-0.49591,0.1172,-0.096582,0.11109,0.26622,0.10031,0.0062153,0.32114,0.15243,0.082816,0.096696,0.26895,0.020028,0.2445,0.053829,-0.15543,0.36968,0.059601,-0.090533,-0.15525,-0.0011805,0.052903,0.11728,-0.21264,-0.12852,0.0096139,-0.14518,0.032132,-0.10653,-0.33054,0.021746,0.11915,0.12611,0.11499,0.095185,-0.15569,-0.038961,-0.031971,0.014552,-0.13246,0.24571
hänen,fi,her,t1,w1,0.12741,0.2139,-0.038918,0.046945,0.029512,0.078091,-0.10276,-0.24924,0.11903,0.069969,0.035628,-0.46899,0.24468,0.367,0.088883,0.15617,-0.01333,-0.053199,-0.1767,0.010502,-0.1591,0.047263,0.07963,-0.14757,0.022084,-0.10292,0.19605,0.11538,0.1335,0.16078,-0.094222,-0.21023,0.32806,-0.25367,-0.088069,0.1079,0.30789,0.1663,-0.036666,-0.22744,0.40966,-0.14497,0.28531,0.0038507,-0.018569,-0.054795,0.15173,0.09623,-0.07178,-0.2383,-0.12525,0.12631,0.19569,0.1769,-0.033168,-0.40514,-0.51207,0.13655,0.14984,0.063426,-0.072961,0.14527,-0.41448,-0.26065,-0.14248,0.046809,-0.18225,-0.029694,-0.24924,0.28075,-0.25504,-0.05653,-0.39324,-0.13677,-0.064081,-0.24107,0.23766,-0.062251,-0.033478,-0.1563,-0.064204,0.077088,0.010968,0.12939,-0.097207,0.15324,-0.037676,-0.30866,0.27588,-0.12349,0.013074,-0.10607,0.17653,0.0094217,0.1182,-0.27814,-0.1488,0.091329,0.016952,-0.047805,0.21393,-0.34621,-0.24217,-0.14473,-0.011507,0.016262,-0.13695,0.1543,-0.19486,-0.25515,0.18181,0.24382,-0.20533,-0.34733,0.10182,0.20649,0.28535,-0.047221,-0.30882,-0.22317,0.14748,-0.116,0.47327,0.086524,0.053097,-0.39938,0.004936,0.12771,-0.17487,0.14928,0.17176,-0.14349,0.01417,-0.26089,0.11914,-0.11836,0.30054,0.069397,-0.1428,0.24512,-0.27036,0.30735,-0.026436,-0.070098,0.21289,0.068938,-0.28814,0.16287,-0.085659,0.24149,-0.041276,0.1301,0.28625,-0.1018,-0.0072695,0.46949,0.13947,0.30871,-0.29843,0.28816,0.36429,-0.65005,0.16361,-0.17369,-0.037143,0.39292,-0.063515,-0.11028,-0.26688,0.027311,-0.24987,0.21716,-0.15804,0.1267,0.31186,-0.04822,-0.072277,0.22893,0.3173,0.24205,-0.13446,0.037419,0.4405,0.27804,-0.067906,0.10537,-0.089302,0.34,0.15537,0.23217,0.10271,-0.29359,0.1066,-0.24357,0.0093536,-0.086131,-0.20088,-0.09548,-0.16107,0.0829,0.33158,-0.066456,0.24545,-0.318,-0.013454,-0.11387,0.033446,0.17358,-0.021421,0.084446,0.028602,-0.40587,-0.18826,0.01028,0.35675,-0.34228,0.18566,0.070418,-0.068572,0.22532,-0.34993,-0.26328,-0.18143,0.13851,-0.15436,-0.1271,-0.041321,0.15685,-0.23884,-0.029179,-0.094189,-0.21059,-0.36038,-0.10582,-0.094582,-0.17362,-0.098981,0.49716,0.023105,-0.32666,0.1913,-0.21545,-0.27304,0.22866,-0.071975,-0.23902,-0.030766,0.2642,-0.24639,0.10915,-0.23939,-0.13683,0.052642,-0.31332,0.14933,0.2345,0.041007,-0.44337,-0.21021,-0.35179,-0.014616,0.14969,0.16694,0.2332,-0.1459,-0.038659,0.22346,0.13066,-0.0096848,0.19589,0.12957,-0.11595,0.27429,0.11325,-0.15045,0.29755,0.23478,0.23847,-0.095451,0.088429,-0.061419,0.028627,-0.18273,-0.20052,-0.059107,-0.16444,0.22118,0.27904,-0.066179,-0.20116,0.091716,-0.17784,-0.10404,0.0086056,-0.19049,-0.13501,0.036288,0.45975,0.061677,0.13351
hänen,fi,hers,t1,w1,0.12741,0.2139,-0.038918,0.046945,0.029512,0.078091,-0.10276,-0.24924,0.11903,0.069969,0.035628,-0.46899,0.24468,0.367,0.088883,0.15617,-0.01333,-0.053199,-0.1767,0.010502,-0.1591,0.047263,0.07963,-0.14757,0.022084,-0.10292,0.19605,0.11538,0.1335,0.16078,-0.094222,-0.21023,0.32806,-0.25367,-0.088069,0.1079,0.30789,0.1663,-0.036666,-0.22744,0.40966,-0.14497,0.28531,0.0038507,-0.018569,-0.054795,0.15173,0.09623,-0.07178,-0.2383,-0.12525,0.12631,0.19569,0.1769,-0.033168,-0.40514,-0.51207,0.13655,0.14984,0.063426,-0.072961,0.14527,-0.41448,-0.26065,-0.14248,0.046809,-0.18225,-0.029694,-0.24924,0.28075,-0.25504,-0.05653,-0.39324,-0.13677,-0.064081,-0.24107,0.23766,-0.062251,-0.033478,-0.1563,-0.064204,0.077088,0.010968,0.12939,-0.097207,0.15324,-0.037676,-0.30866,0.27588,-0.12349,0.013074,-0.10607,0.17653,0.0094217,0.1182,-0.27814,-0.1488,0.091329,0.016952,-0.047805,0.21393,-0.34621,-0.24217,-0.14473,-0.011507,0.016262,-0.13695,0.1543,-0.19486,-0.25515,0.18181,0.24382,-0.20533,-0.34733,0.10182,0.20649,0.28535,-0.047221,-0.30882,-0.22317,0.14748,-0.116,0.47327,0.086524,0.053097,-0.39938,0.004936,0.12771,-0.17487,0.14928,0.17176,-0.14349,0.01417,-0.26089,0.11914,-0.11836,0.30054,0.069397,-0.1428,0.24512,-0.27036,0.30735,-0.026436,-0.070098,0.21289,0.068938,-0.28814,0.16287,-0.085659,0.24149,-0.041276,0.1301,0.28625,-0.1018,-0.0072695,0.46949,0.13947,0.30871,-0.29843,0.28816,0.36429,-0.65005,0.16361,-0.17369,-0.037143,0.39292,-0.063515,-0.11028,-0.26688,0.027311,-0.24987,0.21716,-0.15804,0.1267,0.31186,-0.04822,-0.072277,0.22893,0.3173,0.24205,-0.13446,0.037419,0.4405,0.27804,-0.067906,0.10537,-0.089302,0.34,0.15537,0.23217,0.10271,-0.29359,0.1066,-0.24357,0.0093536,-0.086131,-0.20088,-0.09548,-0.16107,0.0829,0.33158,-0.066456,0.24545,-0.318,-0.013454,-0.11387,0.033446,0.17358,-0.021421,0.084446,0.028602,-0.40587,-0.18826,0.01028,0.35675,-0.34228,0.18566,0.070418,-0.068572,0.22532,-0.34993,-0.26328,-0.18143,0.13851,-0.15436,-0.1271,-0.041321,0.15685,-0.23884,-0.029179,-0.094189,-0.21059,-0.36038,-0.10582,-0.094582,-0.17362,-0.098981,0.49716,0.023105,-0.32666,0.1913,-0.21545,-0.27304,0.22866,-0.071975,-0.23902,-0.030766,0.2642,-0.24639,0.10915,-0.23939,-0.13683,0.052642,-0.31332,0.14933,0.2345,0.041007,-0.44337,-0.21021,-0.35179,-0.014616,0.14969,0.16694,0.2332,-0.1459,-0.038659,0.22346,0.13066,-0.0096848,0.19589,0.12957,-0.11595,0.27429,0.11325,-0.15045,0.29755,0.23478,0.23847,-0.095451,0.088429,-0.061419,0.028627,-0.18273,-0.20052,-0.059107,-0.16444,0.22118,0.27904,-0.066179,-0.20116,0.091716,-0.17784,-0.10404,0.0086056,-0.19049,-0.13501,0.036288,0.45975,0.061677,0.13351
hänen,fi,his,t1,w1,0.12741,0.2139,-0.038918,0.046945,0.029512,0.078091,-0.10276,-0.24924,0.11903,0.069969,0.035628,-0.46899,0.24468,0.367,0.088883,0.15617,-0.01333,-0.053199,-0.1767,0.010502,-0.1591,0.047263,0.07963,-0.14757,0.022084,-0.10292,0.19605,0.11538,0.1335,0.16078,-0.094222,-0.21023,0.32806,-0.25367,-0.088069,0.1079,0.30789,0.1663,-0.036666,-0.22744,0.40966,-0.14497,0.28531,0.0038507,-0.018569,-0.054795,0.15173,0.09623,-0.07178,-0.2383,-0.12525,0.12631,0.19569,0.1769,-0.033168,-0.40514,-0.51207,0.13655,0.14984,0.063426,-0.072961,0.14527,-0.41448,-0.26065,-0.14248,0.046809,-0.18225,-0.029694,-0.24924,0.28075,-0.25504,-0.05653,-0.39324,-0.13677,-0.064081,-0.24107,0.23766,-0.062251,-0.033478,-0.1563,-0.064204,0.077088,0.010968,0.12939,-0.097207,0.15324,-0.037676,-0.30866,0.27588,-0.12349,0.013074,-0.10607,0.17653,0.0094217,0.1182,-0.27814,-0.1488,0.091329,0.016952,-0.047805,0.21393,-0.34621,-0.24217,-0.14473,-0.011507,0.016262,-0.13695,0.1543,-0.19486,-0.25515,0.18181,0.24382,-0.20533,-0.34733,0.10182,0.20649,0.28535,-0.047221,-0.30882,-0.22317,0.14748,-0.116,0.47327,0.086524,0.053097,-0.39938,0.004936,0.12771,-0.17487,0.14928,0.17176,-0.14349,0.01417,-0.26089,0.11914,-0.11836,0.30054,0.069397,-0.1428,0.24512,-0.27036,0.30735,-0.026436,-0.070098,0.21289,0.068938,-0.28814,0.16287,-0.085659,0.24149,-0.041276,0.1301,0.28625,-0.1018,-0.0072695,0.46949,0.13947,0.30871,-0.29843,0.28816,0.36429,-0.65005,0.16361,-0.17369,-0.037143,0.39292,-0.063515,-0.11028,-0.26688,0.027311,-0.24987,0.21716,-0.15804,0.1267,0.31186,-0.04822,-0.072277,0.22893,0.3173,0.24205,-0.13446,0.037419,0.4405,0.27804,-0.067906,0.10537,-0.089302,0.34,0.15537,0.23217,0.10271,-0.29359,0.1066,-0.24357,0.0093536,-0.086131,-0.20088,-0.09548,-0.16107,0.0829,0.33158,-0.066456,0.24545,-0.318,-0.013454,-0.11387,0.033446,0.17358,-0.021421,0.084446,0.028602,-0.40587,-0.18826,0.01028,0.35675,-0.34228,0.18566,0.070418,-0.068572,0.22532,-0.34993,-0.26328,-0.18143,0.13851,-0.15436,-0.1271,-0.041321,0.15685,-0.23884,-0.029179,-0.094189,-0.21059,-0.36038,-0.10582,-0.094582,-0.17362,-0.098981,0.49716,0.023105,-0.32666,0.1913,-0.21545,-0.27304,0.22866,-0.071975,-0.23902,-0.030766,0.2642,-0.24639,0.10915,-0.23939,-0.13683,0.052642,-0.31332,0.14933,0.2345,0.041007,-0.44337,-0.21021,-0.35179,-0.014616,0.14969,0.16694,0.2332,-0.1459,-0.038659,0.22346,0.13066,-0.0096848,0.19589,0.12957,-0.11595,0.27429,0.11325,-0.15045,0.29755,0.23478,0.23847,-0.095451,0.088429,-0.061419,0.028627,-0.18273,-0.20052,-0.059107,-0.16444,0.22118,0.27904,-0.066179,-0.20116,0.091716,-0.17784,-0.10404,0.0086056,-0.19049,-0.13501,0.036288,0.45975,0.061677,0.13351
häntä,fi,him,t1,w1,0.22044,-0.43756,0.18616,-0.19497,-0.1157,-0.11286,-0.36562,0.013562,-0.04469,-0.13536,0.41975,-0.31836,-0.12861,0.33059,0.0041532,0.23307,0.083206,-0.35083,-0.29419,0.32825,0.094131,-0.027008,0.060705,0.055836,-0.11879,-0.097567,-0.21432,-0.18237,-0.59255,0.21046,-0.039176,-0.2017,0.37886,-0.10152,0.51434,0.49145,0.20443,0.1008,0.37512,-0.10191,0.14063,0.08875,0.51516,0.013236,-0.028362,-0.4879,0.11514,0.028212,0.1538,0.48091,0.19104,0.54429,0.3486,0.12803,0.20009,-0.48592,-0.16603,0.20998,0.3695,-0.070822,0.36119,0.3233,-0.04247,-0.43577,-0.14383,0.28085,-0.56491,0.10262,-0.47775,-0.29047,0.094627,0.3364,-0.37196,-0.13473,0.2662,-0.17061,0.17813,-0.030814,-0.39669,-0.186,-0.065787,0.24676,0.056803,-0.50433,-0.00206,0.020975,0.34412,-0.22918,0.054453,0.084015,0.19027,0.1379,0.55185,-0.10254,0.096259,-0.43472,-0.14934,-0.23221,-0.28411,-0.40251,0.44934,0.034461,-0.37664,-0.92906,0.047101,-0.3474,0.18454,-0.22948,0.1311,-0.41538,0.25213,0.078053,-0.09446,-0.24758,-0.19465,0.014004,-0.18389,-0.14248,-0.34616,-0.20325,-0.10027,-0.056552,0.32153,-0.066557,-0.021772,-0.49158,-0.2891,0.13163,-0.0043345,-0.14539,0.13995,-0.1433,-0.11589,-0.48193,-0.18616,-0.068438,0.22992,0.17056,0.047972,0.075744,-0.084757,0.19931,0.049001,0.13985,0.010279,0.38958,-0.16784,0.17222,0.10935,0.10823,-0.2425,-0.0027915,0.41913,-0.12178,-0.064611,0.060466,0.16515,-0.06739,-0.16011,0.31514,0.27023,0.018724,-0.051652000000000003,0.040085,-0.05325,-0.24002,-0.051353,-0.17025,-0.019275,-0.26677,-0.26892,-0.010933,0.1849,0.018979,0.52258,0.048545,0.19637,-0.083543,0.042791,0.39304,-0.13424,-0.3424,0.43917,0.19353,-0.2446,-0.0047029,-0.17811,0.26698,0.20821,-0.024258,0.014172,-0.038088,-0.10035,0.066652,0.23483,0.35658,-0.062267,-0.19807,0.14392,-0.13787,0.11136,-0.046541,0.53199,-0.22221,-0.21036,0.3461,-0.14696,-0.069051,-0.28672,0.16858,-0.17352,-0.59135,-0.22305,-0.24592,0.1819,-0.20582,0.27427,-0.042955,0.18539,0.41957,-0.33767,-0.21191,-0.022474,0.21098,-0.041517,0.053571,0.014446,0.2341,-0.35056,-0.11205,-0.13814,-0.076302,0.1245,-0.082642,-0.14421,-0.41774,-0.039474,0.56502,-0.43041,-0.13292,0.19567,-0.2381,0.16723,0.071703,0.1987,-0.12638,0.021434,0.25735,0.068592,-0.10747,-0.23627,-0.23597,-0.25627,-0.20593,0.42794,0.024414,-0.37014,-0.46452,-0.32192,-0.41217,0.098359,0.32441,0.20111,-0.023017,-0.035146,0.060954,0.098104,-0.15171,0.41734,-0.028938,0.44986,-0.054865,0.35077,-0.38462,-0.13233,0.36357,-0.34424,-0.2861,-0.1455,0.58176,0.39057,0.12242,-0.073734,-0.43,0.45721,0.049961,0.50408,0.018283,-0.15871,-0.24738,0.26517,0.25058,0.15652,0.13967,-0.075765,-0.16452,0.11555,0.62289,0.22443,0.34053
häät,fi,wedding,t1,w1,0.38326,0.15855,-0.31188,-0.77776,0.35034,7.9676e-4,-0.36918,0.2716,-0.27621,-0.10711,0.32461,-0.017308,0.3436,0.72299,0.007315,0.5779,-0.21466,-0.4604,0.35574,0.015548,0.28627,0.070705,0.14921,-0.15898,0.049719,-0.27577,-0.21406,0.19638,0.84525,0.22787,-0.6008,0.063457,0.052186,0.51607,0.28176,-0.1186,0.21486,-0.0082273,0.27793,0.27528,-0.43258,0.70531,0.94752,-0.25178,0.63722,-0.056863,0.84962,0.16023,-0.077371,0.44711,-0.17359,0.60537,0.065536,0.69406,-0.49925,-0.076367,-0.15366,-0.22094,0.14463,0.12996,0.2593,0.35413,0.014055,0.036481,0.30885,0.6279,-0.14253,0.2926,-0.22852,-0.049273,0.083948,0.39839,-0.36168,-0.085379,-0.061735,-0.34816,-0.55087,0.72853,0.01552,-0.094534000000000007,-0.041614,0.56122,0.30727,0.71542,-0.11104,-0.06455,-0.092252,-0.49887,0.2878,-0.51062,0.30813,-0.15135,-0.084515,-0.5244,0.10657,-0.71036,-0.33914,0.10617,-0.049466,0.11358,0.11982,0.28046,0.074741,-0.46715,0.11891,0.39444,0.32581,-0.28176,0.26233,-0.057496,-0.34785,0.37628,-0.50438,-0.034706,0.25339,-0.55217,-0.068123,0.21071,-0.10266,-0.13867,-0.49921,0.15905,-0.19252,0.27203,0.50068,0.061696,-0.16324,0.19435,-0.10361,0.36169,0.62243,0.26321,-0.32366,-0.045948,0.14516,0.2108,0.053397,0.50741,-0.076897,0.50727,-0.10269,0.081518,0.20043,0.14822,0.49353,-0.29625,0.60403,0.86444,0.55092,0.16071,-0.12758,0.41921,-0.4165,-0.13133,-0.27224,-0.053179,-0.054638,-0.79224000000000006,-0.15379,0.15132,0.16727,0.083429,-0.2467,0.13859,-0.63524,-0.05095,0.17045,0.38422,0.44714,0.069502,-0.18967,-0.068166,0.14842,-0.056875,-0.0072217,-0.65172,1.1006,0.73341,-0.61337,0.14319,-0.081431,0.015538,-0.062356,0.033808,-0.27223,-0.24932000000000001,-0.49771,-0.074738,0.11077,0.22329,-0.23942,0.35002,0.044416,-0.45649,0.11028,-0.379,0.66446,-0.25545,-0.038715,-0.23117,0.52705,-0.22878,0.87092,-0.29742,-0.35245,-0.074558,-0.15339,-0.2199,-0.78131,-0.047601,-0.41672,-0.25401,0.069454,0.019328,0.3742,-0.22633,-0.15398,0.1038,-0.09047,-0.084427,0.10297,-0.69677,-0.27381,0.51346,0.42237,-0.56447,0.33913,0.37872,0.3289,0.11092,0.054128,-0.69507,0.40579,0.43085,0.23836,0.11706,-0.43477,-0.45109,-0.19344,-0.68526,0.82504,-0.1553,-0.023535,-0.026554,-0.062066,0.31904,0.0055884,0.48201,-0.12628,-0.4909,-0.46117,-0.25808,-0.63815,-0.062875,-0.36183,0.048353,-0.03016,-0.42196,-0.17689,-0.51593,0.22982,0.20676,-0.13608,-0.51777,0.15878,0.50097,0.017239,0.0069352,0.0043406,-0.19156,0.31342,-0.17278,0.45242,-0.20412,0.15685,0.38958,0.57464,-0.20789,0.10494,0.827,-0.36668,0.3115,0.41519,0.17005,0.36389,-0.32976,-0.047187,-0.53103,-0.034113,-0.34454,0.29796,0.014981,-0.010935,0.019567,0.33309,-0.25568,0.095238,0.42343,-0.12204,-0.29955
johtaja,fi,executive,t1,w1,0.32337,0.23701,0.027283,0.1248,0.21016,0.13281,-0.25371,0.11803,0.44728,0.45582,-0.53916,-0.13102,0.29354,0.53907,-0.16259,0.047073,-0.034739,0.11211,0.065825,0.24619,-0.20496,0.2714,0.47116,-0.14815,0.31913,0.051556,-0.39297,0.13448,0.20768,0.064228,-0.60202,-0.46714,-0.063923,-0.25661,-0.336,0.19436,-0.01638,-0.86812,-0.26485,0.33879,-0.21549,0.17152,0.16914,8.0041e-5,-0.14214,-0.048304,0.54549,0.14466,0.11143,0.82412,0.0216,0.56012,0.32741,0.22174,-0.12265,-0.28511,0.086443,-0.19707,0.1976,0.46866,-0.23681,-0.31136,0.081005,-0.28624,-0.48107,1.0047,-0.15927,0.049142,-0.45753,0.47804,-0.18567,0.15208,-0.078121,-0.13361,-0.21018,0.29693,0.10192,0.19743,0.17863,-0.29873,-0.16539,0.26663,0.12501,-0.73092,-0.041818,0.15209,0.24752,-0.04411,-0.045446,-0.22402,0.1435,0.21382,0.42332,0.15152,-0.06598,0.0023878,-0.34442,0.21933,-0.011317,-0.31443,0.75166,0.52178,0.11024,-0.32161,0.13298,-0.3872,-0.22507,-0.4106,0.10582,-0.077972,-0.26399,0.17724,-0.28403,-0.058569,-0.21595,-0.27516,0.29231,0.22503,-0.047899,-0.27338,0.37484,0.089354,0.16277,0.46961,0.41398,-0.1414,-0.18302,0.43969,0.10265,0.26545,0.13879,0.18152,-0.054388,-0.13766,-0.14151,-0.43165,0.05723,-0.13396,0.70246,-0.12245,0.031496,0.21735,0.0097574,8.5731e-4,-0.24319,0.46392,-0.014845,0.055205,0.85855,0.12404,-0.36922,0.2146,0.53828,0.19884,0.22739,-0.039255,0.30205,-0.13212,0.21568,-0.46104,0.14655,-0.52771,0.0097799,0.43477,0.056038,-0.46528,0.11606,-0.29547,-0.1924,0.67653,-0.40406,-0.0023724,0.25383,0.030357,0.44086,0.38672,0.33185,0.23615,0.40286,-0.50191,-0.36841,-0.36483,0.53318,-0.1732,-0.032684,-0.095654,0.19583,0.42302,-0.23484,0.056315,0.19438,-0.30788,-0.082339,0.093701,-0.06184,-0.41004,0.22191,0.46424,-0.39279,0.058632,-0.35628,-0.19873,0.32956,-0.11343,-0.45804,-0.38712,-0.074907,-0.024127,0.020065,0.016211,-0.28597,-0.36275,-0.38086,0.34478,0.22893,-0.46216,0.36462,-0.17182,-0.40731,-0.28059,-0.5289,0.23623,-0.1297,0.053829,0.012043,-0.15553,0.15752,-0.0257,-0.043449,-0.080262,-0.46862,-0.53033,-0.17757,0.72603,0.31677,-0.10511,0.18119,-0.54277,0.27492,0.14866,-0.34426,-0.13111,0.12476,0.057814,-0.33619,-0.4688,0.29159,0.064631,-0.4952,-0.19783,-0.2691,-0.12361,0.0089137,-0.092358,0.3101,-0.24947,-0.34062,-0.4404,-0.36901,-0.36676,-0.35803,0.1169,0.34093,-0.078906,0.038997,0.12228,0.40529,0.191,0.20247,-0.38382,0.46662,-0.27737,-0.10288,-0.34904,0.058866,0.23855,0.080775,-0.0011243,0.11659,-0.54832,-0.2616,-0.025493,-0.19457,-0.44252,0.28336,-0.28868,0.48593,0.39233,-0.52872,-0.26588,-0.25404,0.15363,0.26711,-0.068374,-1.6538e-4,-0.1579,0.1816,0.34335,0.28531,-0.21513
johto,fi,management,t1,w1,0.33367,-0.22971,0.27591,0.30024,0.3863,0.15898,0.16696,0.19489,0.62963,0.38658,-0.12688,0.26534,0.022151,-0.14184,-0.33462,0.18281,-0.30146,0.055686,0.10616,-0.097175,0.18272,0.30442,0.39242,-0.10705,0.128,0.59032,-0.27247,-0.17866,0.095014,0.56862,-0.025404,-0.11426,0.26302,-0.68413,-0.25439,0.11682,0.0057113,-0.4603,-0.15484,-0.24925,-0.17088,0.31552,-0.046216,-0.30066,0.076491,-0.10646,0.51821,-0.083895,0.14522,-0.078974,0.020966,0.57414,0.46051,0.27828,0.10189,-0.29182,-0.29331,-0.072318,0.1096,-0.30302,-0.43799,-0.044747,-0.094945,-0.050552,-0.2081,0.71157,-0.13228,-0.27853,-0.49426,0.10324,-0.15147,0.47325,-0.094951,-0.12326,0.19294,0.47996,0.15734,0.20761,0.13436,0.071023,0.059367,0.39128,-0.062574,-0.072117,0.18892,-0.22279,0.088137,0.34484,-0.11034,-0.090509,0.40565,-0.14042,0.42125,0.19374,0.023318,-0.1608,-0.21899,-0.2528,0.14787,-0.37919,0.62462,0.32841,0.0047417,-0.21491,0.34672,0.096412,0.25338,-0.17265,-0.059881,0.087048,-0.14124,0.1727,0.036897,-0.30326,-0.28582,-0.36456,0.0071178,-0.20625,0.18116,-0.41566,0.57161,0.074496,-0.14678,0.31952,0.63442,-0.11006,-0.18976,-0.012152,-0.3257,0.52787,0.057606,0.34316,0.017646,0.10087,-0.14114,-0.16738,0.36146,-0.10812,0.42241,-0.11719,0.074942,0.39211,0.087243,-0.35432,-0.12509,0.31315,0.34147,0.41036,0.77225,-0.1378,-0.42677,-0.27226,0.18962,0.13376,-0.045713,0.061446,0.38597,0.049951,-0.32954,-0.38548,-0.22896,-0.10814,-0.1298,0.059355,0.10025,-0.02622,-0.51153,-0.20195,-0.29422,0.31894,-0.12212,0.48384,0.31459,0.14417,0.36401,0.48034,0.26816,0.081871,0.28389,0.081984,-0.15904,-0.37054,0.055787,0.30181,0.35189,-0.61243,0.24695,0.12254,-0.65637,0.29116,-0.27471,-0.35014,0.44383,-0.2758,-0.27631,-0.12404,0.013325,0.036808,-0.063999,-0.32958,-0.25799,0.0061286,0.16871,-0.32178,-0.064478,-0.014273,0.066264,0.38155,0.064783,-0.067591,0.0014654,-0.12706,-0.22167,0.35943,0.28639,-0.24558,0.19242,0.31743,-0.28047,-0.14058,-0.5295,7.6503e-4,0.23091,0.063013,0.071083,-0.066528,0.10621,0.15238,-0.25101,0.28757,-0.016219,-0.21591,-0.063891,0.90889,0.699,-0.091525,-0.34014,-0.45848,0.11585,0.21864,-0.11272,-0.24143,-0.15626,-0.30349,-0.38147,-0.49499,-0.038425,0.45876,-0.6027,-0.0014477,-0.43564,-0.34322,0.10031,-0.16698,0.1756,-0.028499,-0.19241,-0.4003,-0.15769,-0.4131,-0.15248,0.063609,0.014408,0.087792,0.1623,-0.057821,0.42642,-0.10674,-0.3325,-0.24966,0.42595,-0.21104,-0.004155,-0.33807,-0.50106,-0.19314,-0.12719,-0.10903,0.002663,-0.31279,0.1945,0.058713,-0.052444,-0.0028739,-0.041299,-0.31789,0.32489,0.43018,-0.50986,0.36072,0.012244,0.23191,0.23577,-0.13596,0.20313,0.22888,0.12913,-0.0048492,0.35285,-0.15297
koti,fi,home,t1,w1,0.26005,-0.089517,-0.12826,0.35427,0.13441,0.009465,-0.22077,-0.26426,-0.5623,0.67312,0.41861,-0.16238,0.23256,-0.14303,0.13428,0.065204,-0.20416,-0.37461,0.47346,0.0040884,0.22089,-0.038186,0.3402,-0.26333,0.20992,-0.06431,0.48029,0.62064,-0.1844,0.10684,-0.69235,-0.25165,-0.08185,0.16396,0.015914,0.38844,0.17355,0.58439,0.40504,0.025469,0.31468,0.39905,0.098246,0.30893,0.036595,0.22652,0.53188,0.10838,0.59161,-0.2334,0.18397,0.11355,-0.17601,0.10116,-0.46162,0.24388,0.1035,-0.11546,0.40427,0.29271,-0.049954,-0.052595,-0.21185,0.29852,0.25058,0.09391,-0.35739,-0.030176,0.07818,-0.26019,0.14639,-0.044982,-0.17778,-0.41277,-0.42156,0.16168,-0.35712,0.0080019,0.31231,-0.24331,0.051027,0.22481,0.43001,-0.33686,0.13938,-0.010829,0.18,0.14942,-0.0044125,-0.48503,-0.20075,-0.020021,0.094974,-0.48795,0.051421,0.044124,-0.22601,0.55424,0.27112000000000003,0.21933,-0.17107,0.10226,0.51056,0.43868,0.14593,0.089347,0.42759,0.80582,-0.14906,0.58374,0.44914,-0.16208,0.17814,0.37683,0.16872,0.032058,-0.009432,0.021886,0.021665,-0.089756,0.24789,0.2994,-0.23491,0.74224,0.015448,-0.26458,0.029883,0.29859,-0.65134,-0.030095,0.5681,0.37404,-0.041223,-1.0069,0.076729,-0.22517,0.31844,-0.030694,0.053871,0.25003,-0.081571,0.40139,-0.19545,-0.11828,-0.0010345,0.21494,0.36696,0.33677,0.26337,0.33485,0.14699,-0.067858,-0.018888,0.26547,0.058453,0.58521,0.49163,0.11319,-0.087023,-0.25339,-0.29562,-0.10932,0.066225,-0.048935,-0.33171,0.061204,0.078212,0.0040557,-0.33927,0.48451,-0.010471,-7.2802e-4,-0.33444,-0.064401,0.30858,-0.16993,0.36525,-0.25544,-0.26036,0.24554,-0.24764,0.16442,0.16975,-0.095462,-0.3942,0.20204,0.33023,0.08075,0.16126,0.55089,-1.0174,0.6033,-0.07659,-0.18018,-0.2059,-0.025713,0.18171,-0.47027,-0.48179,0.23061,-0.50079,-0.021033,0.11739,-0.81365,0.21568,-0.10094,0.067966,0.38752,-0.25833,-0.17748,-0.048259,-0.59219,0.27979,0.36721,-0.1548,-0.13517,0.01378,0.32376,-0.19846,-0.10509,-0.07805,-0.45709,0.020666,-0.10995,0.087566,-0.49569,-0.25495,-0.053988,-0.23242,-0.57697,-0.022411,-0.19391,-0.22159,0.033542,0.21764,0.062505,-0.084985,-0.57492,0.069665,-0.31727,-0.034331,-0.0019493,0.0091015,0.14276,-0.010224,-0.074272,-0.23941,0.13451,-0.098781,0.73399,-0.081401,0.16179,0.13552,0.37562,-0.29376,0.0070625,-0.68302,0.26722,-0.26151,0.03754,-0.24922,0.049682,0.062667,0.02268,0.013922,0.54258,0.65869,-0.33788,-0.095838,0.42672,0.52574,0.29282,0.33945,-0.31552,-0.31828,0.44529,0.6396,-0.33508,-0.66963,-0.0031111,-0.12422,0.29998,0.17152,-0.53124,0.40601,-0.23573,-0.14021,0.27948,0.24184,-0.45641,0.18124,0.19206,-0.23812,0.30869,0.22783,-0.0084657,0.18249,0.15218,0.16334,-0.0030499
lapset,fi,children,t1,w1,0.21222,0.027166,0.0081239,-0.47844,0.19952,-0.21098,-0.14821,-0.1727,-0.23667,0.072322,0.2675,-0.096535,0.2426,0.50706,-0.03269,0.0035051,-0.26885,-0.19847,0.11184,0.18319,-0.28886,-0.5956,-0.061554,-0.27754,0.18773,0.16907,0.26707,0.41018,0.32443,-0.23727,-0.26896,0.064278,0.1098,0.15069,0.17278,-0.16998,0.66295,0.29134,-0.27559,0.17608,-0.31819,-0.055733,0.46061,-0.27642,0.11476,0.34204,0.59443,0.27597,-0.58597,-0.14013,-0.3188,0.16227,-0.17662,0.4185,-0.52132,-0.51069,0.10663,0.091449,0.5227,-0.28379,0.13404,0.17108,-0.64371,0.13037,-0.40362,0.57001,-1.0618,-0.025515,0.12425,0.18594,0.26438,0.34326,0.073343,0.23488,0.064516,-0.24778,-0.29632,0.10052,0.35319,0.082676,-0.013388,0.27412,-0.16665,0.19765,-0.51647,0.17982,0.46782,-0.34583,0.23391,-0.29188,-0.37506,0.26107,0.26867,-0.19134,0.013022,-0.24287,0.12304,-0.14883,-0.23455,0.26675,-0.015649,-0.6477,0.27927,-0.13049,0.27449,-0.28537,0.076513,0.024349,-0.32203,0.023702,0.1781,0.31078,0.038955,-0.14331,-0.32686,-0.37373,0.19569,-0.034332,0.095204,-0.074918,0.10528,0.08226,0.61256,0.54379,0.25327,-0.29217,0.19129,0.16992,-0.37585,-0.12415,0.34593,0.15692,-0.52167,0.23891,-0.099201,-0.27501,0.49196,0.38823,0.46176,-0.0058046,0.47641,0.28032,0.2228,-0.23317,0.43203,-0.070922,0.073195,0.64032,0.71511,0.30737,0.10194,0.059737,-0.002153,-0.049512,0.048452,0.64569,0.27581,-0.5312,0.28717,0.20908,0.55791,0.24827,-0.18251,0.25884,-0.070266,0.29917,-0.20079,-0.22052,0.04775,0.072423,0.11416,-0.088857,0.068959,0.079329,-0.47255,0.27025,-0.22495,0.027555,-0.72643,0.42004,0.11555,0.085253,0.13137,-0.19043,-0.12474,0.36371,-0.076528,-0.14112,0.30489,-0.52553,-0.12364,-0.21128,0.065586,0.2149,-0.46163,-0.24695,0.37071,-0.43095,0.15059,-0.30643,-0.18152,0.11655,0.16692,-0.30839,-0.1215,-0.074478,0.11527,0.24763,-0.41346,-0.056593,-0.38534,-0.57506,-0.37756,-0.37702,0.0087084,-0.16858,0.22403,0.016,0.44329,0.26874,-0.27805,-0.60167,0.21383,0.16287,0.16919,-0.14539,0.46163,-0.12238,0.078317,0.23557,-0.14147,-0.21815,-0.15473,-0.40696,-0.31344,0.076096,0.44356,-0.13842,0.028541,-0.12182,0.061653,0.18161,0.048222,-0.044147,-0.35274,-0.23752,-0.13355,0.59532,-0.19913,0.018367,0.14946,0.094582,-0.040888,0.1467,-0.3266,-0.30627,0.1539,-0.36855,-0.064623,0.1301,-0.0087534,0.12224,-0.12615,-0.12834,0.44475,0.45904,-0.55977,-0.72751999999999994,0.4008,0.1204,0.42615,0.22274,0.058795,0.11485,0.054344,-0.072241,0.57301,-0.013556,-0.34202,0.50348,0.10824,-0.47623,0.07817,-0.37468,0.38008,-0.46312,0.12026,0.099604,0.2757,-0.28394,0.50719,0.27195,-0.19309,0.1271,-0.76841,-0.44644,0.21685,0.23587,0.036149,-0.22536
liiketoiminta,fi,business,t1,w1,0.67014,0.16029,0.33721,0.25099,0.25372,0.0048874,-0.45662,0.20913,0.27318,0.14818,0.015034,-0.095932,0.21671,-0.18457,-0.42849,-0.0039411,-0.31038,-0.44749,0.63158,-0.058557,-0.39442,0.24276,0.60998,-0.28671,0.060363,0.14998,0.093729,-0.10032,-0.087595,0.37213,-0.44612,0.26362,0.27672,0.067833,-0.76667,0.73275,0.2922,0.067917,-0.36201,-0.54459,9.2476e-5,0.078828,-0.080858,-0.29463,-0.16103,0.28937,0.34624,0.239,-0.47393,-0.30951,-0.43222,0.55827,0.32118,0.36368,0.10453,-0.026187,-0.17515,0.7009,-0.07944,-0.10989,-0.064122,0.4911,0.13508,0.32945,0.40202,0.52998,0.32055,0.18508,-0.13168,-0.027802,-0.093076,0.33153,-0.37046,-0.22829,-0.063398,0.35761,0.18848,0.045223,0.10638,-0.36899,0.53457,-0.17722,-0.060113,-0.16324,0.093611,0.36905,-0.17312,0.26424,-0.23056,-0.8509,0.86329,-0.318,0.055436,-0.19854,-0.13903,-0.53341,-0.069624,-0.48412,-0.1487,0.42714,0.34075,0.54001,0.58117,-0.31452,0.3009,0.11062,0.10385,0.4225,-0.019322,-0.13309000000000001,0.059551,0.2091,0.13107,0.23104,0.021247,0.019842,0.26106,-0.062121,0.11149,-0.53333,0.31439,0.39339,0.13857,0.40639,0.25485,0.16198,0.13933,-0.049831,-0.19254,0.42616,0.5849,0.0091486,0.4656,0.15712,-0.090274,0.090044,-0.31684,-0.27298,0.12571,0.17538,-0.036295,0.31944,0.63145,-0.35917,0.3142,0.69576,-0.057189,-0.078966,0.46929,0.49114,0.25785,-0.358,0.046932,0.18975,-0.13849,0.13481,0.43772,-0.066906,-0.23793,-0.10827,-0.50998,-0.27793,-0.2656,-0.12702,-8.2188e-4,0.49166,-0.39047,-0.21634,0.28724,0.31628,0.0064176,0.18971,0.062288,0.31004,0.092077,0.01837,-0.39947,-0.21294,0.050678,-0.2284,-0.079745,0.0056758,-0.26662,0.25653,0.062113,-0.077611,-0.19544,-0.32316,0.10825,0.048848,-0.35257,0.39371,0.40992,0.63403,-0.23816,0.18373,0.095032,-0.070508,-0.11724,-0.14072,-0.51462,0.61411,0.18125,-0.25949,0.15671,0.17338,-0.14582,-0.069322,0.019383,0.20739,0.31618,-0.585,0.30296,0.1066,0.17461,-0.022605,-0.076523,0.34568,-0.44673,0.15939,-0.52358,-0.095153,0.060737,-0.26913,0.028046,-0.16499,0.22818,-0.031317,-0.14188,0.013965,-0.14765,0.13316,-0.31133,0.39802,-0.20144,-0.03307,-0.42082,0.10665,0.057291,-0.13806,0.2762,-0.027975,-0.29372,0.12129,-0.46011,-0.092135,-0.50235,0.1459,-0.83433,0.0072919,0.064654,-0.613,-0.3866,0.18286,0.090489,-0.067067,-0.17203,0.14331,-0.1343,-0.21355,0.38115,0.02462,0.15535,0.35314,0.19405,-0.34611,0.18818,-0.16409,0.24106,-0.5566,0.043428,-0.10785,-0.004354,0.36634,-0.16515,0.49704,0.053095,-0.34105,0.47057,0.010748,-0.18562,0.22692,-0.27164,-0.38633,-0.19965,-0.19002,0.017176,0.37684,0.14013,-0.22409,-0.3034,-0.030754,-0.20817,-0.049698,0.41296,-0.15315,-0.10872,0.16428,0.11522,0.13733
mies,fi,man,t1,w1,0.12985,0.63751,0.57523,0.43864,0.086225,0.15332,-0.41213,0.037895,-0.060892,-0.15749,0.12825,-0.017798,-0.15882,0.028671,-0.5977,0.16509,-0.17309,0.083809,-0.51784,0.26149,-0.053741,0.11714,-0.095912,-0.088691999999999993,-0.024935,-0.084551,0.10176,0.35509,-0.21603,0.036153,-0.35064,-0.33776,0.45571,0.36252,-0.3258,0.27839,0.15749,-0.28238,-0.056897,-0.29128,-0.15896,0.20874,0.26998,-5.4794e-4,0.56446,-0.02589,0.63321,-0.20616,0.17836,-0.1044,-0.5632,0.19537,0.023503,0.21023,-0.42207,-0.23553,-0.0045026,-0.22305,0.47916,-0.32385,-0.10643,-0.030307,-0.2917,-0.10663,0.17067,0.19395,-0.34673,-0.2896,-0.11184,-0.14015,0.37098,0.26262,0.019548,-0.37457,-0.27182,0.088955,-0.043814,0.12715,0.061062,-0.059427,0.0059531,0.23649,-0.15389,0.18145,-0.11226,0.13067,0.0016014,0.19143,0.37807,-0.46996,-0.30384,-0.31281,-0.43155,0.09615,0.2195,-0.29785,-0.42517,0.27241,-0.12927,-0.18059,0.26473,-0.061552,-0.27903,-0.16983,0.055374,0.092914,0.076816,-0.058961,0.27619,0.37171,0.044525,-0.042103,-0.53486,-0.28587,-0.040999,0.18458,0.445,-0.089433,-0.34342,-0.11036,-0.22133,-0.085415,-0.25724,0.70385,0.17298,-0.27131,-0.12053,0.21504,-0.33307,0.015519,0.15206,-0.11082,-0.29048,-0.55074,-0.48462,-0.27666,-0.02834,-0.16276,0.52236,0.092993,0.2731,0.49228,-0.16906,0.047446,0.081713,-0.2185,0.0649,0.30214,0.29023,0.70821,0.22442,0.095157,0.20446,0.029319,0.037666,0.060887,0.68035,-0.12601,0.0023176,0.10981,-0.017579,0.1539,-0.35604,0.15248,0.25029,0.25034,0.042404,-0.45293,-0.10402,0.042481,0.28245,-0.24841,0.62321,0.10288,0.018184,-0.13088,0.41029,-0.01896,0.088089,0.43873,-0.019874,0.087903,0.44419,-0.17509,-0.33212,0.0086734,0.16082,0.1717,0.16068,0.27636,0.12005,-0.177,0.065995,0.22652,-0.20251,-0.28933,-0.23867,-0.21514,-0.64019,-0.070985,0.010363,-0.072992,0.50082,-0.37374,-0.15772,-0.090288,-0.23179,-0.073091,0.15355,0.21778,-1.0484,-0.4861,0.067581,0.30749,-0.18316,-0.15878,0.046816,-0.24395,0.1306,0.34845,-0.32771,-0.25953,0.058532,0.19441,-0.28115,0.31278,0.14146,0.24902,-0.15961,0.0074509,0.12312,-0.29369,-0.2067,0.0039082,0.10673,-0.27752,0.12699,-0.1447,0.12397,-0.21946,-0.41066,0.21123,0.1753,-0.044639,0.057024,-0.21658,-0.0093798,0.11839,0.10522,-0.0057734,-0.26661,-0.162,0.29955,0.093057,-0.0184,-0.25784,-0.16155,-0.3559,0.10678,-0.063377,0.35849,0.25169,-0.45042,-0.07524,-0.026945,-0.0588,0.048414,-7.9697e-4,-0.05208,0.082362,0.20442,-0.019025,0.49544,-0.11001,-0.039943,0.42977,0.021228,0.076625,0.47816,0.32189,0.073957,0.13768,0.077553,-0.19664,0.34752,-0.37792,0.12384,-0.19985,-0.20488,0.10512,0.65883,-0.41661,-0.12667,0.061229,-0.10628,0.2835,0.04488,0.3387,-0.23428,-0.0073386
nainen,fi,female,t1,w1,0.23377,0.48157,0.53752,0.39987,0.099301,0.20061,-0.48495,0.087762,-0.19049,-0.27344,0.2174,-0.19434,-0.033584,-0.094032,-0.54976,0.1651,-0.33562,-0.16483,-0.51632,-0.050602,0.06453,0.1296,-0.16092,0.037656,-0.099589,0.18344,-0.095183,0.52704,0.033569,0.11955,-0.4524,-0.077949,0.43118,0.15724,0.097308,0.17752,0.24966,-0.2263,-0.022587,-0.23316,-0.18355,0.37168,0.14033,-0.05429,0.60179,0.041234,0.33979,-0.25243,-0.23421,-0.080182,-0.46545,0.32316,-0.062421,0.26612,-0.5826,-0.36047,0.12773,-0.14868,0.49275,-0.025959,-0.019548,0.2229,-0.47616000000000003,-0.12771,0.27957,0.17426,-0.1152,0.0032782,0.049806,0.10626,0.24923,-0.096235,-0.35675,-0.10839,-0.22605,-0.098436,0.083449,0.47589,-0.28544,0.051763000000000003,-0.37264,0.22317,-0.12551,0.39541,-0.48411,0.068897,0.41967,0.2735,0.57137,-0.13197,-0.26327,-0.082312,-0.25687,-0.064373,0.25471,-0.27645,-0.31355,0.32774,-0.27698,-0.40569,0.52302,-0.21697,0.26766,0.11066,-0.14545,0.069899,0.095073,-0.2094,-0.14037,0.16461,0.095677,-0.038173,-0.15466,-0.59258,0.063014,0.10978,0.10115,0.13376,-0.19026,-0.026489,-0.30299,0.080645,0.11551,0.50971,0.15691,-0.56364,0.092676,-0.068177,-0.091757,0.16805,0.28064,0.21331,-0.4136,-0.72396,-0.19892,-0.17472,-0.0101,0.024684,0.28659,0.2099,0.14102,0.30094,-0.12194,0.14069,0.10874,-0.17426,0.031668,0.12695,0.49206,0.24406,-0.082244,0.26868,0.41133,-0.112,0.047439,0.15711,0.83665,-0.28147,0.046708,0.024513,0.21028,-0.074379,-0.26329,-0.082041,0.44699,0.52073,0.0818,-0.6734,0.09423,-0.017016,0.067208,-0.38219,0.59503,0.045882,-0.030251,-0.016036,0.1684,0.22862,0.23777,0.16251,0.20403,0.1944,0.25134,0.032442,-0.25405,0.34769,0.24249,0.043717,0.43245,0.51418,-0.094945,-0.26617,0.13039,0.30372,-0.1677,-0.22814,-0.14367,-0.28508,-0.42174,-0.031374,-0.014627,0.11008,0.62588,-0.70029,-0.18921,-0.24235,-0.097801,-0.4886,-1.48e-4,0.06057,-0.81404,-0.56136,-0.25959,0.14333,-0.33794,-0.018863,-0.21011,-0.34428,0.20506,0.40717,-0.24754,-0.46076,0.27417,0.36311,-0.11979,0.26582,0.036626,0.156,0.28828,-0.20527,-0.13237,-0.41209,-0.063022,0.13053,-0.10786,-0.3552,0.14699,-0.16048,0.047943,-0.33918,-0.31053,0.36534,-0.22393,-0.066848,0.20147,-0.069643,-0.11482,0.11602,0.6029,0.03695,-0.30315,-0.05359,0.22573,-0.11805,0.25301,-0.30715,0.16094,-0.13945,0.16928,-0.16394,0.53071,0.097355,-0.33078,0.039253,-0.38148,-0.046048,0.1329,0.015618,0.19895,0.13343,0.0026682,0.26674,-0.034908,-0.1028,-0.12488,0.56681,0.036421,0.062994,0.39892,0.18029,-0.0057471,0.10271,0.069929,-0.34367,0.29241,-0.45852,0.061294,-0.12627,-0.095834,-0.018115,0.40838,-0.42822,-0.091851,-0.31582,-0.1817,0.15469,0.33654,0.47459,-0.25457,-0.31855
nainen,fi,woman,t1,w1,0.23377,0.48157,0.53752,0.39987,0.099301,0.20061,-0.48495,0.087762,-0.19049,-0.27344,0.2174,-0.19434,-0.033584,-0.094032,-0.54976,0.1651,-0.33562,-0.16483,-0.51632,-0.050602,0.06453,0.1296,-0.16092,0.037656,-0.099589,0.18344,-0.095183,0.52704,0.033569,0.11955,-0.4524,-0.077949,0.43118,0.15724,0.097308,0.17752,0.24966,-0.2263,-0.022587,-0.23316,-0.18355,0.37168,0.14033,-0.05429,0.60179,0.041234,0.33979,-0.25243,-0.23421,-0.080182,-0.46545,0.32316,-0.062421,0.26612,-0.5826,-0.36047,0.12773,-0.14868,0.49275,-0.025959,-0.019548,0.2229,-0.47616000000000003,-0.12771,0.27957,0.17426,-0.1152,0.0032782,0.049806,0.10626,0.24923,-0.096235,-0.35675,-0.10839,-0.22605,-0.098436,0.083449,0.47589,-0.28544,0.051763000000000003,-0.37264,0.22317,-0.12551,0.39541,-0.48411,0.068897,0.41967,0.2735,0.57137,-0.13197,-0.26327,-0.082312,-0.25687,-0.064373,0.25471,-0.27645,-0.31355,0.32774,-0.27698,-0.40569,0.52302,-0.21697,0.26766,0.11066,-0.14545,0.069899,0.095073,-0.2094,-0.14037,0.16461,0.095677,-0.038173,-0.15466,-0.59258,0.063014,0.10978,0.10115,0.13376,-0.19026,-0.026489,-0.30299,0.080645,0.11551,0.50971,0.15691,-0.56364,0.092676,-0.068177,-0.091757,0.16805,0.28064,0.21331,-0.4136,-0.72396,-0.19892,-0.17472,-0.0101,0.024684,0.28659,0.2099,0.14102,0.30094,-0.12194,0.14069,0.10874,-0.17426,0.031668,0.12695,0.49206,0.24406,-0.082244,0.26868,0.41133,-0.112,0.047439,0.15711,0.83665,-0.28147,0.046708,0.024513,0.21028,-0.074379,-0.26329,-0.082041,0.44699,0.52073,0.0818,-0.6734,0.09423,-0.017016,0.067208,-0.38219,0.59503,0.045882,-0.030251,-0.016036,0.1684,0.22862,0.23777,0.16251,0.20403,0.1944,0.25134,0.032442,-0.25405,0.34769,0.24249,0.043717,0.43245,0.51418,-0.094945,-0.26617,0.13039,0.30372,-0.1677,-0.22814,-0.14367,-0.28508,-0.42174,-0.031374,-0.014627,0.11008,0.62588,-0.70029,-0.18921,-0.24235,-0.097801,-0.4886,-1.48e-4,0.06057,-0.81404,-0.56136,-0.25959,0.14333,-0.33794,-0.018863,-0.21011,-0.34428,0.20506,0.40717,-0.24754,-0.46076,0.27417,0.36311,-0.11979,0.26582,0.036626,0.156,0.28828,-0.20527,-0.13237,-0.41209,-0.063022,0.13053,-0.10786,-0.3552,0.14699,-0.16048,0.047943,-0.33918,-0.31053,0.36534,-0.22393,-0.066848,0.20147,-0.069643,-0.11482,0.11602,0.6029,0.03695,-0.30315,-0.05359,0.22573,-0.11805,0.25301,-0.30715,0.16094,-0.13945,0.16928,-0.16394,0.53071,0.097355,-0.33078,0.039253,-0.38148,-0.046048,0.1329,0.015618,0.19895,0.13343,0.0026682,0.26674,-0.034908,-0.1028,-0.12488,0.56681,0.036421,0.062994,0.39892,0.18029,-0.0057471,0.10271,0.069929,-0.34367,0.29241,-0.45852,0.061294,-0.12627,-0.095834,-0.018115,0.40838,-0.42822,-0.091851,-0.31582,-0.1817,0.15469,0.33654,0.47459,-0.25457,-0.31855
palkkaus,fi,salary,t1,w1,0.61771,-0.20231,0.37871,0.32045,-0.23766,-0.29238,-0.13553,-0.023655,0.48414,-0.12391,0.033625,0.031209,-0.018902,0.4605,0.35353,0.033561,0.055434,0.025511,0.56217,-0.063469,0.073364,0.38725,0.31098,-0.28899,0.048288,-0.039918,-0.10696,0.3625,0.5369,-0.32597,-0.74983,0.098483,-0.64271,-0.14278,-0.37376,0.77136,0.21359,-0.10866,-0.3361,-0.43203,0.31693,0.60851,0.18671,-0.73753,0.2096,-0.095683,0.22628,-0.4669,-0.60713,0.16803,-0.24735,0.30947,0.08054,0.31839,-0.45196,-0.22666,0.19163,0.34148,-0.19105,-0.1008,-0.088312,-0.1474,-0.021583,-0.010535,-0.031038,0.60428,-0.50088,-0.25625,-0.47036,-0.19897,0.40257,-0.10711,-0.080082,-0.081974,-0.3528,0.14184,-0.329,-0.14576,-0.41961,-0.29808,0.077282,0.24127,0.24669,-0.29486,-0.008675,0.065143,0.022637,0.16436,-0.034379,-0.54109,0.19735,-0.36694,-0.2839,0.17499,-0.052316,-0.6681,-0.25916,-0.077312,0.070652,0.33151,0.11744,0.20818,0.31087,-0.30155,0.15786,0.03783,0.2861,0.33599,0.10771,-0.092039,-0.11463,-0.0076297,0.27271,-0.26869,-0.41958,0.41351,0.4217,-0.19728,0.43246,-0.34974,0.41243,0.31012,-0.026809,0.49147,-0.0453,-0.12199,-0.31351,0.22295,0.028707,0.27685,0.2121,0.20688,-0.47584,-0.25839,-0.030957,-0.14081,0.17627,-0.24542,-0.16224,0.56053,-0.057439,0.27455,-0.050856,-0.25686,0.53107,0.50492,0.084798,0.026795,0.75164,-0.019252,0.30575,-0.094982,0.025816,-0.085832,-0.30365,0.38933,0.61573,-0.047227,-0.63826,-0.33486,-0.087132,0.26517,-0.22511,0.040517,0.040407,-0.27402,-0.84725,-0.40718,-0.088965,0.16971,0.13024,0.27086,0.19447,0.32764,0.40872000000000003,0.14273,-0.57101,0.12953,0.17927,-0.2617,-0.45903,0.06295,0.42268,-0.23747,-0.018734,0.18011,-0.36234,-0.054582,-0.23531,0.063391,-0.15633,-0.027149,0.36164,0.058105,0.18244,0.093402,-0.38328,-0.11162,0.11101,-0.73662,-0.34636,0.4817,-0.038933,-0.47874,-0.052693,0.26253,0.029981,-0.31662,0.053954,-0.16022,0.12161,-0.43029,0.57721,0.23741,0.45479,0.0093763,-0.25723,0.67136,-0.37565,0.48431,-0.26031,-0.20719,-0.47995,-0.25039,-0.16659,-0.5064,-0.14085,-0.21259,0.03709,-0.29674,0.070987,-0.30402,0.071196,0.29195,-0.31061,0.076227,-0.30594,-0.0031379,0.023914,0.059135,0.069082,0.033141,-0.69729,-0.36651,-0.21361,-0.50658,0.012035,0.3633,0.01078,-0.01007,0.15052,-0.0359,0.043984,-0.063761,0.20198,-0.012043,0.032598,-0.23667,0.15927,0.20443,0.36225,-0.02151,0.12482,-0.5919,0.32593,-0.23533,-0.02196,-0.0073822,0.032432,0.40345,-0.025954,-0.30051,0.65445,0.17518,-0.17026,0.14274,0.29185,0.13341,0.39845,0.24682,0.29084,-0.087735,-0.2818,-0.15612,0.062674,-0.56471,-0.23552,0.38316,0.1718,-0.14997,0.070687,0.36062,0.32899,0.12656,0.14825,0.083471,0.13858,0.2204,0.21569,0.089294
perhe,fi,family,t1,w1,0.17486,0.15017,-0.20035,0.28453,0.37681,0.021119,-0.59504,0.09035,-0.21397,0.3542,0.31382,-0.11129,0.37875,0.6752,0.07817,0.35702,-0.66884,-0.52336,0.030197,0.57033,-0.30907,0.035889,-0.30946,-0.28252,-0.22058,0.10939,0.38738,0.035611,4.8606e-5,-0.11024,-0.33892,-0.17373,-0.0016089,0.15304,-0.16733,0.061472,0.34522,-0.062979,0.12879,0.17245,-0.35734,0.25632,0.29905,-0.26181,0.35489,-0.1527,0.78625,0.3198,-0.14119,0.08715,-0.087171,0.19887,-0.021491,0.65248,-0.48903,0.23344,-0.4576,-0.055072,0.53754,-0.081722,-0.22744,0.26191,-0.53415,0.14735,-0.048545,0.20778,0.098734,-0.031541,0.21333,-0.032958,0.12961,-0.011347,-0.43328,-0.094828,0.032586,0.31777,-0.19902,0.02795,0.20307,-0.423,0.46099,0.20846,-0.21305,0.27854,-0.12033,0.049737,0.40173,0.34258,0.33916,-0.77413,-0.24192,-0.32666,-0.083421,-0.39829,-0.1245,-0.31492,-0.42258,-0.2305,0.31358,0.33007,-0.29533,-0.54064,0.10714,0.45522,0.24811,0.0021027,0.41013,0.10767,0.058138,0.11072,-0.080862,-0.29161,-0.20091,-0.19523,-0.27532,0.10403,0.19722,-0.329,-0.1294,-0.3979,0.03659,-0.17948,0.074888,0.56282,0.16334,-0.37502,-0.013627,-0.52341,-0.37191,0.38968,0.28826,-0.13117,0.24465,-0.48526,-0.64222,-0.18482,-0.11134,0.36303,-0.16641,0.33189,0.21979,0.017188,0.45369,-0.37596,0.80642,0.18432,-0.077676,0.40565,0.19849,0.33017,0.038264,-0.40172,-0.38629,-0.38664,-0.15832,0.36369,0.36127,0.0074935999999999996,0.0070474,0.024446,0.25768,0.26801,-0.053867,0.17982,0.13423,0.17787,-0.047169,-0.010213,-0.11074,0.021767,-0.15694,0.13295,0.26819,0.29476,-0.25786,0.58734,0.056263,-0.3273,-0.52361,0.28559,0.22885,-0.14184,0.28163,-0.22153,-0.20557,0.17317,-0.15162,0.21997,0.057537,0.073104,-0.83145,0.13983,-0.033774,-0.066574,-0.35011,-0.453,-0.19682,-0.33694,-0.076225,0.26969,-0.28585,0.3554,0.17598,-0.26219,0.062502,0.26415,0.15998,0.35402,-0.47732,0.43074,-0.15518,-0.19894,-0.12752,0.36628,0.10958,-0.26555,-0.37752,0.15005,0.0025596,0.65942,-0.65521,-0.69213,-0.12092,-0.069518,0.038446,-0.73902,0.32461,-0.29268,-0.18827,0.18399,-0.39773,-0.29959,-0.0031959000000000002,0.052826,-0.19843,-0.39601,-0.12063,-0.58351,0.10616,-0.0067401,0.11572,0.39175,-0.059827,0.30208,-0.019402,-0.30732,0.18928,0.14278,-0.51347,-0.36675,-0.24939,-0.10393,-0.33536,-0.10212,0.02,-0.15299,-0.22239,-0.06063,-0.048683,-0.14217,-0.25838,0.23541,-0.19431,0.40575,0.24922,0.36644,0.56474,0.021904,0.27725,-0.25763,0.044814,0.15232,0.044375,-0.13596,-0.0075843,0.56532,0.55437,-0.37318,-0.13921,0.11711,-0.30378,0.3705,0.10473,-0.026586,0.32433,-0.2961,0.040403,0.046713,0.13462,-0.22925,-0.013377,-0.11488,0.68766,0.056248,0.040292,-0.28773,-0.036898,0.26538,0.39152,0.038806
poika,fi,boy,t1,w1,0.74971,0.49675,0.1478,-0.010243,0.054964,0.010971,-0.5822,0.0064482,-0.19552,0.11318,0.13708,-0.39127,0.026833,0.56568,-0.61375,0.18214,-0.12293,-0.2859,-0.24017,0.4302,-0.15849,-0.51725,0.41734,0.017299,0.39979,-0.16346,0.17567,0.13146,-0.021206,-0.091003,-0.60657,-0.30623,0.79754,0.41022,-0.021604,0.068969,-0.030193,-0.063359,-0.20997,0.0080244,0.070353,-0.21479,0.33141,-0.17466,0.45044,0.022878,0.44459,-0.03288,-0.34087,-0.29828,-0.26523,0.060999,0.11585,0.42462,-0.0035959,-0.15492,-0.23586,-0.02227,0.59874,-0.44617,0.21368,-0.1809,-0.51012,0.044555,0.022654,0.69422,-0.411,-0.32036,-0.12536,-0.14938,0.38076,0.45693,0.29497,-0.38488,-0.0019277,0.11809,-0.10534,0.04448,0.20721,-0.59025,-0.13437,-0.12681,-0.30033,0.067424,-0.052402,0.55319,0.035095,-0.24673,0.25386,-0.52694,-0.27274,-0.015414,0.70882,-0.35309,-0.32784,-0.12307,-0.097104,-0.07226,0.11301,0.083212,-0.11387,-0.044804,0.14891,-0.25251,0.43197,-0.39998,-0.14927,-0.16264,0.088156,0.14944,-0.30923,0.34941,-0.29046,-0.078428,-0.62045,0.32406,0.44955,0.072645,-0.35133,-0.4505,0.06112,-0.029965,0.48739,0.17742,-0.29676,0.2285,-0.23305,-0.029039,-0.05556,0.17631,0.55651,-0.23145,-0.15489,-0.26115,-0.45694,-0.27794,0.054571,0.10616,0.47593,-0.19048,-0.075593,0.25216,-0.11969,-0.42884,-0.045811,-0.067398,-0.34639,0.33433,0.35118,0.014333,0.037612,-0.1252,0.26185,0.23561000000000001,-0.073887,0.034083,0.218,-0.11591,-0.40197,0.26179,0.52061,0.36158,-0.19804,0.051106,0.13529,0.1728,-0.1433,-0.0027277,-0.015772,-0.041403,0.19827,-0.14886,0.26443,0.13687,-0.47127,0.62407,0.51335,0.40606,-0.45766,0.39968,0.05191,-0.34528,0.26855,-0.2461,-0.40428,0.54728,0.20503,0.33507,0.106,0.092516,0.07834,0.25249,0.4099,0.1609,-0.1754,-0.59222,-0.28588,0.16564,0.08811,0.057886,-0.14231,-0.10208,0.86263,-0.17684,0.32314,-0.35792,-0.20166,-0.025464,-0.13754,0.19936,-0.22571,-0.24681,-0.34683,0.11439,0.0033253,-0.28205,0.17022,-0.20803,-0.05134,0.4921,-0.46056,-0.051942,-0.12629,0.31354,0.095857,0.033139,0.057523,0.15508,-0.032732,-0.031682,-0.34828,-0.54486,0.092152,0.12221,0.22932,-0.016647,0.40144,-0.38271,0.27202,-0.49301,0.16026,0.13866,0.10622,0.19313,-0.11397,-0.49043,0.0052164,0.33743,-0.54389,-0.12305,-0.13111,-0.25273,-0.016761,-0.32776,0.02198,-0.061269,-0.35104,-0.19779,-0.31532,-0.47105,-0.37801,0.163,-0.024206,-0.09397,0.40509,0.47736,-0.022842,-0.1674,-0.35588,-0.22104,0.42423,0.0087152,0.20258,0.11101,-0.3924,0.50434,0.53579,0.15593,0.021117,0.13904,0.33866,-0.11293,0.070885,-0.62489,0.093016,-0.32538,0.12569,-0.26652,-0.089824,-0.097659,0.26015,-0.1218,0.13811,0.29729,-0.52936,-0.14494,0.19537,0.36189,-0.023737,-0.22101
poika,fi,son,t1,w1,0.74971,0.49675,0.1478,-0.010243,0.054964,0.010971,-0.5822,0.0064482,-0.19552,0.11318,0.13708,-0.39127,0.026833,0.56568,-0.61375,0.18214,-0.12293,-0.2859,-0.24017,0.4302,-0.15849,-0.51725,0.41734,0.017299,0.39979,-0.16346,0.17567,0.13146,-0.021206,-0.091003,-0.60657,-0.30623,0.79754,0.41022,-0.021604,0.068969,-0.030193,-0.063359,-0.20997,0.0080244,0.070353,-0.21479,0.33141,-0.17466,0.45044,0.022878,0.44459,-0.03288,-0.34087,-0.29828,-0.26523,0.060999,0.11585,0.42462,-0.0035959,-0.15492,-0.23586,-0.02227,0.59874,-0.44617,0.21368,-0.1809,-0.51012,0.044555,0.022654,0.69422,-0.411,-0.32036,-0.12536,-0.14938,0.38076,0.45693,0.29497,-0.38488,-0.0019277,0.11809,-0.10534,0.04448,0.20721,-0.59025,-0.13437,-0.12681,-0.30033,0.067424,-0.052402,0.55319,0.035095,-0.24673,0.25386,-0.52694,-0.27274,-0.015414,0.70882,-0.35309,-0.32784,-0.12307,-0.097104,-0.07226,0.11301,0.083212,-0.11387,-0.044804,0.14891,-0.25251,0.43197,-0.39998,-0.14927,-0.16264,0.088156,0.14944,-0.30923,0.34941,-0.29046,-0.078428,-0.62045,0.32406,0.44955,0.072645,-0.35133,-0.4505,0.06112,-0.029965,0.48739,0.17742,-0.29676,0.2285,-0.23305,-0.029039,-0.05556,0.17631,0.55651,-0.23145,-0.15489,-0.26115,-0.45694,-0.27794,0.054571,0.10616,0.47593,-0.19048,-0.075593,0.25216,-0.11969,-0.42884,-0.045811,-0.067398,-0.34639,0.33433,0.35118,0.014333,0.037612,-0.1252,0.26185,0.23561000000000001,-0.073887,0.034083,0.218,-0.11591,-0.40197,0.26179,0.52061,0.36158,-0.19804,0.051106,0.13529,0.1728,-0.1433,-0.0027277,-0.015772,-0.041403,0.19827,-0.14886,0.26443,0.13687,-0.47127,0.62407,0.51335,0.40606,-0.45766,0.39968,0.05191,-0.34528,0.26855,-0.2461,-0.40428,0.54728,0.20503,0.33507,0.106,0.092516,0.07834,0.25249,0.4099,0.1609,-0.1754,-0.59222,-0.28588,0.16564,0.08811,0.057886,-0.14231,-0.10208,0.86263,-0.17684,0.32314,-0.35792,-0.20166,-0.025464,-0.13754,0.19936,-0.22571,-0.24681,-0.34683,0.11439,0.0033253,-0.28205,0.17022,-0.20803,-0.05134,0.4921,-0.46056,-0.051942,-0.12629,0.31354,0.095857,0.033139,0.057523,0.15508,-0.032732,-0.031682,-0.34828,-0.54486,0.092152,0.12221,0.22932,-0.016647,0.40144,-0.38271,0.27202,-0.49301,0.16026,0.13866,0.10622,0.19313,-0.11397,-0.49043,0.0052164,0.33743,-0.54389,-0.12305,-0.13111,-0.25273,-0.016761,-0.32776,0.02198,-0.061269,-0.35104,-0.19779,-0.31532,-0.47105,-0.37801,0.163,-0.024206,-0.09397,0.40509,0.47736,-0.022842,-0.1674,-0.35588,-0.22104,0.42423,0.0087152,0.20258,0.11101,-0.3924,0.50434,0.53579,0.15593,0.021117,0.13904,0.33866,-0.11293,0.070885,-0.62489,0.093016,-0.32538,0.12569,-0.26652,-0.089824,-0.097659,0.26015,-0.1218,0.13811,0.29729,-0.52936,-0.14494,0.19537,0.36189,-0.023737,-0.22101
serkut,fi,cousins,t1,w1,0.28194,0.11901,-0.1073,-0.49511,0.32695,0.11956,-0.71014,-0.3279,-0.52841,-0.1994,-0.30925,-0.40912,-0.24086,0.41057,-0.24669,0.52229,-0.0026615,-0.30824,-0.18278,0.24353,-0.37127,-0.054039,0.44517,0.32744,0.1874,0.19397,0.16987,0.37961,0.27903,-0.28943,-0.20919,0.18183,0.28701,0.68021,-0.17885,0.12678,0.32506,0.20309,-0.5546,0.19296,0.062254,0.27026,0.53984,-0.13657,0.542,0.2006,0.38201,0.36428,-0.084369,0.042539,-0.055779,0.99626,0.8561,0.79061,0.052513,-0.19135,0.41007,-0.31315,0.54157,-0.085756,0.062188,-0.10119,-0.77827,0.45467,-0.15567,-0.042448,-0.23454,0.073892,-0.27702,-0.14619,0.079778,0.24346,-0.010278,0.23037,0.032227,0.18041,-0.40774,-0.094804,-0.34956,-0.56766,0.30441,-0.40195,0.22632,0.3842,-0.024054,-0.087293,0.069581,-0.15831,-0.0078816,-0.85437,-0.44334,0.20542,0.85628,0.10209,-0.23195,-0.29974,0.032853,0.31548,0.21942,-0.18731,-0.061757,-0.14547,0.55607,-0.57884,0.11085,0.45618,-0.034378,0.30682,0.28059,0.092125,-0.698,0.43502999999999997,-0.64433,-0.059756,-0.10699,-0.39055,0.28175,-0.47633,-0.15749,0.17252,0.46244,0.013942,0.026043,0.8707,0.067746,-0.46213,-0.22424,0.56563,-0.30043,0.18537,0.19402,0.35228,-0.30697,0.0051851,-0.12085,-0.16896,0.31656,0.65585,0.2119,0.15926,0.3625,0.36141,-0.27607,-0.2389,0.30318,0.13981,-0.17515,0.33767,0.093781,0.33415,-0.053201,0.20262,-0.064189,0.053603,-0.26716,0.28546,-0.29011,-0.084341,0.035577,-0.59907,0.55656,0.18031,0.34693,-0.3813,-0.44161,0.53581,-0.54381,0.033542,0.23183,0.41302,0.094335,-0.11612,0.16063,-0.14819,-0.25846,0.29566,0.45,0.35736,-0.49794,0.34096,0.58078,-0.50137,0.10932,-0.1027,-0.034569,0.23468,-0.35962,0.17301,0.16392,0.063327,-0.10364,0.37893,-0.058598,-0.2533,-0.37355,-0.60239,-0.11971,0.074399,0.24579,-0.16921,-0.13062000000000001,-0.06891,0.59399,-0.31555,0.28496,-0.2376,0.32771,0.32486,-0.41477,0.157,-0.11783,-0.21735,-0.1342,-0.1754,0.16881,-0.23494,0.06691,-0.25366,0.38758,0.66969,-0.43004,-0.033665,-0.40719,-0.0013617,0.039127,0.074276,0.23211,0.04735,-0.11014,-0.22101,-0.098282,-0.54839,0.14996,0.19867,0.17931,0.083059,-0.34991,-0.61604,-0.069877,-0.081087,0.15004,-0.027011,-0.013997,0.19281,-0.081633,-0.48394,0.057361,0.16853,-0.46413,-0.33466,-0.13934,-0.10364,-0.22826,0.17032,-0.55335,-0.54193,-0.2159,-0.72154,-0.58863,-0.89191,0.028805,0.21109,0.25155,0.13031,0.364,-0.15403,0.2143,-0.060522,-0.19439,-0.22962,0.35254,0.23445,0.94324,0.3096,-0.07031,0.86095,0.40679,0.15242,-0.0091794,0.37662,0.095671,-0.11298,-0.075084,0.072898,0.3022,-0.078248,0.26867,-0.18571,0.084004,-0.088383,-0.078237,0.07478,0.019819,0.27032,-0.0511,-0.44063,0.2756,0.56043,-0.26004,-0.66762
sisko,fi,sister,t1,w1,0.75704,0.14446,0.30739,-0.015638,0.34492,-0.11965,-1.1055,0.18732,-0.20604,0.21187,-0.050989,-0.56688,0.22528,0.16309,-0.31287,0.4939,-0.51173,-0.42255,0.15768,0.29128,-0.36294,0.337,-0.11029,-0.33036,0.20358,0.26275,0.085591,0.4489,-0.054881,-0.26067,-0.21101,-0.64625,0.3851,0.27332,0.29053,0.46118,0.017227,-0.1054,-0.11487,0.18509,-0.12881,0.077577,0.51467,-0.20546,0.48418,-0.44958,0.96826,0.079484,-0.053406,-0.1649,-0.51239,0.14294,0.11738,0.4852,0.042778,0.02485,0.091475,-0.0376,0.26266,-0.018175,-0.039881,0.2989,-0.63829,0.16962,-0.18573,-0.027303,-0.37709,-0.092841,0.27382,0.021455,0.19119,-0.015129,0.18894,-0.10029,0.068966,-0.27723,0.18564,-0.14489,-0.44794,-0.29,-0.29828,0.019621,-0.36732,0.35945,-0.26029,0.39179,0.28167,-0.0087932,0.058276,-0.47312,-0.048411,0.14923,0.4558,-0.31766,0.12565,-0.16905,-0.091953,-0.10365,0.19519,-0.073951,0.09799,-0.026078,0.59486000000000006,0.12829,0.35728,-0.020637,0.034455,0.092867,0.44946,0.12935,-0.1864,-0.10844,-0.086885,-0.37056,0.14113,-0.26053,0.27079,-0.38304,-0.28665,0.096914,0.71025,-0.23441,0.23179,0.27908,-0.52497,-0.24521,-0.10166,-0.10259,-0.08252,0.21355,0.091539,-0.33623,-0.6721,-0.17429,-0.30683,-0.66302,0.056592,0.73095,-0.21342,0.21756,0.50158,0.2899,-0.69629,-0.10458,0.04729,0.1974,0.021683,0.14769,0.32181,0.033697,0.26754,-0.016921,-0.045022,-0.016517,-0.34781,-0.16039,0.39353,-0.52189,-0.32836,0.25584,0.93925,0.21612,0.048685,0.23843,0.20979,0.11059,0.25849,0.11457,0.058451,0.14196,0.15087,0.23491,-0.36946,0.023555,-0.0084941,0.51133,0.38138,0.11632,0.075911,0.030853,0.38326,-0.5999,0.55341,0.25268,0.064318,0.16166,0.18935,-0.10975,0.27548,0.071407,0.17791,0.30407,-0.079691,0.28661,-0.10659,-0.22253,-0.11089,-0.18219,-0.19771,0.032662,0.32237,0.36355,0.65593,-0.22955,0.51675,-0.37185,-0.29019,0.28768,-0.3133,0.6457,-0.15177,-0.22859,-0.36439,0.28418,0.18027,0.13462,0.12086,-0.18698,0.12358,0.46661,-0.33954,-0.86866,0.34315,0.38578,-0.19161,-0.12997,0.43728,-0.096166,0.233,-0.28503,-0.17541,-0.29497,0.2322,-0.43783,-0.18593,0.041318,0.7199,-0.68217,0.10558,-0.65461,-0.20555,0.51792,-0.086706,0.81779,0.4221,-0.32378,-0.058956,0.46131,-0.033536,-0.074984,-0.15923,0.090391,0.055717,-0.5885,-0.092504,-0.41887,0.094256,-0.28694,-0.28999,-1.0504,0.075509,-0.0039354,0.29948,0.068612,0.038326,0.40725,0.26494,-0.38277,0.14155,-0.28131,0.61878,0.082331,0.070029,0.15635,0.22033,0.45656,0.72786,0.20673,0.031718,-0.027842,0.22745,0.24706,-0.042102,-0.42847,0.60155,-0.19678,-0.080133,-0.10792,0.13832,-0.071177,-0.10029,0.16399,0.33712,0.23162,-0.1359,-0.4363,0.36048,-0.19237,-0.297,0.062553
sukulaiset,fi,relatives,t1,w1,0.08594,-0.073624,0.28031,-0.81814,0.31072,-0.11048,-0.17101,-0.30535,-0.16279,0.55664,0.58344,0.33357,-0.24387,0.33538,0.11588,0.62901,-0.17397,-0.44562,0.025265,0.29231,-0.33387,-0.12663,-0.37335,0.20735,0.30016,0.36659,0.108,0.29425,0.40989,0.29163,-0.39322,0.011194,0.059408999999999997,0.64201,0.1704,0.60775,0.52353,0.20647,-0.30062,-0.086511,-0.62477,-0.11977,0.64415,-0.30149,0.21762,-0.13435,0.44872,0.12147,0.6277,-0.15971,-0.13944,0.41481,-0.043353,0.84196,-0.12404,0.22935,0.14578,-0.32657,0.11536,-0.16799,-0.82185,0.27895,0.043015,0.80483,-0.00434,0.045213,-0.1932,0.53682,0.077319,0.1139,0.64344,0.016458,0.59778,0.32563,-0.35197,-0.25256,-0.37019,0.46512,0.22902,-0.38415,0.36768,-0.095543,-0.13508,0.38392,-0.22266,0.056722,0.4528,0.13024,0.26153,-0.56909,-0.7014,0.54895,0.20862,-0.13221,0.11545,-0.064258,0.41636,0.095758,0.29439,0.015052,0.22487,-0.50349,0.035329,-0.23562,0.54885,-0.044846,-0.033017,-0.19246,0.012187,-0.37856,-0.37322,0.054728,-0.13533,-0.045964,-0.057968,-0.3745,0.19953,-0.27634,0.35891,-0.1899,0.27964,0.066567,0.14334,0.88815,-0.33875,0.44387,-0.46381,0.0069064,0.07515,-0.19222,0.080838,0.10146,-0.093356,0.07618,-0.50774,0.11061,0.91101,-0.0020319,-0.14874,0.053125,0.54958,0.49298,0.037252,-0.69162,0.092575,0.18267,0.35778,0.28063,0.15456,0.72301,-0.46393,0.3571,0.07864,0.20248,-0.42679,0.55179,0.10354,0.017658,-0.1622,0.096268,0.63469,0.28648,0.26373,0.31775,-0.26767,0.18707,-0.19941,0.33297,-0.38566,0.022022,-0.54298,-0.2725,0.25114,0.28088,0.022091,-0.028769,0.013375,-0.2833,-0.0098162,0.24078,0.72842,0.070771,0.50756,-0.037552,-0.096073,-0.35607,-0.11745,0.043614,0.47045,0.08096,-0.33013,0.45591,0.19453,0.23592,0.18739,-0.32055,0.15095,-0.22044,0.26526,0.02957,0.29367,-0.11811,-0.16028,-0.418,-0.017369,-0.013763,-0.29604,0.32399,-0.12035,0.29449,-0.26073,-0.45245,-0.22818,-0.12608,0.051774,-0.33327,0.37177,0.03474,0.020519,0.02196,-0.53754,-0.38059,-0.20961,0.1515,0.091846,-0.1803,0.25958,-0.11236,0.24968,-0.48934,-0.0936,-0.23369,-0.06598,0.43898,-0.34972,-0.072223,-0.13024,0.024003,-0.14134,-0.19307,-0.26307,0.14228,-0.058023,-0.10653,0.026397,0.051921,-0.10615,0.44507,-0.73393,-0.55171,-0.32638,0.091511,-0.067223,0.096839,-0.18731,0.15709,-0.17479,-0.86616,-0.048748,-0.31836,0.21132,0.057374,0.28868,-0.086877,0.10759,0.11284,-0.48228,-0.35613,0.11721,-0.23825,0.36698,-0.072447,0.70177,0.05162,-0.075253,-0.028751,0.25086,0.1614,-0.49436,0.75607,0.16353,-0.08992,0.26036,0.19262,0.43968,-0.18819,0.34354,-0.18677,0.30304,-0.36728,0.066472,0.49728,0.13561,0.65395,-0.13792,-0.2361,0.43077,0.63356,0.12763,-0.18051
toimisto,fi,office,t1,w1,0.96593,0.067085,-0.24389,0.17135,0.25887,-0.66572,0.25545,0.33667,0.055016,-5.6571e-4,0.42365,-0.27962,0.073167,-0.32582,-0.40306,-0.059967,-0.074929,0.059513,0.22917,0.45993,-0.22694,0.16371,0.45228,-0.1177,-0.20728,0.019427,-0.001368,0.044189,0.55581,-0.18987,0.080594,-0.0015012,-0.06006,-0.30172,-0.41405,0.37051,0.20879,-0.21024,-0.75954,-0.011437,0.052728,0.048291,0.12012,0.081136,0.029434,0.43449,0.47321,-0.085686,-0.1262,-0.2784,-0.38245,0.33578,0.060803,0.29905,-0.14724,0.017913,-0.15076,0.63434,0.28199,-0.24705,-0.34298,0.26234,0.51485,-0.21353,0.1576,0.55612,-0.11712,-0.10978,-0.33972,0.014621,-0.1189,0.023743,-0.17964,-0.42551,-0.24412,0.04997,0.43363,-0.19051,0.16081,-0.13399,-0.034407,0.16091,0.092364,-0.23543,-0.18807,0.17353,-0.41535,-0.1003,-0.032912,-0.37511,0.65586,-0.39712,0.34781,-0.076197,-0.43421,-0.64417,0.31555,0.022479,-0.089513,0.07666,0.095065,0.31222,0.52433,-0.22156,-0.14742,0.37736,0.16863,0.82211,-0.11163,0.10039,0.32634,-0.18609,0.0313,0.19444,0.39115,-0.43305,0.058907,-0.58119,0.29523,-0.1726,-0.21742,0.32857,-0.089875,-0.016879,0.47003,-0.31268,-0.24906,0.032871,0.081882,-0.090532,0.49737,0.054768,-0.23517,-0.25641,-0.14487,-0.36125,0.10356,0.13265,0.058915,-0.013877,0.51749,0.54615,0.30656,0.19418,0.44039,0.28734,-0.43006,0.30719,0.74972,0.35615,-0.3739,-0.34006,-0.14494,-0.0025737,-0.40442,-0.029079,0.42122,-0.026946,-0.15083,0.15928,-0.15265,-0.19382,0.064739,-0.033235,0.036535,0.014472,-0.36544,-0.38252,-0.2339,0.48478,0.23109,0.33183,0.13583,0.68859,0.29699,-0.050119,0.028258,-0.33442,0.24186,0.087176,0.1365,-0.257,0.41117,-0.099818,0.12328,-0.029627,0.19497,0.13635,-0.27019,0.59329,-0.52033,0.52425,-0.060954,-0.21431,-0.1947,-0.34615,0.34285,0.2025,-0.46881,-0.37584,-0.56337,0.2669,0.10341,-0.52326,0.29747,0.22273,0.24468,0.22501,0.012647,-0.13302,0.020769,-0.41927,0.39816,0.45162,-0.35479,0.04283,0.079441,-0.17045,-0.49891,-0.36775,-0.27347,0.084702,0.10739,-0.13082,0.52364,-0.11483,0.1219,-0.23722,-0.21628,-0.56153,-0.11716,-0.090973,0.02158,0.31565,-0.3977,0.13979,0.42453,-0.10822,0.57903,0.39712,-0.28805,0.031516,-0.34131,-0.10253,-0.18705,-0.68551,0.20533,0.50606,-0.29083,0.27324,-0.3263,-0.43103,0.26913,0.29172,-0.1327,-0.17334,0.081016,-0.30037,0.10158,-0.17213,0.44713,-0.69922,-0.044611,0.23102,-0.38753,0.071361,0.19778,0.4275,-0.33309,-0.24869,0.20797,0.35409,0.4837,-0.17354,0.034516,0.11936,0.072092,-0.34888,0.46756,-0.3069,-0.070636,0.056719,-0.28451,-0.55097,-0.1837,-0.20765,-0.10906,0.71043,-0.29028,0.050329,0.4446,-0.21436,0.19116,0.063806,0.15265,-0.05995,0.36537,-0.14666,0.20839,-0.10415
tyttö,fi,girl,t1,w1,-0.078771,0.71718,0.32683,0.51345,0.19962,0.044601,-0.76656,-0.089619,0.10591,-0.13877,-0.11452,-0.24401,0.099341,0.18761,-0.44468,0.30284,-0.46201,-0.47391,-0.53657,0.52313,-0.50224,-0.29124,-0.034492,0.22805,-0.0073807,0.058678,-0.18622,0.065729,0.072769,-0.2791,-0.27054,-0.17477,0.53936,0.21619,-0.053872,0.11573,-0.15109,0.069007,0.55739,0.071712,-0.22254,0.1154,0.33455,-0.16592,0.52689,0.043978,0.81418,0.094298,-0.63724,0.1616,-0.27413,-0.041443,-0.59314,0.6632,-0.25408,-0.018951,0.028328,0.031148,0.63272,-0.12192,0.23612,0.011693,-0.64212,0.067669000000000007,0.042514,0.49467,-0.3825,-0.23726,0.037335,0.35003,0.30518,0.17323,-0.41223,-0.21115,0.3277,-0.17599,0.033114,0.11945,-0.13215,-0.10636,0.059816,0.25503,-0.12778,0.4099,-0.25446,0.084127,0.65014,0.31811,0.38153,-0.32757,-0.32742,-0.054663,-0.14561,-0.48169,0.24286,-0.41349,-0.22873,0.12056,-0.34368,-0.22384,0.46974,0.26227,-0.1154,0.070477,-0.32509,0.46469,-0.14937,-0.2814,-0.19849,-0.072368,-0.05835,-0.24175,-0.183,-0.45776,0.2149,-0.11949,0.20314,-0.12327,0.07496,0.21048,0.0082659,0.39172,0.20313,0.7514,0.084125,-0.19491,0.47699,0.45514,-0.45394,0.093737,0.12796,0.44842,-0.11766,-0.41407,-0.30625,-0.26635,-0.076888,0.10287,0.4926,0.17114,0.037694,0.77047,-0.45238,0.14501,0.20526,-0.048744,-0.087718,0.19475,0.38079,0.24399,-0.11529,-0.157,0.35646,0.094722,0.076022,0.21642,0.51328,-0.41527,-0.019188,0.59484,0.23264,-0.13042,-0.31778,0.11726,0.098076,0.36514,0.23897,-0.31504,0.02105,0.036132,-0.090808,-0.29312,0.5748,-0.25275,-0.35006,0.25568,0.2323,0.18525,0.14193,0.35401,0.027984,-0.37278,0.46268,-0.28852,-0.24097,0.42747,0.09317,0.31525,0.55424,0.10842,0.18279,0.097748,0.0023381,0.25112,-0.44092,-0.27454,0.5305,-0.26275,-0.55066,0.18166,0.18739,-0.05169,0.49971,-0.42934,-0.11811,-0.061992,-0.1756,-0.16334,-0.12997,0.081149,-0.60428,-0.94823,-0.32888,0.076086,-0.17371,0.15439,-0.08714,-0.45559,0.21954,0.53312,-0.25736,-0.30492,0.13772,-0.031254,0.06849,0.024349,0.31419,0.22168,0.34562,0.035311,-0.045921,-0.66887,0.033197,0.081357,-0.37926,-0.29334,0.074542,-0.2386,-0.077497,-0.52543,-0.19723,0.22204,-0.016113,0.41699,-0.082005,-0.108,0.077925,0.079585,0.27987,-0.071268,-0.39414,-0.11845,-0.023266,-0.21804,-0.092815,-0.18153,0.34684,-0.10732,-0.58835,0.23063,0.086376,-0.063172,-0.43095,-0.15731,-0.095619,0.30015,0.23916,0.14449,-0.12779,-0.24466,0.43573,0.54476,-0.22575,0.010931,-0.22329,0.13769,0.60112,-0.49768,0.27482,-0.0403,0.15815,0.0035726,0.11687,-0.51168,0.5085,-0.61096,0.24425,-0.081998,0.035234,-0.14522,0.23779,-0.02516,0.13557,-0.050782,0.018175,-0.074912,0.44367,0.078289,-0.043474,-0.2587
tytär,fi,daughter,t1,w1,1.0559,0.1344,0.24803,-0.090268,0.30788,0.12662,-0.62439,0.10703,0.057784,0.096461,0.068309,-0.63156,0.039055,0.66109,-0.68013,0.10786,-0.11497,-0.22677,0.23355,0.11461,-0.32846,-0.30494,0.36788,-0.067027,0.18786,0.21477,0.19775,0.4649,0.066946,-0.11563,-0.6997,-0.54502,0.8124,0.33226,-0.17168,0.043246,0.19326,0.12612,-0.16323,0.20643,0.028,0.078473,0.44118,-0.36092,0.25773,-0.080619,0.43589,0.14805,-0.15941,-0.096911,-0.018135,0.43412,0.053209,0.53075,-0.092664,-0.08092,-0.39654,0.18827,0.4051,-0.16609,0.029597,0.1519,-0.70857,0.043197,0.036391,0.5005,-0.42628,0.016397,-0.27612,0.01179,0.16055,0.39539,0.40154,-2.2069e-4,0.1096,-0.041481,0.080794,0.23299,-0.090001,-0.48339,-0.30628,-0.19341,-0.51354,0.46471,-0.24975,0.48475,-0.086974,-0.17411,0.17831,-0.87286,-0.13053,0.12248,0.52735,-0.56659,0.061191,-0.22832,-0.28874,-0.074637,0.32255,0.17919,0.012661,0.057232,0.44008,-0.30765,0.39201,-0.056245,-0.043735,-0.26086,0.18947,-0.13743,-0.36429,-0.044453,-0.13185,0.17389,-0.38945,-0.028998,0.30956,0.24676,-0.48999,-0.17574,0.11301,-0.0093036,0.46373,0.11226,-0.11255,0.21569,-0.33981,0.0097805,0.088427,0.13309000000000001,0.44366,-0.094864,-0.3005,-0.34986,-0.18524,-0.42625,-0.012796,0.36898,0.48642,0.34618,0.2925,0.066139,-0.18277,-0.55368,-0.087465,0.097996,-0.040945,0.076764,0.49547,-0.25189,-0.26287,0.194,0.053916,-0.053569,-0.08433,-0.29333,0.084062,-0.42962,0.058344,0.23831,0.73996,-0.042637,-0.58486,-0.096082,0.035398,0.27781,-0.084536,-0.19223,0.28444,0.23251,0.29664,-0.016638,-0.023867,0.19456,-0.4715,0.57281,0.54957,0.46931,-0.30731,0.021305,0.18869,-0.40244,0.22119,0.016987,-0.20152,0.39513,0.13226,0.21628,0.40624,0.056022,0.1401,-0.0080945,0.3717,-0.17695,-0.050968,-0.53592,0.031173,-0.21146,-0.2553,-0.007621,-0.01878,0.61331,1.12,-0.38304,0.34935,-0.34659,0.14509,-0.14289,-0.36418,0.23332,-0.3439,-0.2314,-0.55009,-0.22456,-0.11014,-0.057312,-0.04852,-0.09981,0.14496,0.42259,-0.4172,-0.33571,0.016061,0.62374,0.28678,-0.083563,0.22711,0.079944,0.34437,-0.096896,-0.46721,-0.49307,0.42568,0.046189,-0.058825,-0.018416,0.068867,-0.45617,0.23141,-0.81396,-0.14105,0.13499,0.0053838,0.49426,0.094696,-0.35335,-0.15285,0.26818,-0.041965,-0.35676,-0.007788,-0.010411,-0.052947,-0.2392,0.1388,-0.104,0.043428,-0.2988,-0.26604,-0.46038,-0.23606,0.17559,0.16003,-0.14192,0.079164,0.34217,-0.012498,-0.044827,-0.014224,-0.3135,0.52423,0.13784,-0.15089,0.24718,-0.237,0.61765,0.7632,0.14327,-0.030399,0.10355,0.097806,0.073622,0.084447,-0.60775,0.35211,-0.25951,-0.18114,-9.5832e-4,-0.11832,-0.24735,0.5001,-0.31065,0.19088,0.031899,-0.38379,-0.20237,0.20173,0.2507,-0.16452,-0.31888
ura,fi,career,t1,w1,0.52329,0.2087,-0.55479,-0.33915,-0.055109,0.17395,-0.38577,0.42382,0.32232,0.38398,0.35197,-0.68821,0.078296,0.14596,0.023124,0.057781,0.75593,-0.77118,0.2926,0.13953,-0.52412,0.27916,0.042193,-0.77695,-0.072021,0.28488,-0.3785,0.52922,0.31225,0.34279,-0.51094,-0.43399,0.0073379,0.34255,-0.15262,0.027527,0.6042,0.15446,0.096056,0.17108,0.28209,0.23245,-0.010259,-0.22408,0.23698,-0.19863,0.2229,-0.0043315,-0.6337,-0.22856,-0.55568,-0.30849,0.57657,0.14768,-0.099777,-0.22301,-0.27296,0.16828,0.45173,0.042656,0.059779,0.53326,-0.49977,-0.033565,0.25635,0.03608,0.17625,-0.22619,-0.4641,-0.31868,0.02048,0.3736,-0.53834,-0.026124,-0.25363,0.35041,0.49494,0.12838,-0.12787,-0.47375,-0.066719,0.44297,-0.34226,-0.12253,-0.18992,0.16224,0.19564,0.52018,-0.022406,-0.68576,0.30829,-0.15216,-0.33126,0.52504,0.38404,-0.60554,-0.6274,-0.26059,-0.1241,-0.49102,-0.25443,-0.20514,0.072643,0.41149,0.14542,0.40814,0.16381,0.11525,0.20203,-0.23907,0.39377,-0.0018388,0.35597,0.20053,0.077307,0.3903,0.37021,0.36257,-0.20803,-0.57355,0.17441,-0.058079,0.23985,0.19627,-0.031414,0.092091,-0.28307,0.0037761,0.13736,0.41126,0.41229,-0.4801,-0.17952,-0.91289,-0.66637,-0.22069,0.03436,0.44885,-0.49468,0.54054,0.38882,-0.29263,-0.18274,0.2675,0.067302,0.23801,0.11821,0.014849,0.56462,-7.3762e-4,0.15721,-0.43204,0.45802,0.21714,-0.42849,0.3259,-0.039297,0.31621,-0.15851,0.27211,-0.076058,-0.30624,-0.59372,-0.40964,0.38754,-0.11946,0.54368,-0.15339,0.41443,-0.28663,0.4969,0.41207,0.22676,-0.44473,-0.34127999999999997,0.51948,0.12841,-0.13447,-0.20325,0.088481,0.096579,-0.12542,1.1173,0.42329,-0.067155,-0.34455,-0.33252,0.35263,-0.0043998,0.23903,-0.048278,0.033037,0.73978,-0.23832,-0.16054,0.03467,-0.81819,-0.047751,1.0466,-0.2538,0.35448,-0.046071,0.15973,0.30507,0.13607,0.75553,0.25819,0.53248,-0.28861,0.072402,0.10085,-0.45639,-0.30897,0.58167,0.33387,-0.51958,-0.069589,0.14237,-0.62581,0.30286,-0.26823,-0.15726,-0.14275,-0.5709,0.067957,-0.30947,0.17915,-0.36242,-0.15893,0.16092,-0.059655,-0.086758,0.039685,0.083028,-0.093309,-0.35189,-0.055339,-0.22447,-0.23574,-0.12785,-0.057679,0.55673,0.21423,0.20456,0.16384,-0.46705,-0.61884,0.48744,-0.20892,-0.020499,-0.36643,-0.39469,-0.099895,0.77523,0.84809,0.11042,-0.069573,-0.86466,0.10643,-0.78939,0.36267,0.067448,0.69549,-0.58322,-0.51218,-0.10588,0.65161,-0.11855,0.059131,-0.55394,-0.13948,-0.13179,0.67668,0.17499,-0.77559,1.0031,-0.060122,-0.099726,0.39696,-0.12856,0.57318,-0.20285,0.059178,0.15167,-0.17307,-0.28137,-0.13381,0.34781,0.064067,-0.22992,-0.35525,0.41776,0.34726,-0.0076518,0.44234,-0.037435,0.1608,0.056779,0.37015,-0.15628
uros,fi,male,t1,w1,0.60625,0.02421,0.58537,0.65047,-0.2675,0.61712,-0.49701,0.95557,0.1094,0.37834,0.057698,0.26326,-0.35192,0.14937,0.077496,0.35447,0.14164,-0.05818,-0.96512,0.38026,0.6807,0.13609,0.25429,0.48946,0.49242,-0.53329,0.27592,0.50226,0.049908,0.29381,-0.50724,0.98827,0.38222,-0.15176,0.26026,0.18197,-0.26438,0.48022,0.053815,0.24906,-0.37406,0.28601,0.6959,-0.26931,0.019973,0.10873,0.7799,-0.23735,0.4143,-0.5257,0.43603,0.70732,0.11915,0.49439,0.28575,-0.34089,-0.1146,0.26972,0.51741,-0.095374,-0.14595,0.17884,-0.77669,-0.59012,-0.44292,0.23351,0.22588,0.23691,0.34065,-2.5311e-4,0.47265,0.1849,0.083428,-0.20468,-0.37965,0.017618,0.063017,-0.39416,-0.4413,-0.051374,-0.39972,-0.26574,0.0027256,-0.32679,-0.097801,-0.19871,0.43145,0.063901,-0.10685,-0.47115,-0.29871,-0.24881,0.36051,-0.051261,-0.54202,-0.061791,0.20543,-0.56675,0.47118,-0.10268,-0.062368,0.020944,-0.23797,0.26437,0.24176,0.29619,0.83574,-0.83612,-0.072971,-0.39097,0.47405,0.54844,-0.7662,-0.2197,0.098226,0.27376,0.014037000000000001,0.097294,-0.33753,-0.11303,0.071228,0.4189,-0.34835,0.38813,-0.27573,0.072348,-0.15665,0.41504,-0.44175,-0.10446,-0.25456,-0.32473,-0.022737,-0.049291,0.10383,-0.41769,-0.31535,0.16861,0.67328,0.86272,-0.2095,0.43821,0.82822,-0.89771,-0.45846,-0.33194,0.17652,0.42267,0.78353,0.1406,-0.24325,0.15578,-0.15934,-0.53639,-0.1417,-0.14326,-0.14286,-0.015768,0.47073,0.46876,0.32219,-0.46681,0.24656,0.21939,0.76222,-0.42697,0.11119,-0.87016,0.11271,-0.021263,-0.059784,-0.072644,0.038157,0.13608,0.1431,-0.50242,-0.080413,-0.16573,-0.10647,0.4554,0.24983,-0.66752,0.21747,-0.13717,-0.20078,-0.32621,-0.086529,0.19464,0.22247,0.18554,-0.039863,-0.3093,-0.34975,0.13571,-0.72439,-0.73256,-0.49993,-0.53097,0.17885,-0.46394,-0.28792,-0.29194,0.80197,-0.29003,0.17248,0.31791,0.34388,0.33133,0.029889,-0.37665,-0.45349,-0.62849,0.15675,-0.63626,-0.4204,-0.20812,-0.04215,0.28513,-0.078762,-0.26875,-0.40915,0.34416,-0.20252,-0.20467,-0.14291,0.1043,0.86633,0.18798,0.23644,0.049797,-0.3459,-0.60744,-0.13295,0.36895,0.021289,-0.10329,0.30601,0.42094,-0.15199,-0.62816,0.15017,0.36554,0.060775,-0.045579,-0.14021,-0.42184,-0.21142,-0.0095138,-0.87422,0.22789,-0.45782,-0.34637,0.95668,-0.14068,0.37397,0.32614,-0.48285,-0.2331,-0.44912,0.065909,0.26728,0.4893,0.003142,-0.44445,-0.011,-0.13091,0.26069,-0.27381,0.6143,-0.050076,-0.085333,-0.3703,0.49413,-0.56925,-0.42677,-0.23753,-0.047487,0.20613,-0.078691,0.18736,-0.053929,-0.74858,-0.36301,-0.47313,1.0857,-0.49262,0.39705,-0.21165,0.49047,-0.046675,-0.38215,-0.034215,-0.48311,-0.27673,-0.12643,0.042121,-0.1489,-0.0063663,0.47723,0.11232
vanhemmat,fi,parents,t1,w1,0.43159,0.081928,-0.075148,-0.33069,0.44325,0.15777,0.15612,-0.21402,-0.43047,0.42834,0.0283,-0.40963,-0.0207,0.63613,-0.28901,0.34769,-0.19624,-0.315,0.023622,0.50114,-0.21752,-0.028934,-0.40576,-0.23686,0.37392,0.35982,0.34448,0.3439,-0.1342,-0.32518,-0.35054,-0.094148,0.14096,-0.079806,-0.029846,0.038041,0.25533,0.38503,-0.36372,0.76703,-0.12523,-0.13129,0.45404,-0.57957,0.23441,0.36621,0.28165,0.69154,-0.43374,0.11039,-0.16606,0.26024,0.25901,0.52129,-0.088976,-0.069352,-0.18433,0.033401,0.45219,0.13774,0.085177,0.2104,-0.42554,0.53432,-0.4559,0.42744,-0.43591,0.089893,0.4134,0.041077,0.11456,0.37369,0.010167,0.0074227,-0.29548,-0.46003,0.073755,0.28418,-0.40979,-0.22149,0.28233,-0.16158,-0.20923,-0.07912,0.37408,0.47347,0.38639,-0.56767,0.33542,-0.60166,-0.4232,-0.23673,0.38497,-0.44314,-0.47621,-0.052837,0.11707,-0.17165,0.18336,-0.030794,-0.27107,-0.0064074,0.25509,-0.15065,0.5047,0.14056,-0.065066,0.079027,0.25657,-0.12365,-0.30452,0.41673,-0.1802,0.0096383,-0.59728,-0.30478,0.55766,-0.27523,-0.12591,0.051606,0.57646,-0.049335,0.14653,0.015878,-0.12538,-0.57509,-0.37335,0.42387,-0.17352,-0.14158,0.33613,-0.04657,-0.13069,-0.34604,-0.40481,-0.40121,0.17534,0.21423,-0.079266,-0.12887,-0.0021696,0.69907,0.51181,-0.035466,0.60757,0.16864,-0.11682,0.21078,0.8648,0.21398,0.046183,0.3372,-0.026987,-0.18882,-0.27902,0.49146,0.28818,-0.41164,-0.19935,0.063239,0.78615,-0.29359,-0.060984,-0.2747,0.30368,0.35969,-0.0029529,-0.060897,-0.21916,-0.093198,0.16032,0.13614,-0.024791,0.14828,-0.0067936,0.52677,0.035412,0.31569,-0.04902,-0.013345,0.14711,0.10391,0.64573,-0.24219,-0.11399,-0.084404,0.048823,0.31907,-0.1146,-0.25991,-0.040312,0.44606,-0.28182,-0.33535,-0.15529,-0.096291,-0.15911,0.11144,0.12658,0.067819,-0.34607,0.041624,0.20705,-0.078717,0.60024,-0.68173,-0.17529,0.31196,-0.6243,0.45713,-0.32242,-0.46047,-0.046855,-0.29707,0.52173,-0.14826,0.19318,-0.16299,0.37091,-0.15647,-0.34516,-0.19069,0.048332,0.10687,0.30876,-0.22676,0.24455,-0.04007,0.097336,0.091263,-0.40223,-0.53054,0.0042709,0.3139,0.54318,0.25029,0.050563,-0.66998,0.0049274,-0.43514,0.18342,-0.013446,0.039867,0.18716,-0.38548,-0.15596,0.048436,0.41499,-0.52545,-0.28747,-0.12721,-0.052238,-0.37942,0.21613,-0.002758,0.10909,-0.19859,0.094234,-0.53041,-0.56703,-0.19612,0.014276,0.41026,-0.32183,0.35655,0.16793,-0.078072,-0.31066,0.13148,-0.24382,0.12255,0.0014393,0.13622,0.01983,-0.58857,0.42836,0.41368,0.31341,0.15706,0.88332,0.12371,0.47059,0.10416,-0.21524,0.51,0.014681,0.18251,-0.37131,0.092537,-0.76521,-0.044148,-0.17771,-0.056728,-0.0058689,-0.093159,-0.22643,-0.02862,0.70437,0.58394,-0.16257
veli,fi,brother,t1,w1,0.7329,0.44334,0.3652,-0.20435,0.46975,-0.10031,-0.76298,0.14452,-0.31688,0.027137,-0.26968,-0.77382,0.087685,0.086175,-0.43795,0.15543,0.041044,-0.15929,0.13809,0.29633,0.012519,-0.039407,0.070146,-0.058775,0.17366,0.1741,0.12365,-0.069256,-0.018273,0.092421,-0.15516,-0.33057,0.77435,0.23311,-0.075793,-0.064167,0.11671,0.09326,-0.32524,0.063937,-0.038473,-0.47364,0.18189,-0.45925,0.22918,-0.12417,0.54058,0.33812,0.0055008,-0.41322,-0.42159,0.19428,0.44672,0.27232,-0.10856,0.17645,0.089824,-0.081403,0.22265,-0.41833,-0.092548,-0.21881,-0.15248,0.0010954,-0.21179,0.25377,-0.43531,-0.1447,0.19422,-0.12634,0.47845,0.58672,0.35688,-0.65762,0.040449,0.13657,0.18603,0.18089,-0.17749,-0.35388,0.05407,-0.54172,-0.12084,-0.2683,0.17168,0.2653,-0.13904,-0.2949,-0.10958,-0.40764,0.18322,0.29402,0.60122,-0.14709,-0.63614,-0.47706,-0.15017,0.47756,0.26121,-0.083705,0.079037,0.077568,0.11223,-0.22599,0.19829,-0.19243,-0.10001,0.096912,0.53899,-0.042706,-0.21606,-0.1004,0.035268,0.080985,-0.044222,0.05567,0.50726,-0.20056,-0.26513,-0.59164,-0.15362,-0.054355,0.31637,0.27906,-0.60296,-0.13837,-0.82283,0.10013,0.13229,0.25331,-0.06642,-0.53966,-0.034207,-0.18018,-0.52136,-0.23984,0.1559,0.44221,0.27074,-0.27386,-0.0030081,0.43518,-0.028329,-0.21164,-0.14126,0.013258,0.080196,0.13146,0.10419,0.24052,-0.046985,0.13563,0.37646,0.19358,0.20823,-0.40243,0.24213,-0.23328,-0.58106,-0.054966,0.57394,0.33058,0.0078297,0.097539,0.043276,0.095715,-0.36449,0.028278,-0.22568,0.057263,0.34368,-0.32846,-0.129,-0.014999,-0.47875,0.66008,0.31903,-0.19522,-0.22469,0.01663,0.42328,-0.27254,0.50934,7.8715e-4,-0.098881,0.2506,0.079299,-0.27969,0.0061129,0.065899,0.13895,0.43164,0.035311,-0.28247,0.082264,-0.51126,-0.74881,0.42721,0.096853,-0.092403,0.12472,-0.32818,0.61897,-0.24705,0.30609,0.080585,-0.11428,0.18257,-0.07318,0.52711,-0.05561,0.020092,-0.035256,0.36495,0.30984,-0.18298,-0.29916,-0.24441,0.26919,0.43229,-0.49795,-0.20438,-0.13582,0.25037,-0.064971,0.20325,0.13959,0.19444,-0.087871,-0.08422,0.34908,-0.39576,-0.18783,0.32862,0.066059,0.04642,0.76472,-0.35439,-0.11065,-0.27615,0.072604,0.15386,-0.11813,0.3549,0.38996,-0.36142,-0.23484,0.35851,-0.404,0.037819,-0.27527,0.11869,-0.11806,-0.027004,-0.13378,-0.027602,-0.21467,-0.30878,-0.28838,-0.72856,-0.10608,0.40374,0.071793,0.28596,0.38541,0.40166,0.1712,-0.11811,-0.057867,-0.24147,0.74829,-0.077668,0.59673,-0.023879,-0.32566,0.47123,0.69229,0.15237,-0.13154,0.072255,0.76323,0.33413,0.039904,-0.11384,0.43584,-0.33025,0.055455,-0.3865,0.31925,-0.16437,-0.28031,-0.043951,-0.031593,0.26168,-0.32452,0.084045,-0.21913,0.078861,4.6885e-4,-0.24017
yhtiö,fi,corporation,t1,w1,0.30023,0.16408,-0.46278,0.34592,-0.28345,-0.19287,-0.11128,0.31542,0.42255,0.49943,-0.30794,0.054165,-0.1726,0.06841,-0.15644,0.42753,-0.33435,0.026907,0.7338,-0.15549,-0.23936,0.18634,0.61032,-0.29202,-0.085582,0.33173,0.26103,-0.20639,-0.28603,0.25684,-0.059819,0.029274,0.29423,0.068126,-0.47411,0.62026,0.21842,-0.23263,-0.11008,0.034148,-0.030269,0.040979,-0.36709,-0.49181,-0.40297,-0.099784,0.6506,-0.30496,-0.21706,-0.27382,-0.185,0.037055,0.21544,0.90023,-0.2816,0.14481,-0.33255,0.61307,0.39531,-0.19011,-0.17434,0.33149,0.15292,0.27793,0.091598,-0.0043254,0.25591,-0.12992,-0.56516,0.06961,0.040694,-0.0028642,-0.23348,0.065952,-0.053903,0.087053,-0.35857,0.3922,-0.17553,-0.19129,0.40371,0.28157,0.14274,-0.041227,0.15345,0.11784,-0.20155,-0.05964,0.042571,-0.29852,0.15744,-0.33645,0.0059169,0.1513,0.021691,-0.22293,-0.14275,0.030817,-0.13243,0.46683,0.54326,0.29772,-0.43036,0.16533,-0.18171,0.054189,0.28475,0.51475,0.3395,0.058917,-0.1413,0.18099,-0.39769,0.3177,0.27834,-0.33828,0.14091,0.099437,-0.32291,0.014092,0.16867,0.43114,-0.054872,0.48209,0.41966,0.19024,0.11458,0.24455,-0.3389,0.19981,0.44514,0.46173,0.42013,0.1965,-0.09152,-0.20882,-0.28289,-0.10879,0.19472,-0.57339,-0.1089,0.50686,0.45683,-0.34081,-0.018007,0.48012,-0.17883,-0.38016,-0.0053075,-0.07919,0.35532,-0.06094,0.36249,-0.085887,-0.1481,-0.053739,0.095651,0.11286,-0.11487,-0.11373,0.068736,-0.047676,0.20644,0.12036,0.01952,0.52425,0.20572,-0.72769,0.024201,0.19418,-0.13775,-0.63985,0.22764,0.5093,0.22715,-0.50273,-0.11455,0.0056134999999999996,-0.014712,-0.52132,-0.0039581,-0.43841,-0.264,-0.076274,0.17739,-0.17543,0.10319,0.031203,-0.20064,0.14503,0.0064792,0.34801,0.55409,-0.033011,0.0017805,0.18212,-0.090493,0.21121,-0.47626,-0.71418,0.24499,-0.0074437,0.12238,-0.61312,0.30264,-0.0079871,-0.16524,-0.10832,0.17385,-0.35252,0.060421,-0.57439,-0.059143,0.25988,-0.042678,-0.74857,0.18311,0.32496,-0.18227,0.063998,-0.31588,0.10583,0.11858,0.053159,0.13767,-0.37387,0.13861,-0.053845,-0.40551,0.079867,-0.25806,-0.0058851,-9.9527e-4,0.50702,-0.037818,-0.31616,-0.75042,-0.07824,0.54853,0.29442,0.453,0.70553,0.14288,0.11414,-0.57369,-0.26839,0.034826,0.61437,-0.35178,-0.11301,-0.12311,-0.32665,-0.046064,0.42708,0.04213,0.20275,-0.315,-0.41006,-0.24062,-0.35771,0.14958,0.058046,-0.43404,0.48438,0.27824,0.14695,0.0060855,0.050432,0.31601,0.096006,0.029948,0.24373,0.16389,0.40409,-0.49596,0.27478,-0.2877,-0.70686,-0.090879,-0.12118,0.1266,0.23649,-0.066566,-0.41795,0.31186,0.026673,-0.12813,-0.11595,-0.20304,0.41634,0.40236,-0.38751,-0.083375,-0.038485,0.18051,-0.37088,-0.32076,-0.023999,-0.28191,0.3103
