translation,language_code,language,word,gender,translation_id,V2,V3,V4,V5,V6,V7,V8,V9,V10,V11,V12,V13,V14,V15,V16,V17,V18,V19,V20,V21,V22,V23,V24,V25,V26,V27,V28,V29,V30,V31,V32,V33,V34,V35,V36,V37,V38,V39,V40,V41,V42,V43,V44,V45,V46,V47,V48,V49,V50,V51,V52,V53,V54,V55,V56,V57,V58,V59,V60,V61,V62,V63,V64,V65,V66,V67,V68,V69,V70,V71,V72,V73,V74,V75,V76,V77,V78,V79,V80,V81,V82,V83,V84,V85,V86,V87,V88,V89,V90,V91,V92,V93,V94,V95,V96,V97,V98,V99,V100,V101,V102,V103,V104,V105,V106,V107,V108,V109,V110,V111,V112,V113,V114,V115,V116,V117,V118,V119,V120,V121,V122,V123,V124,V125,V126,V127,V128,V129,V130,V131,V132,V133,V134,V135,V136,V137,V138,V139,V140,V141,V142,V143,V144,V145,V146,V147,V148,V149,V150,V151,V152,V153,V154,V155,V156,V157,V158,V159,V160,V161,V162,V163,V164,V165,V166,V167,V168,V169,V170,V171,V172,V173,V174,V175,V176,V177,V178,V179,V180,V181,V182,V183,V184,V185,V186,V187,V188,V189,V190,V191,V192,V193,V194,V195,V196,V197,V198,V199,V200,V201,V202,V203,V204,V205,V206,V207,V208,V209,V210,V211,V212,V213,V214,V215,V216,V217,V218,V219,V220,V221,V222,V223,V224,V225,V226,V227,V228,V229,V230,V231,V232,V233,V234,V235,V236,V237,V238,V239,V240,V241,V242,V243,V244,V245,V246,V247,V248,V249,V250,V251,V252,V253,V254,V255,V256,V257,V258,V259,V260,V261,V262,V263,V264,V265,V266,V267,V268,V269,V270,V271,V272,V273,V274,V275,V276,V277,V278,V279,V280,V281,V282,V283,V284,V285,V286,V287,V288,V289,V290,V291,V292,V293,V294,V295,V296,V297,V298,V299,V300,V301
pojke,sv,swedish,boy,N,t1,-0.37727,-0.044589,0.041476,0.112,-0.19449,0.071022,-0.17259,-0.25978,0.22214,-0.10203,-0.048517,0.33656,0.58898,-0.10167,0.32061,0.34572,-0.23191,-0.33014,0.17962,-0.24044,0.39424,-0.2336,0.18761,-0.17346,0.029376,-0.15857,-0.12509,-0.4114,-0.058769,0.20922,-0.45102,0.018611,-0.31002999999999997,0.2211,-0.21792,0.092183,-0.11336,-0.15729,0.54079,-0.19009,-0.23994,-0.61858,0.092745,0.51418,0.026077,-0.048588,0.38329,0.081353,0.095996,0.31934,-0.24458,-0.42584,-0.56835,0.28229,-0.34209,-0.59355,-0.29404,-0.20254,0.46997,0.17122,-0.28732,0.37527,-0.27257,-0.15437,0.11166,0.16731,-0.33951,0.059697,0.2231,0.060336,-0.38752,-0.15982,0.1358,0.24396,-0.39195,-0.28061,0.27498,0.059493,-0.39194,-0.31982,-0.31533,0.27413,0.38369,0.2783,0.0055582,-0.15794,-0.20578,0.10121,0.44964,0.29236,0.37851,-0.29436,0.13963,0.50742,0.1709,-0.025455,-0.40916,0.23012,0.24302,0.25887,0.31171,0.46569,-0.059735,-0.2481,-0.50614,-0.41584,0.13893,0.075051,0.17583,-0.20238,0.074045,-0.19451,-0.08424,-0.45735,-0.011096,-0.053125,-0.42348,-0.12766,-0.43228,0.12112,-0.10417,-0.61002,-0.066236,0.01017,0.23672,-0.27062,-0.18912,-0.010568,-0.018118,-0.079853,-0.32295,-0.045696,0.28577,-0.23509,-0.35107,0.020769,0.38063,0.22493,0.16969,0.18862,-0.38461,0.44661,0.21817,-0.16142,0.15355,0.08539,0.22182,-0.31156,0.16603,-0.3366,-0.35568,-0.17671,0.19954,0.068949,-0.45063,0.036636,-0.5482,0.13755,0.29804,0.57385,0.26304,0.12182,-0.042777,0.76294,0.31855,-0.15548,0.36094,-0.22619,-0.19136,0.016825,0.098065,0.27265,-0.22143,-0.30737,0.24447,0.053595,0.20637,-0.2086,-0.65875,-0.28876,-0.16969,-0.44596,-0.17318,-0.041165,-0.57954,0.29524,-0.16905,0.016809,-0.037145,0.18022,0.27118,0.23059,-0.072004,0.52276,-0.14146,0.35904,0.18228,-0.19846,-0.47534,0.093976,0.50718,0.0069541,-0.083958,-0.37659,0.34156,-0.01895,-0.41674,0.24704,-0.10311,0.19878,-0.058466,-0.01592,-0.14208,-0.03221,0.15644,-0.28823,-0.184,0.014599000000000001,-0.025917,0.14307,0.17792,-0.073718,-0.19849,-0.074547,-0.52754,0.26335,0.50652,0.11226,-0.17008,-0.60722,-0.098469,0.32171,0.56002,-0.5069,-0.069785,-0.12238,0.16097,0.01244,-0.052744,0.2982,-0.3311,0.25637,0.09525,0.15276,0.13469,0.11884,0.72452,-0.45304,0.32108,-0.018003,-0.34755,-0.40851,-0.19872,-0.057373,0.0098986,0.22152,-0.30002,-0.15377,0.3684,-0.010995,-0.11337,-0.046254,0.093387,-0.24404,0.15265,0.1806,-0.34874,0.46093,0.028991,0.1613,0.40305,0.13759,-0.013812,0.15328,-0.36734,0.11355,-0.17408,-0.082733,-0.31737,-0.19806000000000001,0.032449,0.16695,-0.89176,0.13535,-0.034686,0.047721,0.324,0.2218,-0.2576,-0.093624,-0.17116,-0.42195,-0.30528,0.16647,-0.038917,-0.0016706,0.27217,-0.49417,-0.20364,0.2802
bror,sv,swedish,brother,N,t1,-0.22961,-0.01212,-0.14595,-0.13631,-0.14864,0.26957,-0.1075,-0.46383,0.43638,0.062931,-0.27005,0.10161,-0.32713,0.009112,-0.50114,0.52614,0.055549,-0.10546,0.46344,-0.37938,-0.2101,0.48452,-0.013142,-0.057316,0.43475,0.1619,0.14626,-0.89159,0.26218,0.043028,-0.50011,-0.094833,-0.15616,-0.18098,-0.27685,0.0042804,0.071935,-0.41366000000000003,0.1987,-0.27339,0.001931,-0.15085,-0.067044,0.14865,0.1426,-0.043797,0.1566,0.25919,0.081187,-0.40565,0.20359,-0.016945000000000002,-0.47844,0.47635,-0.12121,0.017568,-0.11135,0.30766,0.18102,0.11641,0.10842,-0.19049,0.03119,0.26458,0.28791,0.10921,-0.14632,0.002846,0.12067,0.13035,-0.21835,-0.10412,-0.11624,-0.0060586,0.22183,-0.50643,0.24948,0.28771,-0.2262,-0.061484,0.0061207,0.017306,0.18018,0.059307,-0.11644,-0.22164,-0.33357,-0.098685,0.25902,0.046494,0.2577,-0.069983,0.091628,0.14826,-0.2685,-0.0055133,0.21087,-0.39017,-0.34446,-0.11283,0.19914,0.18238,-0.18276,-0.28898,-0.13135,-0.0046249,0.52731,-0.080169,0.23406,0.23948,0.09624,-0.16895,-0.29052,-0.079075,0.12091,0.10842,-0.077905,0.048074,-0.39674,-0.044458,-0.063117,0.18868,-0.25875,-0.32403,-0.29671,0.18007,-0.1637,-0.10981,-0.39273,-0.077471,0.050755,0.34592,0.19901,0.30847,-0.0084568,0.3565,-0.049205,-0.1317,-0.0058802,0.27828,-0.31505,0.49288,-0.039049,-0.046438,0.0027429,0.16124,0.11896,0.091989,0.34983,-0.029703,-0.36914,-0.25683,-0.12501,-0.14498,-0.40176,-0.28923,-0.33832,-0.25915,-0.023413,0.31384,0.3257,-0.042777,-0.28197,0.34757,0.077674000000000007,-0.24009,-0.057273,0.17549,-0.024654,-0.034682,-0.02719,-0.15523,0.017881,-0.30133,0.097025,0.10166,-0.27196,-0.1378,-0.18922,-0.26627,-0.44205,-0.31042,0.076759,0.16391,0.31806,0.11842,-0.097126,-0.12808,-0.054887,-7.8835e-4,0.065529,-0.042715,-0.089013,0.21734,-0.030046,-0.043588,0.16687,0.57654,-0.087871,-0.1835,0.3236,0.14848,-0.098202,0.40406,-0.22056,-0.33762,-0.07829,0.057302,0.17091,0.060987,-0.23043,0.10278,-0.39276,-0.077445,0.0044708,-0.4934,-0.069935,-0.096284,0.22877,0.068312,0.19388,-0.14044,-0.59497,0.035064,0.14577,0.28696,0.28728,-0.0050546,0.026583,-0.048211,0.038203,0.64957,-0.24619,-0.20372,0.50081,-0.09677,0.17843,-0.037248,0.032719,0.20441,-0.41796,0.093187999999999993,-0.2646,-0.23844,-0.1436,0.13331,0.45773,0.0050389,0.3393,0.31454,-0.29513,-0.61856,-0.096893,0.10091,-0.10834,-0.33996,0.24926,-0.059731,0.27694,-0.23538,-0.058973,0.0037674,0.15846,-0.037805,-0.22732,0.29518,-0.17899,0.12503,-0.066913,-0.016806,0.10292,0.17241,0.023102,-0.1316,-0.47694,0.10819,0.24919,-4.0246e-4,-0.13646,0.41669,0.14034,0.22236,-0.49361,0.2403,-0.080801,0.11068,0.20872,0.11153,-0.32803,0.2483,0.061487,-0.24461,0.008274,0.61917,-0.34961,-0.065673,0.34547,0.011369,-0.0011039,0.2191
företag,sv,swedish,business,N,t1,-0.50792,0.72453,-0.29679,0.046766,0.089031,0.27711,0.056566,-0.46425,-0.36071,-0.058412,-0.40048,-0.23474,-0.11881,0.039647,-0.45898,-0.15333,-0.20187,0.0049577,0.33205,-0.38089,0.12151,-0.048565,0.1082,-0.28705,-0.26921,-0.13021,-0.036635,-0.33373,-0.15524,0.39599,0.48622,0.16971,-0.40318,-0.24963,-0.30732,0.05062,-0.39392,-0.24738,-0.15026,-0.23301,-0.21913,-0.34833,0.2055,0.16961,0.063923,-0.38968,0.27107,-0.057507,-0.041229,-0.023439,-0.29581,0.12703,-0.05826,-0.50855,0.21939,-0.23495,-0.14704,0.14955,0.14414,0.07647,0.13428,0.15437,-0.089165,-0.10799,0.37956,-0.32873,0.41875,-0.15764,0.35315,-0.38924,0.31303,-0.03246,-0.052903,2.2721e-4,0.39973,-0.11262,-0.080932,-0.068126,-0.0053206,-0.092049,-0.045305,0.34242,0.37079,0.13294,-0.04888,0.14478,0.062218,0.16372,0.098768,-0.18288,0.06177,0.15372,0.5249,0.43646,-0.19817,-0.13027,-0.012842,0.27267,-0.2763,-0.25185,-0.64192,-0.14651,-0.16694,-0.070413,-0.6033,-0.11031,-0.021836,0.1799,-0.3959,0.43392,-0.26766,-0.22978,0.11872,0.0041805,-0.21491,-0.24867,-0.030148,0.077276,-0.023289,0.53116,-0.21774,0.15893,0.37767,-0.26452,0.11368,0.21806,-0.034609,-0.13664,-0.58247,0.25917,-0.24776,0.30115,-0.55533,-0.242,-0.3032,-0.13254,0.17077,-0.16356,-0.046451,-0.090783,-0.37988,0.032395,0.73905,0.14022,0.087951,-0.35757,0.13119,-0.013077,-0.18533,-0.61291,-0.24311,-0.305,0.093792,-0.0072925,-0.19296,-0.46947,-0.49472,0.27207,0.39545,0.12461,-0.18055,-0.4723,0.24282,-0.27681,-0.060896,0.30853,0.17297,0.2496,-0.082768,0.1998,0.5166,-0.1174,0.045767,-0.51077,0.51524,-0.13985,0.18729,-0.22162,0.34144,-0.012876,-0.02245,-0.35694,0.075771,-0.078734,0.35059,0.012459,-0.27671,-0.43933,-0.43331,0.0047009,-0.077193,0.14425,0.018598,-0.034937,0.18655,0.055416,-0.31965,-0.18043,0.16383,-0.5041,0.35706,-0.16164,-0.31644,-0.43885,0.16262,-0.26048,0.03126,0.26068,0.40248,0.39106,-0.0154,-0.21083,-0.10065,-0.7598,-0.50802,-1.0374,-0.018885,0.14896,-0.10982,0.22831,0.1087,-0.063182,-0.6675,0.43285,0.25996,-0.25795,0.0010508,-0.065161,-0.46134,0.10608,-0.057978,0.20967,-0.014788,0.29615,-0.038682,-0.38498,0.016277,-0.083564,0.095393,0.034109,0.69937,-0.22289,-0.13207,-0.14343,-0.25997,0.1988,0.049043,-0.33929,0.27238,0.20528,-0.4666,-0.029462,0.33969,0.81808,-0.71692,-0.14736,0.1235,0.17634,-0.17073,-0.099068,-0.26492,0.46434,-0.15536,0.283,0.26334,0.42981,-0.22375,-0.057439,-0.092963,-0.2185,0.17904,0.72704,1.113,-0.18313,-0.0034869,0.2295,-0.17652,0.11288,0.25573,-0.41588,-0.20264,-0.064602,-0.30918,-0.39755,0.21396,0.010779,0.29564,-0.10913,0.015964,-0.41257,-0.48543,0.0094303,0.19087,0.52333,0.30947,-0.11798,-0.44861,0.17811,-0.2203,0.35152
karriär,sv,swedish,career,N,t1,0.16691,0.51878,-0.15783,-0.021515,-0.39548,0.51505,0.74092,-0.25086,-0.30833,-0.40173,-0.15171,0.088072,-0.45622,0.42272,0.0038771,-0.20191,-0.44998,-0.50604,-0.023923,-0.035377,-0.023345,0.093059,-0.019826,0.043682,-0.27197,-0.12202,-0.021785,-0.71847,-0.078745,-0.26089,-0.0012056,0.36205,0.40199,-0.019961,-0.069752,-0.30107,-0.082869,-0.086778,-0.064429,-0.33987,0.19079,-0.025436,0.1951,-0.077022,-0.49481,-0.063287,0.09043,0.27679,0.10952,-0.40818,-0.088927,0.035104,-0.84239,0.42931,-0.66363,-0.33,-0.0050312,-0.12079,-0.041715,0.085123,0.18699,-0.097896,-0.56407,-0.45444,0.25345,0.34585,-0.16309,0.01796,0.023896,-0.10125,-0.19383,-0.20477,-0.18747,0.14118,0.30148,-0.4473,0.025519,0.46274,0.018528,-0.0595,0.023872,-0.45893,-0.38037,-0.034953,-0.19601,-0.29624,0.64184,0.25448,0.41665,-0.21218,-0.019807,0.31459,0.63942,0.36348,-0.37292,-0.043783,-0.28334,0.11227,-0.22436,-0.33782,-0.16446,-0.65343,0.056677,0.34881,-0.023637,0.33728,-0.74449,0.282,0.39869,0.76406,-0.67758,0.092675,-0.1449,0.054431,-0.16252,0.010659,0.040845,0.10188,-0.11999,0.25981,-0.14475,-0.18368,0.04936,0.2279,-0.58542,-0.45271,0.20549,0.35633,-0.3582,0.32429,-0.43071,-0.36183,-0.56244,0.21873,-0.23456,-0.56161,0.033344,-0.43376,0.0041536,0.15769,-0.71445,0.22958,0.0073889,0.13813,-0.082794,0.20864,0.034638,-0.11035,0.011209,-0.47216,0.5215,-0.48563,-0.46314,0.13588,0.47155,0.15406,-0.53589,-0.47252,-0.047495,0.56491,0.4592,0.089396,-0.62121,0.27529,0.038651,0.20887,-0.50735,-0.26551,-0.44836,-0.18254,0.084771,-0.21354,-0.028549,0.13559,0.44108,-0.35719,-0.57105,-0.92039,-0.31809,-0.082529,-0.21802,-0.46078,-0.097709,-0.36496,0.1948,0.056414,-0.27646,-0.071886,-0.47863,-0.070012,-0.15225,-0.29639,-0.29257,0.089517,0.052141,-0.082462,0.074867,-0.041355,-0.18784,-0.43482,0.42955,-0.050444,-0.38464,0.15132,-0.091283,-0.44402,0.10875,0.12739,0.0090012000000000009,0.098223,-0.083418,0.21771,-5.1604e-4,-0.080183,-0.67889,-0.51283,0.38427,-0.30079,-0.48628,0.10872,0.063881,-0.20311,-0.13245,0.13842,-0.10218000000000001,0.57414,0.022853,-0.13135,-0.11994,-0.79338,-0.0035441,0.43593,-0.02921,-0.14468,0.18875,0.086888,-0.21487,0.17247,-0.078012,-0.1813,0.044566,-0.16343,0.54239,-0.27042,-0.24705,-0.34551,0.43676,-0.40875,0.76453,0.17816,-0.057827,-0.047602,0.17302,0.15768,-0.29649,-0.018979,0.10831,0.085297,0.086666000000000007,-0.094867,0.36375999999999997,0.44268,-0.013139,-0.17354,0.040494,0.16168,0.021501,0.56928,0.3753,-0.1444,-0.038845,0.35588,0.75238,-0.28316,-0.54211,-0.095381,0.94167,3.4531e-5,-0.14357,-0.14885,-0.31425,0.36103,0.34592,0.25176,-0.54859,-0.59676,0.33388,0.29933,0.47075,0.15239,0.22325,0.17404,0.10796,-0.0090334,0.43121,0.053753,0.051592,0.17499,-0.072323,0.0074923
barn,sv,swedish,children,N,t1,-0.074815,-0.21667,0.037521,0.1892,-0.10467,0.2373,-0.012679,-0.063163,-0.15102,0.37975,0.015102,0.35549,0.13828,-0.18896,-0.18922,0.24175,-0.34337,0.046996,0.21607,-0.12788,0.49943,0.11556,-0.040092,-0.47155,0.4115,-0.1366,-0.064433,-0.45871,0.085633,-0.0071226,-0.066194,0.10215,-0.24756,0.2437,-0.13749,-0.36586,0.032688,0.081475,0.46103,-0.24765,-0.13593,-0.33926,0.047719,0.38479,0.10713,0.14783,-0.23092,0.24206,0.24591,0.18791,0.044862,-0.21379,-0.31204,0.16964,-0.16805,-0.25043,0.15767,-0.27631,0.43025,0.18727,-0.1596,0.13408,-0.36754,-0.29894,0.32364,0.55211,-0.20834,0.028659,-0.2595,0.0078039,-0.16684,-0.16902,-0.16123,0.0040363,0.12877,-0.11392,-0.12444,0.12247,-0.25052,0.069292,0.046067,0.3815,0.22523,0.0040976,0.21792,-0.17781,-0.087696,0.18217,-0.18602,0.22923,-0.079716,-0.17302,0.25271,0.44072,-0.091484,0.15248,0.19088,0.24781,-0.058498,-0.022865,-0.0035799,-0.034224,-0.30891,-0.22194,-0.1477,-0.036786,0.057604,0.097342,0.060858,-0.10528,-0.06203,-0.1139,-0.12928,-0.054774,-0.51534,0.11338,-0.035331,0.15156,-0.12926,-0.15471,0.071431,0.0099712,-0.057615,-0.13852,0.02529,0.22581,0.10181,-0.055063,0.20104,-0.041581,0.10149,0.26543,0.2576,-0.24777,-0.14038,-0.27323,-0.27086,0.087007,-0.17641,-0.068635,0.029851,0.041568,0.13833,-0.30605,-0.23626,0.13729,0.48027,-0.06899,-0.037451,-0.099352,-0.15849,-0.17069,-0.32395,0.0064305,-0.67153,-0.23741,-0.42052,0.027343,0.33173,0.13296,-0.30882,0.067135,0.15376,0.68506,0.20737,-0.13403,0.20287,-0.0059027,-0.16714,0.060074,0.067414,-0.11749,0.15065,-0.21918,0.056816,0.063092,0.26248,0.13853,0.075913,-0.093037,-0.5075,-0.27271,-0.20726,-0.21269,0.017875,-0.045701,-0.2638,-0.18275,-0.16926,0.42097,0.3136,-0.2793,-0.083499,0.081614,0.2332,-0.11622,-0.087487,-0.18435000000000001,-0.53305,-0.08444,0.55027,-0.32096,0.051321,-0.27665,-0.062011,-0.1582,-0.085762,0.21607,0.30038,0.41707,-0.090346,0.051822,-0.083141,-0.26892,-0.15017,-0.21457,-0.20743,0.14809,0.029349,0.17523,-0.054447,-0.26568,-0.24436,0.33437,-0.41169,0.01629,0.12283,0.13569,-0.71579,-0.12034,-0.20074,0.034626,0.20829,-0.21491,-0.14477,-0.44501,-0.35716,0.034756,-0.24274,0.24657,0.071731,0.22166,-0.039095,0.22836,0.059172,-0.1539,-0.14061,-0.44356,0.2599,-0.046296,-0.01159,-0.23703,0.10994,-0.0080444,-0.12246,0.066767,-0.099026,-0.10114,0.19851,0.12951,-0.061486,0.16663,0.34956,-0.030814,0.43521,0.27145,-0.067569,0.07937,-0.014393,-0.31606,-0.098427,0.32947,0.31216,0.1287,0.14982,-0.34819,-0.062516,0.075357,-0.29242,-0.0031945,0.05562,0.025808,-0.16136,-0.067167,0.022986,0.211,-0.20604,0.31006,0.4039,-0.091179,-0.28256,-0.2615,-0.36519,0.40998,-0.39406,-0.18061,-0.5,-0.24439,-0.058334,0.55199
företag,sv,swedish,corporation,N,t1,-0.50792,0.72453,-0.29679,0.046766,0.089031,0.27711,0.056566,-0.46425,-0.36071,-0.058412,-0.40048,-0.23474,-0.11881,0.039647,-0.45898,-0.15333,-0.20187,0.0049577,0.33205,-0.38089,0.12151,-0.048565,0.1082,-0.28705,-0.26921,-0.13021,-0.036635,-0.33373,-0.15524,0.39599,0.48622,0.16971,-0.40318,-0.24963,-0.30732,0.05062,-0.39392,-0.24738,-0.15026,-0.23301,-0.21913,-0.34833,0.2055,0.16961,0.063923,-0.38968,0.27107,-0.057507,-0.041229,-0.023439,-0.29581,0.12703,-0.05826,-0.50855,0.21939,-0.23495,-0.14704,0.14955,0.14414,0.07647,0.13428,0.15437,-0.089165,-0.10799,0.37956,-0.32873,0.41875,-0.15764,0.35315,-0.38924,0.31303,-0.03246,-0.052903,2.2721e-4,0.39973,-0.11262,-0.080932,-0.068126,-0.0053206,-0.092049,-0.045305,0.34242,0.37079,0.13294,-0.04888,0.14478,0.062218,0.16372,0.098768,-0.18288,0.06177,0.15372,0.5249,0.43646,-0.19817,-0.13027,-0.012842,0.27267,-0.2763,-0.25185,-0.64192,-0.14651,-0.16694,-0.070413,-0.6033,-0.11031,-0.021836,0.1799,-0.3959,0.43392,-0.26766,-0.22978,0.11872,0.0041805,-0.21491,-0.24867,-0.030148,0.077276,-0.023289,0.53116,-0.21774,0.15893,0.37767,-0.26452,0.11368,0.21806,-0.034609,-0.13664,-0.58247,0.25917,-0.24776,0.30115,-0.55533,-0.242,-0.3032,-0.13254,0.17077,-0.16356,-0.046451,-0.090783,-0.37988,0.032395,0.73905,0.14022,0.087951,-0.35757,0.13119,-0.013077,-0.18533,-0.61291,-0.24311,-0.305,0.093792,-0.0072925,-0.19296,-0.46947,-0.49472,0.27207,0.39545,0.12461,-0.18055,-0.4723,0.24282,-0.27681,-0.060896,0.30853,0.17297,0.2496,-0.082768,0.1998,0.5166,-0.1174,0.045767,-0.51077,0.51524,-0.13985,0.18729,-0.22162,0.34144,-0.012876,-0.02245,-0.35694,0.075771,-0.078734,0.35059,0.012459,-0.27671,-0.43933,-0.43331,0.0047009,-0.077193,0.14425,0.018598,-0.034937,0.18655,0.055416,-0.31965,-0.18043,0.16383,-0.5041,0.35706,-0.16164,-0.31644,-0.43885,0.16262,-0.26048,0.03126,0.26068,0.40248,0.39106,-0.0154,-0.21083,-0.10065,-0.7598,-0.50802,-1.0374,-0.018885,0.14896,-0.10982,0.22831,0.1087,-0.063182,-0.6675,0.43285,0.25996,-0.25795,0.0010508,-0.065161,-0.46134,0.10608,-0.057978,0.20967,-0.014788,0.29615,-0.038682,-0.38498,0.016277,-0.083564,0.095393,0.034109,0.69937,-0.22289,-0.13207,-0.14343,-0.25997,0.1988,0.049043,-0.33929,0.27238,0.20528,-0.4666,-0.029462,0.33969,0.81808,-0.71692,-0.14736,0.1235,0.17634,-0.17073,-0.099068,-0.26492,0.46434,-0.15536,0.283,0.26334,0.42981,-0.22375,-0.057439,-0.092963,-0.2185,0.17904,0.72704,1.113,-0.18313,-0.0034869,0.2295,-0.17652,0.11288,0.25573,-0.41588,-0.20264,-0.064602,-0.30918,-0.39755,0.21396,0.010779,0.29564,-0.10913,0.015964,-0.41257,-0.48543,0.0094303,0.19087,0.52333,0.30947,-0.11798,-0.44861,0.17811,-0.2203,0.35152
kusiner,sv,swedish,cousins,N,t1,-0.21198,-0.37469,-0.33117,0.23167,0.2744,-0.039218,-0.4802,-0.27438,0.62306,0.49628,-0.27784,-0.055705,-0.10069,-0.20028,-0.66769,0.24495,0.17928,-0.33196,0.30254,-0.41651,0.17364,0.58386,0.36979,-0.28171,0.45529,0.14412,0.20959,-1.0859,0.050107,0.14316,-0.31407,-0.26587,-0.16472,0.64592,-0.33395,-0.20718,-0.46775,0.12348,0.48991,-0.090636,-0.25353,-0.61441,-0.21604,0.052043,0.085782,0.1019,-0.28601,0.40472,-0.22629,-0.30873,0.3937,-0.04732,0.12091,0.29829,0.070741,0.21297,0.57113,-0.1689,0.034388,-0.033111,0.26926,0.14636,0.044442,-0.49528,-0.11606,0.33465,0.68587,0.20056,-0.11341,0.42506,-0.49128,-0.010342,0.10186,-0.32767,0.97815,-0.18427,0.6542,0.12174,0.24942,-0.39289,0.41431,0.35228,0.35168,-0.47281,-0.087751,-0.49496,-0.47834,0.31284,-0.075277,0.42157,0.58084,-0.21656,0.082073,0.26532,-0.18703,-0.14778,0.69576,-0.029732,-0.29916,-0.11182,-0.20583,0.038464,-0.19314,-0.83851,0.28523,-0.86453,0.26763,0.34244,0.089225,0.26169,0.17219,0.19616,-0.44209,-0.75242,-0.039147,-0.45163,0.14589,0.25816,-0.19386,0.043966,-0.52224,0.21992,0.068798,-0.36862,-0.21482,-0.27949,-0.29929,0.38483,-0.23911,0.33348,0.3537,0.43382,-0.25047,-0.39365,-0.024923,-0.080612,-0.486,0.090174,-0.6372,0.37739,-0.48835,-0.1205,-0.10026,-0.11706,-0.0012199,-0.11223,0.15045,-0.28152,0.11757,-0.12734,0.19194,-0.28269,-0.48977,0.17132,-0.36705,0.10181,-0.71025,-0.17615,0.16823,0.15829,0.14206,-0.095248,0.2173,0.6827,-0.51376,-0.27387,-0.023385,-0.22334,0.06639,-0.2715,-0.11864,-0.092367,0.26568,-0.13979,-0.48015,0.18949,-0.43765,0.1573,0.65744,-0.060887,-0.36015,-0.0043554,0.078848,-0.28351,-0.018883,-0.25035,-0.090663,-0.48818,-0.16077,0.16661,0.12417,-0.23168,-0.24742,-0.12339,-0.3749,-0.53366,-0.090246,0.33101,-0.14738,-0.48931,0.31827,-0.55698,0.29628,-0.34891,0.38635,0.010915,-0.17536,0.23964,0.070689,0.42508,-0.33135,-0.33878,-0.039004,-0.031203,-0.27104,-0.39879,0.11917,0.079761,-0.049558,0.41526,-0.11628,0.047822,-0.53592,-0.34083,-0.10663,0.2087,0.60255,0.38579,-0.33722,0.21975,0.16353,0.56891,-0.28915,-0.3727,0.14295,-0.44757,0.32869,-0.0092944,0.12604,-0.30846,-0.27195,0.39704,-0.25519,-0.31213,-0.13238,0.3095,0.031869,0.11177,-0.17255,0.43529,0.21577,-0.54217,0.36947,0.24791,-0.39463,-0.028925,-0.11189,-0.4423,-0.55788,-0.17665,-0.01332,-0.14369,-0.045162,0.081399,0.07408,0.36458,-0.51645,0.21327,-0.060013,0.33739,-0.02704,-0.18272,0.36779,-0.075779,-0.098839,-0.22755,-0.018771,0.19678,0.22257,0.11782,0.60887,-0.27093,-0.27583,0.53031,-0.39008,0.073823,0.10191,0.12592,0.091602,0.090016,-0.13222,-0.4982,0.54382,-0.076347,0.13365,0.045242,0.11315,0.32504,0.20573,0.42818
dotter,sv,swedish,daughter,N,t1,-0.11117,0.15666,-0.24206,0.063413,-0.38469,0.34377,-0.25252,-0.097447,0.18973,0.14509,-0.31456,0.013301,-0.021556,0.24899,0.18675,0.58902,0.1996,0.14282,0.2136,-0.29384,0.10901,0.58593,0.18192,-0.32942,0.48529,-0.0095323,-0.07507,-0.60721,-0.069732,0.16068,-0.021642,0.25998,-0.13227,-0.54534,0.23991,-0.18263,0.18212,-0.5741,0.20696,-0.35373,0.12674,-0.4279,0.039762,0.42186,0.17348,0.20175,0.060929,0.23086,0.34409,0.053273,-0.039375,-0.43912,-0.47641,0.55231,-0.62357,-0.28023,-0.12047,0.018928,0.23777,0.22429,0.28312,-0.35796,-0.24823,-0.15064,-0.053368,0.35301,-0.43739,0.079416,-0.37174,0.031343,-0.22971,-0.0039991,-0.2299,-0.035008,0.2713,-0.50616,0.027067,0.33758,-0.15689,-0.15773,0.031093,0.017494,-0.051474,0.099171,-0.079645,0.31592,-0.062458,-0.3928,0.14371,-0.0013132,0.17695,-0.2768,0.28089,0.54295,0.042513,0.1191,-0.072442,-0.18546,0.20587,-0.47861,-0.029181,0.79272,-0.042991,-0.34895,-0.24601,-0.062644,0.22283,-0.2939,0.2338,0.25176,0.20956,0.13998,-0.48257,-0.14705,-0.025195,0.061354,0.0060803,0.24686,-0.35017,-0.1284,0.13384,0.28685,-0.11748,-0.015249,-0.34617,0.070069,-0.41467,-0.26036,-0.020625,-0.20337,-0.12068,0.17686,0.28755,-0.060006,-0.027334,0.13634,0.23839,0.04935,0.034136,0.20221,-0.19998,0.020789,0.23359,-0.058848,0.3122,0.32085,0.40227,0.041964,-0.23639,-0.02424,-0.33137,-0.14434,-0.21869,0.0010757,-0.61411,-0.014229,-0.73254,0.047592,0.36691,0.50938,-0.032002,0.12526,-0.09069,0.40322,0.36257,0.031087,-0.23616,-0.14428,-0.12194,0.22444,0.049129,0.13014,-0.11648,-0.25714,-0.3274,0.073952,-0.090889,0.14756,0.0017077,0.027737,-0.28491,-0.17688,-0.26933,-0.10121,0.27418,0.041987,0.12933,0.32825,-0.15105,0.5566,-0.034783,-0.080204,-0.33485,-0.079055,0.09516,-0.1037,0.18261,0.043532,-0.035018,-0.38323,0.65235,0.14988,-0.2936,0.22891,-0.084887,-0.12038,-0.0064605,0.061022,0.21539,0.25605,-0.026446,-0.20212,-0.20608,-0.1,-0.044934,-0.22884,0.10917,0.28116,-0.27781,0.2556,0.059295,-0.43094,-0.17451,-0.05861,-0.24604,0.23604,-0.12042,-0.068198,-0.46954,-0.23832,0.16824,0.17835,0.17384,-0.23847,0.38208,-0.058063,-0.24781,0.25522,-0.1587,0.26873,0.1279,0.33083,0.28838,-0.50596,-0.51893,-0.072927,0.15615,-0.43254,0.30975,-0.079135,-0.14815,-0.84344,0.15633,0.030295,-0.089471,-0.065981,0.2594,0.21067,0.14379,0.14125,0.22676,0.094128,0.014274,-0.22239,-0.21637,0.35005,-0.16885,0.51491,0.10281,-0.010257,0.25641,0.16589,-0.29341,-0.065959,0.0066245,-0.0449,-0.06823,0.044471,-0.19292,-0.22401,0.29815,-0.31417,0.068759,-0.12097,-0.31826,-0.33375,0.18374,0.010942,0.14986,0.31257,0.050562,0.01176,-0.19294,0.36962,-0.21399,-0.23628,0.040671,0.048353,-0.17088,0.58934
verkställande,sv,swedish,executive,N,t1,-0.40621,0.24505,-0.21363,-0.42369,-0.42523,0.28227,0.0079621,-0.4371,0.03808,0.14019,-0.065931,-0.053747,-0.24992,0.17844,0.19543,0.066142,-0.0038172,0.26613,-0.16174,-0.25243,-0.30996,0.089278,-0.66711,-0.21011,0.28447,0.29089,0.82072,-0.33366,0.088472,0.62896,-0.62098,0.35929,0.10221,-0.28377,-0.24283,-0.16685,-0.1764,0.18994,-0.21162,0.14504,0.36883,0.58178,0.21129,0.11579,0.049144,-0.054835,-0.018258,-0.12801,0.017867,0.25359,-0.55424,-0.35815,-0.12757,-0.057661,0.14073,-0.16722,0.035197,0.04696,0.27168,0.18116,-0.063596,0.54092,0.075832,0.11736,-0.028401,-0.12261,0.040887,0.26662,0.25636,0.18563,0.15692,0.36186,-0.41237,-0.12308,-0.16006,0.18232,0.33758,-0.046152,-0.53044,-0.36144,-0.063405,0.0066961,0.0025485,-0.018486,0.55718,0.16616,-0.0051092,0.24841,0.072472,0.14359,0.044767,0.24762,0.47079,-0.25609,0.090898,-0.046561,-0.33004,-0.2408,-0.12067,-0.5365,8.1763e-4,0.029467,-0.13199,-0.37813,0.06338,-0.22048,0.13271,0.092937,0.52384,0.19049,0.29272,0.48275,0.01939,-0.098754,-0.09874,-0.13578,0.216,0.12758,-0.2201,0.459,0.3488,-0.055683,-0.067258,-0.26717,0.32437,0.11638,0.58248,-0.16992,-0.085963,0.060879,0.11891,0.0061559,-0.35438,0.4702,-0.16065,-0.19287,-0.070609,0.33241,-0.015481,-0.41643,-0.45366,-0.028386,-0.39687,1.0323,0.058667,-0.3577,-0.016689,0.25775,-0.68619,0.16052,0.0626,0.12191,-0.31418,0.063703,-0.19669,-0.08222,-0.16789,0.70483,0.13496,0.23086,-0.060979,0.17134,0.10974,-0.07175,0.0019529,0.25506,0.10908,0.42987,-0.67037,-0.0917,-0.054277,0.13819,0.15113,-0.20578,-0.42399,-0.042771000000000003,0.33082,0.10921,0.044419,-0.17822,-0.0092369,0.13896,0.067421,-0.34093,0.15847,-0.42131,-0.32545,-0.54076,-0.15364,0.0088355,0.17331,0.3055,0.23202,-0.12693,0.086197,-0.10504,-0.11774,-0.67096,-0.17737,-0.20186,-0.27332,-0.063188,0.23502,-0.2486,-0.32572,-0.48103,0.2284,-0.27318,-0.20158,0.18633,-0.15125,0.18881,0.12167,-0.14993,-0.30842,-0.21046,0.29217,-0.31673,0.011105,-0.01872,0.10453,-0.55347,-0.33509,0.19732,0.076251,-0.16055,0.54607000000000006,-0.29095,-0.28426,-0.050058,-0.1538,0.13221,-0.21926,0.37785,-0.20043,-0.1316,-0.28582,-0.27766,0.19352,0.038406,0.66998,0.24379,0.030216,0.3076,-0.0051242,0.0091555,0.23645,-0.64359,0.33833,0.57027,-0.046962,-0.14739,0.24044,-0.088523,-0.64844,-0.40881,0.8372,0.061161,-0.48871,-0.0013254,0.1691,-0.32505,-0.053358,0.24817,-0.61544,0.79872,0.32831,-0.39685,0.59513,-0.094246,0.016947,0.47402,0.80953,-0.28477,-0.1869,0.76128,-0.030863,-0.23461,0.16142,-0.012303,0.26316,0.15315,0.26725,-0.10639,0.087875,0.21286,0.34268,-0.12841,0.18713,-0.14456,-0.054393,0.032959,0.015944,0.30626,0.18219,-0.17749,-0.29589,0.14603,0.23651,0.23489
familj,sv,swedish,family,N,t1,-0.17721,0.072346,0.054092,0.14901,0.074474,0.056919,0.074413000000000007,-0.12615,-0.11423,0.071578,-0.26008,0.20513,-0.11558,-0.0083202,-0.21967,0.18749,-0.25989,-0.32758,0.19274,-0.20592,-0.0022183,0.59172,0.076294,-0.33283,0.26487,-0.2009,-0.25287,-0.39658,0.17733,0.34372,-0.16176,-0.22074,-0.21827,0.15579,-0.59308,-0.041658,0.099849,-0.018049,0.2081,-0.15422,0.04355,-0.51836,0.27751,0.53209,0.04574,0.19763,0.11178,0.06393,0.09906,-0.24511,0.078931,-0.28439,-0.54816,0.20089,-0.22672,-0.49822,-0.14421,-0.017347,-0.31799,0.14955,0.25046,-0.036983,-0.15316,-0.19523,0.53092,0.12532,-0.0382,0.058539,0.066401,0.20324,-0.35618,-0.07676,0.16737,0.10962,0.49188,-0.51151,0.020708,0.0073468,-0.16742,0.27411,0.046509,0.13071,0.1367,0.098498,-0.15682,-0.051682,-0.12277,0.31624,0.29097,0.063573,-0.03776,-0.35362,0.0097667,0.47637,-0.11407,-0.29529,0.038038,0.082138,-0.14495,0.091991,0.21464,0.23292,-0.067583,0.31333,0.14372,0.13697,0.10015,-0.22727,0.082737,0.20248,0.10086,0.0096899,-0.58502,-0.071075,-0.18288,-0.12301,0.043044,0.027089,-0.63041,-0.071186,-0.13179,-0.15085,0.388,0.19406,-0.014489,0.2388,0.26592,0.028052,-0.27597,0.12517,-0.17395,0.36648,-0.048298,0.037985,-0.13349,-0.031859,2.761e-4,-0.17671,-0.15174,0.051666,-0.50949,-0.060234,0.0527,-0.46471,0.084098,-0.056716,0.11157,0.0022246,-0.22802,0.14625,0.1735,-0.42658,-0.26705,-0.25895,-0.19461,-0.2933,-0.58473,-0.03034,0.064605,0.29729,0.16629,-0.18997,0.064664,0.74175,-0.071494,-0.24019,-0.033767,0.31503,-0.29002,-0.29851,-0.27366,-0.12335,-0.013424,-0.22299,0.18633,0.0023547,-0.44889,-0.11645,0.27335,-0.030479,-0.22811,-0.23573,-0.34682,-0.12134,0.16142,0.19272,0.10138,-0.2894,0.064451,-0.080198,0.029776,0.13463,-0.21396,0.12538,-0.038682,0.052906,0.021288,0.072656,0.21023,-0.1565,0.51216,-0.10835,0.088796,0.35559,-0.28015,-0.099749,0.13247,0.27498,0.26239,0.37712,-0.071426,0.17999,-0.25355,-0.36072,-0.12927,-0.63812,0.070412,0.1023,-0.045673,0.28041,0.65545,-0.044026,-0.15417,-0.24753,-0.44263,0.29209,0.33168,-0.071117,-0.29045,-0.25045,0.12567,0.16729,-0.07854,-0.21404,0.74077,0.016798,0.13928,0.12668,0.40227,0.38588,0.18346,0.11672,0.37675,-0.38821,-0.23088,-0.36013,-0.093409,-0.032134,0.49563,0.38108,-0.11995,-0.51124,0.27125,0.033912,-0.43486,-0.25996,-0.097798,-0.13468,0.15912,-0.090096,0.29986,0.059452,-0.0060306,-0.47212,0.14148,-0.041936,-0.1229,0.73206,-0.21234,0.039474,0.31943,0.20129,0.548,0.1076,-0.34202,-0.0012617,0.04628,0.15024,-0.17449,-0.38408,0.01071,-0.10673,-0.087029,-0.13219,-0.54536,-0.15637,-0.1844,0.13424,0.40998,0.49387,0.079228,0.04439,0.16727,0.10133,0.11,-0.58725,-0.13171,0.04998,-0.29981,-0.019274
kvinna,sv,swedish,female,N,t1,-0.32358,-0.036896,0.16956,-0.027744,-0.25658,0.073721,-0.48719,-0.013715,-0.40618,0.026899,-0.35845,0.154,0.26174,0.11378,-0.087564,0.23495,0.0041447,-0.022923,0.22163,-0.15167,0.2734,-0.14259,0.33855,-0.17426,-0.24078,-0.41224,-0.11433,-0.26846,-0.52767,-0.15722,-0.40955,0.70213,-0.21628,0.060757,0.31378,-0.16293,-0.39549,0.094156,0.16609,-0.38659,-0.021648,-0.16048,0.44528,0.19737,-0.18712,0.12047,0.038314,0.28161,-0.26421,0.21604,0.11079,-0.40029,-0.69436,0.034642,-0.32997,-0.52298,-0.22899,0.12921,0.22194,-0.023993,-0.23165,-0.005332,-0.14984,0.1244,-0.020791,0.13927,0.079346,-0.17431,-0.11812,0.36878,-0.50094,-0.13088,-0.34153,0.77663,0.081402,-0.12709,-0.010801,-0.17865,-0.22447,0.1704,0.09228,0.076666,0.32712,-0.022922,0.27376,0.083441,0.0778,-0.088148,0.185,-0.032864,0.23993,-0.062732,-0.28804,0.24469,0.26268,-0.073345,-0.44125,0.16858,0.36797,-0.42653,0.47021,-0.070737,0.41198,-0.25864,-0.17138,0.082596,0.47927,0.12115,0.15568,0.16064,0.13176,0.017528,0.10401,0.29747,-0.017299,-0.022761,-0.53431,0.017481,0.17504,0.024434,-0.10666,-0.23758,-0.31537,0.49907,-0.095175,-0.07491,-0.12115,-0.018555,-0.28619,0.21278,0.018998,-0.067044,-0.10362,-0.040362,-0.11316,-0.21708,0.0092271,-0.063771,0.089688,-0.2567,-0.24399,0.13609,-0.10925,-0.13173,-0.16732,0.064276,0.14194,-0.1635,-0.077203,-0.22845,-0.21258,-0.21242,0.25124,0.35037,-0.4847,0.12982,-0.43267,0.003535,0.20915,0.059962,-0.17374,0.11577,0.018744,0.041258,-0.015963,-0.1109,-0.26832,0.12297,-0.10994,-0.11164,0.20214,0.53492,-0.12394,-0.31299,0.47648,0.30414,0.20506,-0.28633,-0.49153,0.2108,-0.26909,-0.55945,-0.067916,-0.38235,-0.32355,0.11987,-0.069743,0.11331,-0.21398,0.017687,0.15106,0.10985,-0.2391,-0.0049715,0.22949,0.029111,0.43441,-0.26835,0.22996,-0.082137,0.41391,-0.55926,0.24021,-0.22788,-0.13158,-0.0036663,0.010176,-0.25012,-0.21511,0.4405,0.019882,-0.20891,-0.20235,-0.048047,0.18451,-0.36432,0.094288,0.066498,-0.02716,0.31688,-0.17349,0.073218,-0.11681,0.13648,-0.12541,0.16239,0.075488,-0.14887,-0.59446,0.16046,-0.082293,0.50224,0.12921,-0.1138,-0.053758,-0.22815,0.036814,-0.11351,-0.15898,0.11055,0.38836,0.26217,-0.070582,0.035622,-0.10324,-0.012139,0.30752,-0.54461,-0.086124,-0.099356,-0.19191,-0.12794,0.11736,0.25469,-0.2111,0.024436,0.037984,-0.13486,-0.032713,0.47753,0.035542,-0.46994,0.51188,0.022631,-0.12496,0.076536,-0.16715,0.027362,-0.067215,-0.090959,0.1036,0.22278,0.093189,-0.063301,-0.060815,0.58586,-0.17382,0.34259,-0.20928,-0.45542,-0.15922,-0.19596,-0.10453,0.20889,-0.45777,-0.27773,0.21526,-0.2017,0.042058,-0.27343,-0.1211,-0.23303,-0.1146,0.53234,-0.075363,-0.22475,-0.17273,-0.28092,-0.34387,0.28337
flicka,sv,swedish,girl,N,t1,-0.2377,0.07096,0.07442,0.0233,-0.10242,0.20705,-0.11575,-0.23018,-0.064066,-0.16787,-0.14233,0.047303,0.38247,-0.35308,0.43419,0.36935,-0.062254,-0.15639,0.35309,-0.23142,0.31063,-0.093622,0.1125,-0.11596,-0.094717,-0.12625,-0.38981,-0.4273,-0.39118000000000003,0.034077,-0.20912,0.1025,-0.39259,0.23368,0.17764,-0.0089338,-0.25005,-0.22223,0.36982,-0.25307,-0.10597,-0.27366,0.33439,0.44541,-0.21324,0.058681,0.31879,0.44408,0.16656,0.50281,-0.27974,-0.417,-0.67014,0.4634,-0.27482,-0.75581,-0.36478,-0.1431,0.42414,0.23593,-0.045662,0.54067,-0.33751,0.15094,0.14922,0.12681,-0.18438,0.032103,-0.0286,0.19108,-0.37607,-0.051031,-0.14336,0.3345,-0.11733,-0.24066,6.2061e-4,-0.10861,-0.44036,-0.17355,-0.16496,0.35442,0.04055,-0.064275,0.12471,0.025904,-0.094868,-0.32431,0.42852,0.052955,0.50975,-0.0966,-0.196,0.45104,0.65806,-0.18307,-0.70998000000000006,0.40194,0.39925,0.044506,0.26671,0.14863,0.42375,-0.26768,-0.46279,-0.094248,0.25175,0.11251,0.30476,-0.23493,0.21073,-0.3105,-0.041503,-0.22812,0.32406,0.12359,-0.48925,-0.18026,0.23976,0.05648,-0.29668,-0.47334,-0.41625,0.2537,0.14563,-0.34452,0.051142,-0.14959,-0.0030802,0.17868,-0.25813,-0.094309,0.0087356,-0.055961,-0.3274,-0.31867,0.27057,0.11922,-0.055393,0.14669,-0.23952,0.20589,0.097339,-0.33997,0.037691,0.06107,0.28746,-0.025783,-0.04339,-0.29334,-0.36659,-0.41387,0.325,0.34507,-0.39174,-0.29937,-0.65851,0.057603,0.35067,0.29622,-0.19381,0.0026561,-0.25963,0.57631,0.14455,-0.0845,0.032803,-0.25852,0.084262,0.13405,0.14011,0.23614,-0.14108,-0.41473,0.23059,0.018589,0.15894,0.07486,-0.506,-0.16857,-0.52312,-0.39544,-0.46006,-0.1158,-0.74714,0.23229,0.063181,0.13841,-0.13452,0.15237,0.046567,0.14205,-0.30079,0.16869,-0.31194,-0.07184,0.08999,-0.48498,-0.14565,-0.10877,0.53172,-0.13355,0.11068,-0.49596,0.2421,-0.030195,-0.081685,-0.03795,0.037464,0.27131,-0.039781,-0.20967,-0.15676,-0.097076,0.11986,-0.20598,0.12637,0.19713,-0.30957,0.33569,0.03358,0.021935,-0.33329,-0.0054983,-0.36829,0.27349,0.18016,-0.16244,-0.58155,-0.43686,0.10615,-0.072126,0.45395,-0.36053,-0.36473,0.02088,-0.057105,0.06933,-0.0064214,0.11284,-0.28009,0.21736,0.05895,-0.12459,0.059099,0.057121,0.37725,-0.015187,0.29624,0.012869,-0.38124,-0.36476,0.16774,-0.030023,-0.3207,0.21306,-0.29232,-0.35763,0.29089,0.43779,0.001307,-0.33595,0.023883,0.058446,-0.14468,0.33596,-0.30969,0.16265,0.085631,0.27571,0.37597,0.34097,0.15202,0.22929,-0.21923,0.24056,-0.19895,0.0357,-0.27465,-0.34925,-0.053795,-0.33989,-0.33957,-0.087446,-0.30826,-0.097566,0.02661,-0.26623,0.02293,-0.11362,-0.51652,-0.42257,-0.043504,0.36059,0.14597,-0.10432,-0.07074,-0.25807,-0.16501,-0.11351
han,sv,swedish,he,N,t1,0.042823,0.036439,0.028182,-0.088046,-0.21791,-0.018917,0.14093,-0.11432,0.15215,0.22032,0.43393,-0.14485,-0.0017253,0.25781,-0.1381,0.3676,-0.064409,-0.1454,0.070134,-0.2149,0.14571,0.11611,0.18842,-0.2084,0.055095,0.1533,0.053742,-0.29127,0.090801,0.2454,-0.31212,0.17996,0.049147,-0.31052,-0.0022196,-0.13877,-0.075654,-0.018934,0.017554,-0.22059,-0.075624,-0.013524,-5.9616e-4,0.081628,-0.092653,0.14498,0.069052,-0.073931,-0.013674,-0.1954,-0.11812,0.22931000000000001,-0.2844,0.10344,-0.16515,-0.09961,-0.22946,0.30773,4.0649e-4,0.23438,-0.30307,-0.021646,0.25958,0.16352,0.0015484,0.015173,0.19083,0.0601,0.08714,0.024962,-0.11248,-0.20604,0.004063,0.21156,0.10747,-0.030063,0.13631,-0.020202,-0.041615,-0.1423,-0.06959,0.32775,0.30655,-0.058537,-0.061373,0.011432,-0.11631,-0.16234,0.26632,0.1613,0.030448,0.080401,0.18905,0.066942,-0.020477,-0.11616,0.0082425,0.016868,0.10024,-0.013887,0.058196,0.0010119,0.15153,-0.25154,-0.29652,0.20153,0.10738,-0.0447,0.18387,0.15837,-0.19646,-0.12973,0.013155,-0.022852,0.013775,-0.061894,0.11608,-0.091391,-0.12922,-0.071546,-0.035607,-0.13592,-0.088608,-0.048129,0.09461,0.034109,-0.068277,-0.11008,-0.090141,-0.16554,0.18504,0.035973,-0.14875,0.043624,-0.26963,-0.10666,-0.17169,0.05794,-0.051869,-0.11469,-0.1331,0.13374,0.088952,-0.065477,-0.061103,0.025945,0.043782,-0.13614,0.10142,0.078372,-0.16226,-0.19473,-0.14857,0.049212,-0.36011,-0.26982,-0.10818,-0.19941,0.054368,-0.097523,0.065813,-0.20586,-0.13257,-0.04968,-0.078666,-0.06817,-0.17065,0.13544,0.0014294,-0.01928,-0.02611,-0.055198,0.046349,0.14182,0.14425,-0.1007,-0.062501,-0.025254,-0.17716,0.10817,-0.12236,-0.24835,-0.06544,-0.0014303,0.047167,0.17477,0.25687,-0.15132,-0.14727,-0.02937,0.10627,0.18328,0.20092,0.27474,0.064741,-0.042148,-0.093589,-0.051595,-0.20983,-0.20045,0.1563,-0.032307,-0.33497,0.093029,-0.099968,-0.095079,-0.016831,-0.015826,-0.12569,-0.17905,0.030808,0.012737,-0.23714,0.064876,-0.067954,-0.25746,0.13584,0.03878,0.087437,0.081343,-0.31985,0.026148,0.12137,-0.11062,-0.066446,0.41492,-0.013799,-0.12382,-0.24019,-0.088889,-0.055513,0.13492,0.018271,-0.217,0.03355,0.022328,0.06529,-0.052823,0.039653,0.18019,-0.034677,-0.095011,0.053159,0.016893,0.13382,0.041813,0.12956,-0.35678,0.16559,0.035435,-0.17792,-0.12908,-0.22055,0.21189,-0.15468,-0.14381,0.059124,-0.093597,0.16072,0.10672,0.16179,0.0034811,0.086246,-0.10307,0.0069726,0.23792,-0.010529,0.13296,0.19067,-0.0072962,0.057557,0.10293,0.29285,-0.092311,-0.014675,0.13655,0.19598,0.095678,-0.19728,-0.031148,-0.018029,-0.036678,-0.031183,0.06841,-0.17923,-0.074734,-0.031886,0.22356,-0.3161,0.038892,-0.16383,-0.35143,0.052009,0.22409,-0.060831,-0.21137,0.10882,-0.14687,-0.029821,0.32025
henne,sv,swedish,her,N,t1,-0.25451,-0.081763,-0.02357,-0.083607,-0.29428,0.17155,0.23129,-0.47432,-0.10828,0.1004,0.31208,0.070176,-0.10479,0.28439,-0.079616,0.61253,-0.011951,-0.2452,0.43886,-0.11526,0.051943,0.14943,0.25297,-0.45834,0.033543,0.12154,-0.16382,-0.26891,0.23354,-0.14045,-0.0078755,0.28884,-0.099177,-0.075252,0.0017984,-0.053951,-0.37936,-0.25868,0.0074854,-0.061229,-0.11097,0.015963,0.0073306,0.40313,0.13379,0.20657,-0.086814,-0.019818,0.21401,-0.12545,0.19815,-0.23529,-0.36529,0.071817,-0.037383,-0.20526,0.15974,0.43823,0.13757,0.020347,-0.098701,-0.021617,-0.095525,0.10387,0.0077058,0.10937,0.21934,0.17763,0.038236,0.11492,-0.37505,-0.21327,-0.053874,0.25887,0.096372,-0.34623,-0.060865,0.18103,-0.19718,-6.6964e-4,-0.071878,0.14785,0.2422,-0.15993,0.13684,-0.12224,-0.0083952,-0.38476,0.03819,-0.062845,0.13005,-0.20226,0.10791,0.18375,0.1402,0.054793,0.27984,0.032842,0.03882,-0.29258,-0.0067182,0.072035,0.29903,-0.21663,0.07031,0.58653,0.19925,0.037077,0.076971,-0.054924,0.28033,-0.10753,-0.13363,0.073997,-0.047436,-0.060071,-0.026653,-0.3683,0.015778,0.0090123000000000009,0.10245,-0.1178,-0.22942,0.21254,-0.098239,-0.056645,-0.32534,-0.005856,-0.15213,-0.0083432,-0.029507,-0.074943,-0.16886,0.095678,-0.16707,0.11185,0.12194,0.10217,0.061034,-0.14604,-0.16618,0.055535,0.10806,-0.32757,-0.13033,0.17987,0.0075486,0.046936,0.10111,0.042288,-0.13625,-0.36397,-0.085313,0.41242,-0.59815,-0.36851,-0.26425,0.079325,0.077796,0.15352,-0.15312,0.25757,-0.015231,0.13517,0.087303,-0.029276,-0.14545,-0.034045,-0.19712,0.033897,-0.042578,0.043185,-0.023658,-0.049967,-0.014629,0.27038,-0.093313,-0.088857,0.037815,0.0016447,0.12048,-0.38062,-0.017775,0.053399,-0.02998,0.19311,-0.058768,-0.054811,-0.017687,0.082987,0.033606,-0.15556,-0.23339,-0.074571,-0.049721,0.072208,-0.02249,-0.069604,-0.23145,-0.038501,0.058826,-0.19897,-0.19522,0.2386,-0.11299,0.064177,0.12682,0.16745,0.21549,0.05845,-0.19348,-0.13113,-0.13273,-0.15273,-0.10914,-0.22872,-0.20253,0.3297,0.076631,0.069081,-0.11026,-0.15733,0.11866,-0.25952,0.021013,0.204,-0.070192,0.03471,-0.24311,-0.10121,0.26609,0.17809,0.012281,-0.39946,-0.18425,-0.18035,-0.34671,0.12145,-0.17987,0.065394,0.19904,-0.0032937,0.084358,-0.094732,-0.2393,-0.18324,0.10575,-0.10424,-0.14925,0.021155,0.064785,-0.15775,-0.040115,0.22567,-0.066414,-0.14017,0.11791,0.23082,0.064353,0.0031657,0.22917,-0.40117,0.079834,0.058442,-0.18911,0.17693,-0.13594,0.095529,0.15209,-0.017582,-0.085108,0.25628,-0.036058,0.31848,-0.14045,0.18605,0.066221,0.1933,-0.034101,-0.096782000000000007,0.026025,-0.077201,-0.013847,0.10456,-0.33032,-0.25232,0.14706,0.17349,-0.21143,-0.065958,-0.090097,-0.18353,0.039917,0.34855,-0.14534,0.064432,0.02352,-0.16536,-0.19391,0.14774
hennes,sv,swedish,hers,N,t1,-0.085368,0.023182,0.13546,0.082403,-0.63714,-0.027414,-0.10055,-0.20013,0.074554,0.028085,0.34972,0.038621,-0.027838,0.060985,-0.014307,0.46478,-0.13839,-0.1708,0.37384,-0.5245,0.1678,0.24651,0.47445,-0.4717,-0.010651,-0.19039,-0.096137,-0.22316,-0.1734,-0.09289,-0.086403,0.15981,-0.34457,-0.14722,0.14842,-0.13064,-0.44171,-0.15194,0.019104,0.062247,-0.041234,-0.17653,0.075384,0.020171,0.18947,0.10918,0.11733,-0.056106,0.049594,-0.37878,0.22382,-0.52298,-0.79391,0.15692,-0.19861,-0.36573,0.14789,0.12309,0.26781,0.30949,0.21477,-0.10415,-0.048678,0.045161,-0.051222,-0.1724,0.32784,0.25752,0.050553,0.036783,-0.089762,0.05766,0.15379,0.0060265,0.23771,0.12515,0.3652,-0.047097,0.21047,-0.082621,-0.19631,0.23433,0.18699,-0.27332,0.076826,-0.47941,0.095839,-0.022113,0.0019612,-0.051373,0.047928,0.0073778,0.38116,-0.14291,0.024393,-0.19901,0.073095,0.22381,-0.13929,-0.40334,0.11195,0.010489,0.12569,-0.32604,0.22501,0.27682,-0.025934,-0.12018,-0.049679,0.22263,0.072476,-0.34015,-0.098672,0.44435,0.072886,-0.082068,0.046309,0.39561,-0.054055,0.015532,-0.3821,0.059574,-0.33474,0.13642,-0.078768,-0.46991,-0.10646,0.19376,-0.13175,0.25491,-0.34831,-0.15749,-0.17863,0.38068,-0.20497,0.076267,0.096059,0.1206,-0.027227,-0.091136,0.24664,-0.041251,-0.17355,-0.15377,-0.036572,-0.20036,-0.14273,0.021126,-0.17003,-0.26285,-0.10841,-0.21854,-0.54511,0.16943,-0.55678,-0.3096,-0.22781,0.051267,-0.070497,-0.23565,-0.22993,-0.070976,-0.11691,0.12176,-0.22963,-0.31798,-0.094679,-0.35167,0.12712,-0.058338,-0.31567,-0.11741,-0.23053,-7.4059e-4,0.19942,-0.10547,0.036809,0.058359,0.087211,-0.46272,0.11857,-0.051402,0.098302,-0.091101,0.057548,0.047058,0.016981,0.018977,0.10364,-0.037974,-0.083504,-0.12294,0.050556,0.051404,0.050927,0.1566,0.20395,0.22035,-0.22289,-0.32824,-0.02044,-0.24338,-0.0062601,0.13187,-0.011014,0.098701,0.17075,0.19894,0.17533,0.23871,-0.14647,-0.47582,-0.12048,-0.21876,-0.090314,0.028329,0.084198,0.24143,-0.04133,-0.17774,0.18035,0.19183,0.18649,0.21528,0.073962,0.37919,0.21072,0.15014,-0.50174,0.10691,0.074903,0.17993,0.18103,-0.073687,0.014449,-0.15408,-0.20618,0.15244,0.057934,-0.0027301,0.10715,-0.035029,0.11791,-0.16295,0.03098,-0.28436,0.33207,-0.22419,-0.17302,0.1751,-0.30733,-0.29615,-0.0064155,0.10239,-0.20953,-0.18359,-0.045973,-0.11551,0.010257,0.31943,0.19657,-0.38607,0.060569,0.18516,-0.11611,0.26711,0.11116,-0.06867,0.052497,0.11527,0.16488,0.15459,-0.042266,0.0497,0.054545,0.053265,0.069569,0.042616,0.18718,0.052577,0.0018095,-0.2336,0.078468,0.19027,-0.065738,-0.17912,0.069503,-0.24995,-0.33246,0.26639,-0.25056,0.08958,0.16686,0.23052,0.41472,-0.25629,-0.071637,-0.087598,-0.24548,0.36964
honom,sv,swedish,him,N,t1,-0.30191,0.027857,-0.080301,-0.033195,-0.33595,0.093178,0.28642,-0.50173,0.11357,0.0050496,0.41594,-0.080521,-0.15045,0.33705,-0.11018,0.58528,-0.060091,-0.29272,0.35667,-0.1156,-0.033807,0.19043,0.25307,-0.43068,0.01656,0.11223,-0.048948,-0.38582,0.27492,-0.014552,-0.078564,0.22363,-0.046021,-0.048553,-0.27014,0.050079,-0.34152,-0.27237,0.06192,-0.15169,-0.081508,0.04153,-0.027542,0.31047,0.097938,0.11463,-0.1124,-0.011295,0.25016,-0.18615,0.1641,-0.065084,-0.21585,0.075934,-0.048376,-0.09568,0.19078,0.46861,-0.022951,-1.7021e-4,-0.25818,-0.046155,0.041911,0.16425,0.11684,0.15841,0.16841,0.043848,-0.014651,0.010089,-0.24717,-0.16985,-0.0016084,0.29013,0.10222,-0.35681,-0.062015,0.27901,-0.20094,-0.048529,-0.20584,0.10774,0.35704,-0.057808,0.020895,-0.15727,-0.037862,-0.17128,0.16325,-0.054509,0.074639,-0.2049,0.13321,0.16421,0.042181,-0.19614,0.24495,-0.0011966,-0.093792,-0.19069,-0.060155,0.0054558,0.28713,-0.083983,0.050908,0.47048,0.09597,0.11777,0.085624,-0.10742,0.14659,0.012443,-0.068913,0.045076,-0.038484,-0.16085,0.073486,-0.43451,-0.022293,0.031771,0.18978,-0.11496,-0.13648,0.079882,-0.03946,-0.11246,-0.3123,-0.028752,-0.1724,-0.14548,0.085796,0.0086659,-0.19317,0.073836,-0.28072,0.13858,0.041804,0.074251,0.027184,-0.12784,-0.093,0.08238,0.062082,-0.24324,-0.20722,0.17462,0.014884,0.12605,0.12906,0.15974,-0.14494,-0.26397,0.020883,0.25227,-0.44481,-0.41078,-0.22074,0.11707,0.13072,-0.037431,0.038871,0.13494,-0.0035478,0.081947,0.035221,0.054004,-0.16966,-0.014503,-0.11952,-0.015816,-0.09349,0.040609,-0.07059,0.027663,-0.048027,0.21229,-0.052739,-0.043103,-0.056382,0.014676,0.15153,-0.37942,-0.031797,-0.029179,0.016293,0.1813,0.08416,-0.14149,0.068857,-0.019806,0.073069,-0.024401,-0.16622,0.041382,-0.14185,-0.040277,-0.099729,-0.11892,-0.26751,0.058746,-0.021229,-0.077276,-0.20193,0.20564,-0.039436,0.03752,-0.080191,0.060227,0.13428,-0.035776,-0.23003,-0.0070639,-0.093697,-0.21197,0.006564,-0.15585,-0.19203,0.27668,0.25586,-0.010585,-0.020856,-0.11955,0.11993,-0.21491,-0.022647,0.15837,0.025836,0.075651,-0.10789,-0.098187,0.11501,0.29612,-0.085695,-0.27332,-0.18407,-0.10121,-0.2016,0.042361,-0.16989,0.13628,0.10228,0.084237,-0.022371,0.0094595,-0.11219,-0.06536,0.15166,-0.20591,-0.096615,0.13071,0.14264,-0.062478,0.023388,0.15189,-0.073027,-0.16062,0.16081,0.16817,0.094703,-0.03318,0.10882,-0.28967,0.063424,-0.071083,-0.23789,0.1088,-0.15065,0.01512,0.16187000000000001,-0.17152,-0.059016,0.17673,0.12196,0.30069,-0.20249,0.19172,0.1274,0.19113,-0.014455,0.049014,0.088566,0.11209,-0.22733,0.12834,-0.29671,-0.17017,0.2197,0.37931,-0.20957,-0.044486,-0.086447,-0.25648,0.056858,0.35853,-0.12871,0.081393,0.15183,-0.22271,-0.043911,0.10872
hans,sv,swedish,his,N,t1,-0.21869,0.15171,-0.028314,0.17957,-0.46657,0.053763,-0.017308,-0.15481,0.2901,-0.020175,0.39609,-0.059274,-0.074165,0.22833,0.003859,0.37422,-0.23039,-0.23155,0.22215,-0.49181,0.13601,0.1698,0.49222,-0.49299,0.068516,-0.23156,0.13699,-0.36764,0.23236,-0.030733,-0.16473,0.1405,-0.24521,-0.16001,0.026552,-0.17448,-0.30446,-0.1153,0.070629,-0.10404,0.043653,-0.067898,0.08135,-0.11795,5.4007e-4,0.045643,0.20425,0.088054,0.19605,-0.26605,0.056631,-0.20443,-0.54716,0.091683,-0.14582,-0.13729,0.14039,0.22023,0.15545,0.23872,0.055157,-0.06401,0.22734,0.21276,0.16992,-0.064036,0.25511,0.097972,0.076719,-0.10615,-0.055779,0.046202,-0.0018001,0.11803,0.23028,0.072474,0.23839,0.16465,0.095555,-0.041011,-0.35487,0.21659,0.38159,0.0026705,0.022188,-0.36996,0.13487,0.13373,0.18916,0.003605,0.014354,0.036675,0.40647,-0.15374,-0.26708,-0.41651,0.1171,0.33067,-0.27273,-0.22363,0.16616,-0.077635,-0.12886,-0.195,0.11816,0.18007,-0.19634,-0.065709,-0.083236,0.28851,0.023135,-0.055913,-0.12152,0.29169,0.16356,-0.16566,0.13945,0.23344,-0.082798,-0.0061481,-0.17328,0.051538,-0.17046,-0.09715,-0.058231,-0.2479,0.0035821,0.12618,-0.21555,-0.01297,-0.27693,-0.1631,-0.14346,0.25059,-0.27853,0.056564,-0.048445,-0.03466,0.011767,0.03515,0.27681,0.2251,-0.16946,-0.07564,0.18604,-0.1895,-0.071031,0.099984,-0.27389,0.044658,-0.078645,-0.1101,-0.4863,0.018407,-0.33652,-0.26072,-0.054253,0.066264,-0.058805,-0.065379,-0.085029,-0.15853,0.10832,0.079043,-0.34069,-0.21133,-0.080882,-0.16759,-0.034129,-0.049373,-0.18717,-0.10108,-0.27718,0.031143,0.14815,-0.15516,-0.030705,0.1194,-0.047654,-0.24252,0.23389,0.11447,-0.050399,-0.046553,0.13604,-0.04688,0.13635,-0.11632,0.12317,-0.19797,0.11789,-0.14971,0.14282,0.17461,0.062679,-0.014298,0.061344,-0.042413,-0.18056,-0.15499,-0.10971,-0.029267,0.015501,0.15328,-0.0049158,-0.079458,-0.10707,0.099119,0.098952,0.12914,-0.15006,-0.40308,-0.20173,-0.15994,0.084474,-0.069955,-0.0023255,0.027332,0.3282,-0.14829,0.19785,0.23965,0.12152,0.28305,-0.073143,0.33323,0.12636,0.14401,-0.25144,-0.088943,-0.06624,0.42056,-0.015351,0.0055684,0.044864,-0.10527,-0.067322,-0.023953,0.007187,0.1327,0.12106,0.057977,0.090248,0.0075232,0.033119,-0.21953,0.39835,-0.33798,-0.10887,0.32954,-0.29133,-0.054283,0.11602,0.074292,-0.069253,-0.16861,0.11347,-0.032023,0.098189,0.34419,0.04165,-0.15526,0.11947,-0.052788,-0.056154,0.27085,0.13767,-0.098312,0.20714,0.016702,0.28012,-0.016905,0.34738,0.082881,0.16936,0.074197,0.091114,-0.075639,0.061445,0.14774,0.013447,-0.070284,-0.19135,-0.012682,-0.091197,-0.041209,0.15907,0.067973,-0.28292,0.28655,-0.13279,-0.064194,0.1099,0.23407,0.35485,-0.069782,0.040801,-0.16558,-0.038976,0.4414
hem,sv,swedish,home,N,t1,-0.13675,-0.249,0.60185,0.15867,0.50829,0.02879,-0.12412,0.17783,0.07215,0.062709,0.26871,0.23038,-0.3312,0.20937,-0.36319,0.48027,-0.16845,0.047711,0.25728,0.036236,0.57361,0.10437,-0.002273,0.085822,0.34705,-0.24421,-0.0026258,-0.13882,0.40754,0.25361,-0.10043,0.022046,-0.017135,0.14011,0.028341,-0.35852,0.0099284,-0.06404,0.070239,-0.46661,-0.40709,-0.086334,-0.10049,0.33956,-0.02281,0.21387,0.42193,-0.04555,0.084012,-0.49439,-0.020624,0.026854,-0.30887,-0.23078,-0.0045203,-0.53427,-0.12278,-0.1404,-0.029376,0.2214,-0.32794,0.0039975,-0.12798,0.17821,0.60093,0.30624,-0.032346,-0.029435,0.45479,-0.11708,-0.19009,0.16963,0.018691,0.25978,0.22919,-0.32258,0.012479,0.013922,-0.12759,-0.19995,0.032309,0.24055,0.37178,-0.12076,0.28093,-0.060697,-0.029827,-0.099122,0.084675,0.15485,-0.25596,-0.08999,0.16536,0.29147,0.3974,0.033611,0.099593,0.087114,-0.030478,-0.1843,-0.18205,0.075629,-0.11434,-0.2582,-0.12372,0.25663,-0.10368,0.052673,0.30521,0.21321,0.079893,-0.12067,-0.31631,-0.14219,-0.072892,0.18206,0.094346,0.21978,-0.055078,0.13832,-0.052956,0.056208,0.076443,0.12275,0.29433,0.13262,-0.0047228,0.46389,0.10061,-0.41186,0.035618,0.20827,-0.036976,0.068817,-0.21564,0.10115,-0.1985,0.59768,-0.085726,-0.16254,0.050115,-0.073635,0.11603,-0.063434,0.27956,0.1637,0.10211,0.019005,0.12019,-0.30267,0.06251,0.10153,-0.18438,0.27858,-0.075942,-0.13892,0.0067794,0.030625,-0.069665,0.16143,-0.43281,-0.096559,-0.0077584,0.39148,0.11434,-0.25624,-0.41117,-0.12259,-0.35177,0.30782,0.35793,0.40647,0.052033,-0.41766,0.11343,-0.081106,-0.49531,-0.16147,0.27761,-0.33351,-0.081637,-0.17423,0.081118,0.14441,0.19014,-0.051142,-0.26803,-0.26012,0.09327,-0.0021062,0.056559,0.10874,0.090367,-0.17432,-0.032842,-0.20885,-0.1221,-0.14295,-0.1602,0.13484,0.338,-0.093277,-0.20092,-0.30004,-0.095828,0.19794,-0.16995,-0.17899,0.24339,0.024167,0.033424,-0.04244,-0.46191,-0.47357,-0.32691,-0.17661,0.061758,0.017709,0.21227,-0.045093,0.0143,-0.38621,0.092395,-0.059891,0.35338,0.29678,-0.20415,-0.091667,-0.4059,0.28486,0.23171,0.2691,0.4646,-0.52219,0.01049,-0.31342,-0.29302,-0.21901,-0.015436,0.32438,0.049057,0.19838,0.065708,-0.078833,-0.0047465,-0.35548,0.28549,0.0047831,-0.081391,-0.035783,0.26525,-0.053822,-0.14865,0.030751,-0.05494,0.11985,-0.10219,0.080756,-0.070721,-0.10332,-0.20264,-0.41276,0.080679,0.21311,0.082687,0.14821,-0.097941,0.16422,-0.086062,-0.023992,-0.0061826,-0.11138,0.46095,0.15821,0.10348,-0.19161,0.1402,0.21698,-0.22684000000000001,-0.16081,0.051437,0.37199,-0.19226,-0.016736,-0.29171,0.21081,0.21897,0.017496,0.30105,0.17443,-0.36148,-0.25603,0.21455,-0.1659,-0.23942,-0.22435,0.07696,-0.098961,0.19887,0.23406
hemma,sv,swedish,home,N,t2,-0.61581,-0.44762,-0.15165,1.001e-4,0.064818,-0.49925,-0.33179,0.38793,0.03951,-0.067604,0.11127,-0.12991,0.21506,0.041336,-0.23278,0.27606,-0.32578,0.098588,-0.028093,-0.25658,0.72809,0.42336,-0.25584,0.16938,0.2858,-0.12548,0.026612,-0.34513,0.38819,0.13526,-0.083602,0.1907,0.0089254,0.23377,0.1498,-0.076153,0.22203,0.50473,-0.19943,-0.024181,0.58242,-0.11138,0.056831,-0.043437,0.3526,0.077761,0.47636,-0.2904,-0.26808,0.068215,-0.035803,0.60953,0.23543,0.22528,0.034372,-0.32752,-0.033688,0.12704,0.56724,0.22112,-0.14048,-4.0187e-4,-0.4019,0.35423,-0.16725,-0.047815,0.3715,0.1129,0.1154,0.33364,-0.23897,-0.2709,0.042917,0.017095,-0.061835,-0.28592,-0.33317,-0.81028,-0.019973,-0.56559,0.10342,0.36413,0.36266,-0.34432,0.51392,-0.25273,-0.30384,0.57356,0.099588,0.046492,0.083889,-0.19035,0.0099895,0.28547,-0.47133,-0.43699,0.036814,0.29188,0.48152,0.079171,0.077552,0.40067,0.28118,-0.29995,-0.17995,0.45773,0.34962,0.025344,0.023336,0.35514,0.51987,-0.22878,-0.35324,0.12933,-0.60395,-0.35988,0.43955,0.1253,-0.37596,-0.1855,-0.056663,0.021433,0.20073,0.12034,0.024281,0.1817,0.2992,0.20205,0.20373,-0.18495,0.084848,0.17203,0.094592,0.20727,-0.2448,0.095085,-0.010517,0.43862,0.28887,-0.24591,-0.75982,0.34757,0.073615,-0.030476,-0.31784,0.22587,0.75416,-0.030384,0.28675,-0.023009,-0.019305,0.011077,-0.48756,-0.29569,-0.50253,-0.46057,0.13766,0.31787,-0.028272,0.2942,-0.42702,0.34813,-0.23009,0.19399,-0.34276,-0.16986,-0.17697,-0.29604,0.048486,-0.15263,0.24343,-0.061971,0.26183,-0.38469,0.15979,-0.04716,-0.2397,-0.10915,0.5017,-0.30116,-0.10867,-0.33826,0.051658,0.22353,0.45303,-0.16806,0.0669,-0.14277,-0.32965,0.15942,0.036673,-0.03139,0.40591,0.065382,0.024024,-0.34804,0.0066112,0.12703,0.097521,0.059186,0.20177,0.053348,-0.23325,0.026812,-0.13583,0.31628,-0.48439,-0.28507,-0.24189,-0.21994,-0.079436,-0.050673,-0.19769,-0.67326,0.22224,-0.073883,0.053274,-0.1068,-0.29673,-0.10419,0.081872,-0.021062,-0.23806,0.10441,-0.0060186,0.13031,-0.051575,0.015756,-0.18106,0.10193,-0.0011551,0.4113,0.22919,-0.12251,-0.027064,-0.10996,-0.61077,0.073646,-0.053397,0.082642,-0.20996,0.35863,0.26562,-0.021682,0.060316,-0.46372,-0.11093,0.066762,0.069299,-0.14742,0.13554,-0.1105,0.15248,0.09067,0.026205,0.16285,-0.42637,-0.1756,0.088534,0.22998,-0.015073,-0.47789,0.20303,-0.12263,0.057248,0.32405,-0.43335,0.14208,0.18657,-0.27254,-0.27983,-0.047944,0.50477,0.16522,-0.48097,0.23842,0.20431,0.068034,-0.42116,-0.1817,0.029037,0.80474,-0.10704,0.26252,0.032388,-0.041941,0.10365,-0.39293,0.15107,0.14582,0.17245,-0.073084,0.37939,-0.091445,-0.50448,-0.22002,0.25023,0.368,-0.40217,0.29464
man,sv,swedish,male,N,t1,0.32259,-0.091513,0.17246,-0.15479,-0.29725,-0.10451,-0.12994,-0.14496,0.089949,-0.095364,-0.10101,0.050329,0.044333,-0.062659,-0.050485,0.10789,0.079484,-0.046719,-0.094883,0.055907,-0.10192,0.076259,0.18377,-0.18284,-0.047839,0.011671,0.22014,-0.26424,-0.02182,-0.0027243,-0.19661,0.49454,-0.12898,-0.13309000000000001,-0.032734,-0.077386,-0.032411,0.20458,0.19671,-0.20175,-0.1795,-0.03314,0.10043,0.099135,-0.094783,-0.22718,-0.086016,0.2359,-0.10984,-0.16221,0.021041,0.0051919,-0.4602,-0.0018134,-0.2091,-0.37331,-0.23446,0.16091,0.11242,0.22082,-0.23955,0.084444,0.07923,0.2294,-0.17268,-0.13835,0.066888,0.14352,0.09812,0.15895,0.012321,-0.042001,-0.20725,0.23788,0.029829,-0.15545,0.21478,0.031253,-0.096461,-0.067374,-0.19815,0.27604,0.2504,-0.12192,-0.090542,0.25054,0.046853,0.13051,0.14194,0.045097,0.060561,0.14332,0.033112,-0.059124,-0.022067,-0.13892,-0.20643,-0.12395,0.23165,-0.11707,0.018335,-0.06134,0.066684,-0.056586,-0.1588,0.17731,-0.19509,-0.16207,0.16305,0.09552,-0.30146,0.065917,0.17536,-0.039501,-0.15109,-0.12358,-0.082538,0.016426,-0.28899,0.19952,-0.23522,-0.018853,-0.25102,0.13918,0.0081946,0.10169,0.051524,-0.29157,0.20545,-0.065876,0.10315,0.034273,-0.088163,-0.0068292,-0.30402,0.02031,-0.20184,-0.15013,-0.019018,-0.095484,-0.17149,0.16499,0.15869,-0.12165,-0.0013198,0.15553,0.20405,-0.15268,-0.20775,0.3151,-8.5422e-5,-0.31433,0.18498,0.020912,-0.38887,-0.019259,-0.32114,-0.20198,-0.097928,0.047699,0.098788,0.062761,-0.0022544,0.22621,-0.27626,0.10834,-0.18723,0.20458,0.15911,-0.16777,0.015378,-0.13332,0.089181,0.18994,0.38817,0.1408,0.01491,-0.059106,-0.12043,-0.082086,-0.26726,-0.48676,0.06742,-0.031137,0.041955,0.18234,-0.1212,-0.19389,0.024466,-0.0035986,0.14194,0.040833,0.30922,0.36945,1.921e-4,-0.11721,0.041766,-0.26976,-0.016736,-0.11034,0.078635,-0.13816,0.029954,-0.2436,-0.15178,-0.10691,-0.12643,-0.14287,-0.19841,0.19838,0.19244,-0.04248,-0.23437,-0.12752,-0.26487,-0.13071,0.22953,0.033164,0.13489,0.06472,-0.28168,0.046512,0.10127,0.0068165,-0.1353,0.41917,0.19457,-0.041229,-0.23578,0.065559,-0.0088981,0.08421,0.097576,-0.2405,0.051567,-0.18899,0.020459,0.14347,-0.008967,-0.014634,-0.15758,0.097875,-0.13383,-0.12198,-0.015323,0.0057377,0.34567,-0.4451,0.077362,-0.068213,-0.16945,0.061769,-0.039689,0.27408,-0.27995,-0.10298,-0.072394,-0.11968,-0.061008,0.087486,0.16741,-0.15531,0.024532,-0.16446,-0.043082,0.4526,-0.18109,0.14607,0.10072,0.030248,0.10542,-0.069763,0.23325,0.23381,0.080544,0.2608,0.17342,0.28288,-0.26424,-0.16769,0.037092,0.31392,0.14469,0.021563,-0.36746,-0.2184,-0.089742,0.13603,0.0132,-0.016041,-0.14388,-0.34567,0.099055,0.31039,-0.23342,-0.23242,-0.21793,-0.39288,-0.060405,0.27076
man,sv,swedish,man,N,t1,0.32259,-0.091513,0.17246,-0.15479,-0.29725,-0.10451,-0.12994,-0.14496,0.089949,-0.095364,-0.10101,0.050329,0.044333,-0.062659,-0.050485,0.10789,0.079484,-0.046719,-0.094883,0.055907,-0.10192,0.076259,0.18377,-0.18284,-0.047839,0.011671,0.22014,-0.26424,-0.02182,-0.0027243,-0.19661,0.49454,-0.12898,-0.13309000000000001,-0.032734,-0.077386,-0.032411,0.20458,0.19671,-0.20175,-0.1795,-0.03314,0.10043,0.099135,-0.094783,-0.22718,-0.086016,0.2359,-0.10984,-0.16221,0.021041,0.0051919,-0.4602,-0.0018134,-0.2091,-0.37331,-0.23446,0.16091,0.11242,0.22082,-0.23955,0.084444,0.07923,0.2294,-0.17268,-0.13835,0.066888,0.14352,0.09812,0.15895,0.012321,-0.042001,-0.20725,0.23788,0.029829,-0.15545,0.21478,0.031253,-0.096461,-0.067374,-0.19815,0.27604,0.2504,-0.12192,-0.090542,0.25054,0.046853,0.13051,0.14194,0.045097,0.060561,0.14332,0.033112,-0.059124,-0.022067,-0.13892,-0.20643,-0.12395,0.23165,-0.11707,0.018335,-0.06134,0.066684,-0.056586,-0.1588,0.17731,-0.19509,-0.16207,0.16305,0.09552,-0.30146,0.065917,0.17536,-0.039501,-0.15109,-0.12358,-0.082538,0.016426,-0.28899,0.19952,-0.23522,-0.018853,-0.25102,0.13918,0.0081946,0.10169,0.051524,-0.29157,0.20545,-0.065876,0.10315,0.034273,-0.088163,-0.0068292,-0.30402,0.02031,-0.20184,-0.15013,-0.019018,-0.095484,-0.17149,0.16499,0.15869,-0.12165,-0.0013198,0.15553,0.20405,-0.15268,-0.20775,0.3151,-8.5422e-5,-0.31433,0.18498,0.020912,-0.38887,-0.019259,-0.32114,-0.20198,-0.097928,0.047699,0.098788,0.062761,-0.0022544,0.22621,-0.27626,0.10834,-0.18723,0.20458,0.15911,-0.16777,0.015378,-0.13332,0.089181,0.18994,0.38817,0.1408,0.01491,-0.059106,-0.12043,-0.082086,-0.26726,-0.48676,0.06742,-0.031137,0.041955,0.18234,-0.1212,-0.19389,0.024466,-0.0035986,0.14194,0.040833,0.30922,0.36945,1.921e-4,-0.11721,0.041766,-0.26976,-0.016736,-0.11034,0.078635,-0.13816,0.029954,-0.2436,-0.15178,-0.10691,-0.12643,-0.14287,-0.19841,0.19838,0.19244,-0.04248,-0.23437,-0.12752,-0.26487,-0.13071,0.22953,0.033164,0.13489,0.06472,-0.28168,0.046512,0.10127,0.0068165,-0.1353,0.41917,0.19457,-0.041229,-0.23578,0.065559,-0.0088981,0.08421,0.097576,-0.2405,0.051567,-0.18899,0.020459,0.14347,-0.008967,-0.014634,-0.15758,0.097875,-0.13383,-0.12198,-0.015323,0.0057377,0.34567,-0.4451,0.077362,-0.068213,-0.16945,0.061769,-0.039689,0.27408,-0.27995,-0.10298,-0.072394,-0.11968,-0.061008,0.087486,0.16741,-0.15531,0.024532,-0.16446,-0.043082,0.4526,-0.18109,0.14607,0.10072,0.030248,0.10542,-0.069763,0.23325,0.23381,0.080544,0.2608,0.17342,0.28288,-0.26424,-0.16769,0.037092,0.31392,0.14469,0.021563,-0.36746,-0.2184,-0.089742,0.13603,0.0132,-0.016041,-0.14388,-0.34567,0.099055,0.31039,-0.23342,-0.23242,-0.21793,-0.39288,-0.060405,0.27076
ledning,sv,swedish,management,N,t1,-0.47324,0.073424,0.09834,-0.1615,0.22111,0.53163,0.23834,-0.15319,-0.17329,0.10276,-0.21673,-0.28758,0.37131,0.44535,0.35244,0.20824,0.048532,-0.09436,0.11511,-0.39621,-0.63741,-0.1317,0.56149,0.577,0.022219,0.096813,-0.080926,0.0082974,0.61192,0.069771,-0.58816,0.13096,-0.069797,-0.15357,-0.95638,0.15367,-0.35896,-0.51134,0.55001,-0.084763,-0.33887,0.3304,0.14807,0.20828,0.26282,0.65446,0.42523,0.1423,-0.43911,0.20907,0.21151,-0.10732,0.33668,0.16102,-0.13063,0.035017,-0.13608,-0.49196,-0.058999,-0.33196,-0.086541,0.18623,-0.053742,-0.021502,0.3811,-0.29584,-0.24821,-0.74787,0.12789,0.042003,-0.40669,-0.34674,-0.047752,-0.1196,-0.28729,-0.8933,-0.21524,0.11241,0.12875,-0.43485,-0.099181,-0.2779,0.16757,-0.14457,-0.022106,-0.087319,0.40336,0.2172,0.51843,-0.19743,-0.012083,0.14462,0.40222,0.13567,-0.28379,-0.59221,-0.46505,-0.11508,0.20947,-0.71835,0.17177,-0.48246,-0.61566,-0.41042,0.0052722,-0.033892,-0.45761,0.17378,-0.32781,0.55222,-0.1714,0.20412,-0.17534,-0.057013,0.16617,-0.69502,0.24582,0.5028,0.13379,0.11232,-0.13727,-0.029012,0.011521,0.20668,0.17604,-0.053778,0.19405,-0.13882,0.40122,-0.32166,-0.19305,0.31735,-0.91804,0.033695,0.16084,-0.15086,-0.083323,0.1544,-0.32842,-0.63652,-0.19318,-0.30773,0.20913,0.15541,-0.54309,-0.7765,0.1194,0.050447,-0.53096,-0.20864,-0.36148,0.26416,0.077818,-0.032816,-0.014876,-0.18424,-0.58106,-0.106,-0.095081,-0.08321,0.072446,-0.12717,-0.19333,0.11509,0.11528,0.21097,-0.092442,0.12279,-0.50595,-0.24385,0.29011,-0.34149,-0.22998,-0.089775,-0.027764,-0.55485,0.0071332,-0.4018,-0.27262,0.071163,-0.049018,-0.25929,0.33925,-0.20257,0.23448,0.10462,-0.039741,0.050188,-0.21378,-0.54583,-0.17508,0.27069,0.32513,0.099316,0.24814,0.02236,0.36099,-0.54093,-0.62384,-0.58287,0.097771,0.17208,-0.0272,-0.011542,-0.19151,-0.11409,-0.40156,0.09231,-0.46681,-0.064676,-0.15518,-0.59808,-0.24148,-0.025144,-0.30177,-0.53166,0.0048805,-0.29601,0.34505,0.055956,0.10229,-0.63709,0.36655,-0.22107,-0.46419,0.55624,0.267,-0.2322,-0.28479,-0.22268,-0.10986,0.42403,0.36732,0.072454,-0.072253,0.24212,-0.3939,0.074506,0.67839,0.40542,0.44722,0.27848,0.27219,0.32531,0.25048,0.40964,0.35009,-0.7595,0.28299,0.81232,-0.18229,-0.07773,0.71324,0.30568,-0.38715,0.31684,0.17376,-0.46499,0.061619,-0.58103,0.44063,0.23967,0.11048,-0.27623,-0.087337,0.22204,-0.064924,-0.74061,0.13573,0.012529,0.07005,0.3256,0.30802,0.47761,-0.69054,0.064182,0.40316,-0.14074,0.14225,-0.0068961,0.27334,0.1234,0.1916,0.48319,0.16197,0.098196,0.17623,-0.36342,0.37026,0.0031264,0.078088,0.14895,0.3305,0.0043015,0.091627,-0.011988,0.089727,0.38277,0.01407,-0.12028
äktenskap,sv,swedish,marriage,N,t1,0.22443,-0.20891,-0.29151,-0.22569,0.13664,0.54313,-0.40557,0.25227,-0.13596,0.64289,-0.10948,0.63683,0.20606,0.071154,-0.30726,-0.17298,-0.53662,0.065319,0.16228,0.0079075,0.19041,0.077309,0.13326,-0.052804,0.053337,-0.15248,0.29887,-0.52629,-0.11331,-0.27134,0.23798,-0.063443,0.19544,0.15751,0.46473,-0.64942,-0.037684,-0.080317,-0.050276,0.16474,-0.33155,-0.093028,0.029032,0.53827,0.15296,0.28069,-0.07189,0.095722,0.2603,-0.013255,-0.033611,0.35584,-0.56467,0.012717,-0.38693,-0.037972,0.35944,-0.43742,0.18223,-0.27047,0.19428,-0.062816,-0.13829,0.058471,0.32285,0.2189,-0.46135,0.22535,0.26326,0.50858,0.019485,0.069365,-0.82235,0.66384,0.57005,-0.31224,-0.14364,0.26143,-0.22522,-0.01913,0.20562,0.16041,0.19942,0.0088532,0.12107,0.1798,0.65811,-0.072783,-0.19268,-0.7877,0.26556,0.14794,0.26286,0.43018,-0.56558,-0.50348,0.15476,0.49948,-0.16745,-0.32555,-0.176,-0.32938,-0.25206,-0.33247,-0.13102,0.14572,-0.050696,-0.082108,0.23512,0.49881,-0.14616,-0.067833,-0.44656,-0.15088,0.26392,0.12067,-0.056303,0.44101,-0.21185,0.22544,-0.41528,-0.053215,0.32563,-0.025663,-0.49237,-0.19191,0.22277,0.12012,0.21666,-0.10635,-0.095972,-0.28051,-0.2912,0.26117,-0.083394,-0.064505,0.10745,-0.82156,-0.20086,0.34603,-0.49412,-0.44653,0.70628,0.039769,-0.26556,0.1394,7.3292e-4,0.056401,-0.45116,-0.24607,-0.39118000000000003,-0.26282,-0.32856,0.12433,-1.0309,-0.30401,-0.44712,-0.34788,-0.12118,0.47819,0.0074531,-0.44368,0.034309,0.46339,0.088858,-0.39871,0.15808,-0.006443,-0.39305,-0.15247,0.12403,0.12408,0.33067,-0.70549,0.096889,0.0099234,-0.39661,-0.28729,0.28208,-0.33512,-0.25439,-0.38731,-0.26779,0.25374,0.50099,0.09332,-0.29503,-0.54268,-0.60949,0.29365,0.13172,-0.2765,-0.38259,0.40733,-0.062667,-0.21907,-0.38334,-0.29805,-0.028891,-0.11437,-0.074987,-0.72597,-0.022718,0.29702,-0.12814,-0.49686,0.24708,-0.17099,0.44712,0.072352,0.11901,-0.1195,0.51818,-0.2616,-0.73806,-0.27288,-0.21446,9.549e-4,-0.44497,0.22507,-0.47048,-0.068716,-0.29805,0.48667,-0.27321,0.49991,-0.14314,-0.025488,-0.81407,-0.032,0.40265,0.16846,-0.10218000000000001,0.242,-0.053998,-0.22368,-0.053915,-0.4322,-0.19895,-0.27221,0.70381,0.39678,0.29253,-0.0043425,0.12384,-0.23737,0.091583,-0.68176,0.21813,0.74718,-0.25908,-0.14007,-0.093536,-0.014638,-0.20821,0.1166,0.097848,0.010845,-0.2225,0.44339,0.034565,0.12924,0.054562,-0.2926,0.3156,0.34478,0.42697,-0.13718,0.35339,-0.22279,-0.13895,0.32108,0.49288,0.11474,0.068272,0.059084,0.52637,0.14387,0.45383,0.13031,-0.096637,-0.14142,0.16523,-0.0085145,-0.10274,-0.18999,-0.19756,-0.15815,-0.070608,-0.27385,0.10597,-0.06044,-0.31032,0.66966,0.84307,-0.041754,-0.14355,0.26763,0.052642,0.39219
giftemål,sv,swedish,marriage,N,t2,0.1068,-0.025128,-0.099153,0.086539,-0.015328,0.078055,-0.64237,-0.59302,0.22953,0.18914,-0.01182,0.154,0.25105,-0.26092,0.069056,0.77485,-0.045594,-0.20883,0.20649,-0.49545,-0.092757,0.53365,0.11045,-0.018001,-0.0077781,-0.071691,0.3861,-0.4103,-0.58253,-0.028066,-0.32158,-0.037623,-0.24568,0.10552,0.20291,-0.1766,-0.074368,-0.085828,0.15366,-0.042893,-0.074054,-0.22528,0.068608,0.31772,0.29273,0.33956,-0.46355,0.13977,0.33356,-0.2724,-0.1022,0.28643,-0.165,-0.11437,-0.21609,0.048342,0.038208,-0.12469,-0.18662,0.11827,-0.093029,-0.086823,-0.059312,-0.1991,0.27861,-0.054898,-0.13905,0.14425,0.5199,0.21493,-0.18315,0.14427,-0.26664,-0.15146,0.28252,-0.43387,-0.033355,0.27846,-0.033782,-0.014097,0.77221,-0.023821,0.095946,0.07407,0.23537,-0.10723,0.13752,0.0081991,-0.075218,0.045809,0.28994,0.54747,0.093997,-0.070218,-0.032742,-0.033739,-0.031476,0.10765,-0.22577,-0.14581,-0.19743,0.26127,-0.046392,-0.47719,-0.13424,-0.12726,0.26562,-0.10951,0.039281,0.41305,0.20208,-0.37002,-0.42831,0.31535,0.010236,-0.12495,0.35493,0.30025,-0.044303,-0.072501,-0.1086,0.028575,-0.023226,-0.18627,-0.25374,-0.14703,0.28943,0.29532,-0.22311,0.13465,-0.037024,-0.11201,-0.21406,0.19999,-0.28242,-0.064736,0.12812,-0.19085,-0.13644,-0.028206,-0.59022,-0.34939,0.40823,0.3371,-0.37217,-0.052696,0.45955,0.080326,0.3289,-0.09599,-0.40779,-0.24235,-0.2666,0.33258,-0.22792,0.27287,-0.59367,-0.38453,-0.016393,-0.29684,-0.24589,-0.058403,0.166,0.36859,-0.013175,-0.17359,0.15573,0.061811,-0.37457,-0.082903,0.62873,0.20816,0.053096,-0.35396,0.33776,0.14814,-0.15083,-0.24766,0.10222,-0.068447,-0.17402,-0.025078,-0.42542,0.0112,0.017973,0.064821,-0.11909,-0.34842,-0.34489,-0.16883,0.092181,0.47869,-0.34127999999999997,0.13014,-0.11645,-0.07087,-0.18829,-0.23828,-0.033246,-0.048232,-0.13513,-0.72105,-0.022703,0.10124,-0.15604,-0.5114,0.079874,-0.38157,0.50149,0.53738,0.26179,0.15269,-0.14143,-0.19686,0.020881,-0.14675,0.25699,0.16128,-0.22462,0.24819,0.063767,-0.51325,-0.20865,0.27461,-0.074338,0.058012,0.27284,0.099228,-0.80848,-0.081274,0.28609,0.048383,0.068799,-0.293,-0.36638,-0.14234,-0.13051,-0.30754,-0.31741,0.074683,0.63074,-0.084372,0.19293,-0.057146,0.569,-0.065873,0.27487,-0.49315,0.79408,0.020607,0.20847,-0.60373,-0.36183,-0.0065891,-0.43109,0.30023,-0.19524,0.20647,0.04298,0.75947,0.032324,-0.24778,-0.12034,0.12902,0.098356,0.0070193,-0.089112,-0.13955,0.1891,0.023392,-0.13523,-0.008701,0.079731,-0.14267,0.21569,-0.17653,0.33649,0.35909,-0.15733,-0.14652,0.023724,-0.35596,0.043975,-0.3095,0.074792,-0.24763,0.038407,0.29127,-0.010055,0.1968,-0.17119,-0.42225,-0.11816,-0.18631,0.10004,-0.066908,-0.26126,0.19708,-0.29472,0.34895
kontor,sv,swedish,office,N,t1,-0.71444,0.79907,-0.13071,0.10281,-0.13192,0.089586,-0.20304,0.15092,0.34944,-0.033032,-0.099563,-0.44876,0.14038,0.58721,-0.68224,0.55511,0.38921,0.47659,-0.49351,-0.21321,0.42768,-0.050255,-0.16549,0.25871,0.13041,0.15803,-0.038404,0.2978,0.32318,0.33702,0.3376,0.39277,-0.49593,-0.056908,0.14075,-0.14126,-0.014315,0.20832,0.13806,-0.025067,0.21212,-0.34917,0.38015,-0.092173,0.47794,-0.0049086,0.029242,-0.22479,0.019608,-0.045936,-0.48731,0.024796,-0.36471,0.043574,0.0060418,-0.80674,0.078216,0.054394,0.38171,0.44998,-0.017341,-0.091241,-0.059179,0.37279,0.16701,-0.2141,0.27791,-0.31783,-0.12142,-0.42915,0.090888,-0.076092,-0.3224,-0.077759,0.46027,-0.43052,-0.85385,0.037406,-0.38022,-0.26998,0.17838,0.41973,0.11148,0.32245,0.59975,0.17596,0.026585,0.1623,0.91892,0.18388,-0.4207,0.48531,0.060254,-0.062324,0.025218,0.035769,0.15127,-0.1128,-0.26914,-0.36229,-0.074627,-0.08407,-0.039495,-0.6811,-0.90071,0.24501,-0.059373,-0.23394,0.4323,0.47285,0.043997,-0.1421,-0.32398,-0.18589,-0.079296,0.33147,0.4808,0.04481,0.002781,-0.19535,-0.33543,0.33797,0.034806,0.32031,-0.037908,0.53495,0.25314,0.11715,-0.38843,-0.22362,0.057194,0.30872,0.049273,0.26935,-0.39003,0.29133,-0.090759,-0.042854,-0.23522,0.27496,-0.12697,0.24567,0.16121,0.084219,-0.071967,0.18156,-0.033927,0.24193,0.044665,0.36758,-0.33881,0.48963,-0.62406,0.39193,-0.083709,-0.18599,0.40793,0.37975,0.20515,0.13,0.063083,-0.26098,0.26681,-0.22613,-0.018802,0.21512,-0.37243,0.07347,-0.84755,-0.15211,0.73591,0.089522,-0.11843,-0.59171,0.018517,-0.061635,-0.44238,0.05593,0.25582,0.13933,0.10718,-0.13596,-0.27999,-0.030475,0.2639,0.0061396,-0.79602,0.071562,-0.05425,0.19623,0.12778,-0.52497,-0.16979,-0.46437,0.49171,0.17191,-0.60837,-0.49728,-0.15371,-0.58742,0.35511,-0.311,-0.25731,-0.38856,0.064253,0.037004,0.13138,0.16334,0.61173,0.080684,-0.42345,-0.40052,-0.31337,-0.48883,-0.4107,-0.24396,-0.060194,0.15474,0.060523,0.36159,0.2811,-0.32383,-0.36655,0.6758,-0.030949,-0.010791,0.52235,0.0032855,-0.35265,0.17587,-0.26853,0.093662,0.3695,0.22856,-0.40435,0.052217,0.2338,-0.11148,-0.21139,0.1371,0.038154,0.085495,-0.42091,0.10615,0.16719,-0.36584,0.22366,-0.75445,-0.017279,-0.12581,-0.18045,-0.076609,0.48165,0.023556,-0.52025,-0.516,-0.24014,0.025012,-0.57919,-0.35135,0.17821,-0.46143,-0.46378,-0.32822,-0.087502,1.1684,0.05823,-0.47379,-0.40098,0.0282,0.1924,0.19621,0.43337,0.12033,-0.074301,0.089779,0.079036,0.069508,0.15297,-0.13705,0.28363,-0.042611,-0.23736,-0.11494,0.010902,-0.22021,0.4005,0.23594,0.22885,-0.43383,-0.25347,0.030533,-0.10229,-0.39861,0.57465,0.20413,0.19643,0.18825,0.53511,-0.084458
föräldrar,sv,swedish,parents,N,t1,-0.16183,-0.29165,-0.061461,0.18897,-0.18203,0.22491,0.17843,-0.25182,0.00622,-0.0071461,0.1685,0.1298,-0.14953,-0.17369,-0.44728,0.074171,0.023675,-0.13531,0.46036,-0.059401,0.1308,0.65392,-0.58484,-0.72344,0.37861,-0.23099,-0.15443,-0.20439,0.59254,-0.036781,0.22663,-0.68234,-0.22116,0.17694,-0.49595,0.02715,0.025466,-0.13766,0.15038,0.0014734,0.037909,-0.41341,0.34705,0.3979,0.43264,0.79127,-0.29037,0.34554,-0.31312,-0.040457,0.039306,0.19392,-0.08366,0.1321,-0.67512,-0.15222,-0.12002,-0.5734,0.21211,-0.025494,0.35176,0.073469,0.017441,-0.38366,-0.14226,0.35447,-0.012969,0.096491,0.10478,0.78068,-0.34968,0.031603,-0.034837,-0.085145,0.39926,0.0088041,0.11806,0.22223,-0.36409,-0.031953,0.33219,0.1513,0.66553,0.28936,0.445,-0.37305,-0.076879,-0.33756,0.083894,0.12854,-0.376,-0.030027,-0.32827,0.18194,-0.48845,0.30444,-0.30179,0.3819,-0.30134,0.37719,-0.29214,0.40786,-0.31042,-0.24014,0.3338,0.0041284,-0.38362,0.20937,0.41116,-0.085765,-0.22288,-0.0063581,-0.47896,-0.13942,-0.17473,-0.069616,-0.082608,0.33327,-0.044694,-0.046169,-0.19174,0.52163,0.19484,-0.24951,-0.506,-0.21716,0.30587,0.055492,-0.19049,-0.44253,0.13445,0.37454,0.0029791,0.12776,0.032373,-0.10895,-0.35722,0.15766,-0.63867,0.24128,0.11126,-0.018601,0.17454,-0.3094,0.33352,0.05327,-0.52224,-0.22646,0.1227,-0.3538,-0.74445,-0.20494,-0.32531,0.11661,-0.7129,-0.66659,-0.014574,0.13854,-0.44764,0.23745,-0.18042,-0.053616,-0.036727,0.44973,0.092201,-0.25357,-0.39185,0.076071,0.038331,-0.19029,0.019416,-0.59411,0.032828,0.077478,-0.032224,0.017574,-0.39912,0.10524,0.27018,0.019777,-0.20038,-0.38251,-0.39343,-0.13981,0.29143,-0.18697,-0.14352,-0.54735,0.083545,-0.04879,0.1383,-0.12106,-0.039428,-0.24023,0.24937,-0.49226,-0.024357,0.0069279,-0.45018,-0.37937,0.53449,-0.60147,-0.020796,0.10383,-0.28664,-0.028201,0.094284,0.0022372,0.11209,0.81794,-0.056843,-0.21737,-0.31925,-0.39428,-0.42136,-0.018029,0.29502,0.26126,-0.42415,-0.089775,0.010942,-0.082029,-0.56598,-0.23784,-0.48915,0.34168,0.42318,0.16021,-0.78824,-0.15829,0.17422,0.16119,0.050513,-0.066207,-0.1658,0.033293,-0.27727,0.34579,0.19884,0.088813,-0.093826,0.44883,-0.36688,0.037092,-0.4372,0.092311,-0.20301,-0.15284,0.19782,0.089974,0.04852,-0.44549,0.3581,-0.028259,-0.30931,-0.36762,-0.0045029,-0.11478,-0.15384,-0.13373,0.080091,-0.053159,0.25138,-0.12158,0.25565,0.52385,-0.20194,-0.24224,-0.33479,-0.088314,-0.050115,0.23071,0.32079,-0.091163,-0.21651,-0.056042,0.046002,0.3969,-0.39068,0.19658,0.17117,0.35406,-0.09272,0.31593,-0.51449,0.02081,0.066933,-0.15268,-0.016393,0.12177,-0.74327,-0.29814,0.26284,0.49395,0.15887,-0.11871,-0.12467,-0.45956,-0.13024,0.32691
yrkesman,sv,swedish,professional,N,t1,-0.044221,0.27109,-0.0093292,0.13662,-1.094,0.023112,0.083521,-0.19078,-0.017002,0.36776,-0.27628,-0.019801,0.17003,0.067509,-0.65018,-0.062564,-0.057592,0.19484,0.16283,-0.53296,0.027009,0.68114,0.40075,-0.1826,-0.19708,-0.25929,-0.071429,0.084685,-0.14842,0.16225,0.046617,-0.19024,-0.11361,0.45174,-0.1222,-0.071091,-0.042849,0.041654,-0.10188,-0.27719,0.21302,0.025394,0.089765,-0.29853,0.32137,-0.33957,-0.14124,-0.18899,0.088979,-0.28743,-0.31856,0.4289,-0.80412,0.79894,-0.090615,-0.35582,0.0047445,0.011262,0.071539,0.1438,-0.30705,-0.072591,0.3038,0.060911,0.59303,0.01826,0.034077,0.55285,0.10234,0.36941,-0.022041,-0.49038,-0.099026,0.29762,-0.233,0.10247,0.1643,0.34853,0.088198,0.033828,0.51614,-0.063979,0.45415,-0.034243,-0.29175,-0.20614,0.63891,0.14401,-0.04995,-0.21136,-0.21027,-0.013373,0.053019,0.092829,0.26094,-0.15323,-0.019945,-0.24357,0.16545,-0.39081,-0.012829,-0.30905,0.34451,-0.17463,0.069234,0.18506,-0.058353,0.13343,0.30987,-0.46707,-0.25069,-0.48533,0.072097,-0.30815,-0.077868,-0.2161,-0.28085,-0.10988,-0.31269,0.11684,-0.0024045,-0.6449,-0.52099,0.24081,-0.24052,-0.43754,0.07447,0.0041835,0.192,-0.50932,-0.12731,-0.20188,-0.10976,-0.039818,-0.28336,-0.097618,-0.096069,0.016396,0.2223,-0.09906,-0.65971,0.33916,-0.10955,-0.14164,-0.019693,0.28499,-0.3058,-0.23088,-0.64664,-0.21875,0.31481,-0.64673,-0.19735,-0.35327,0.014956,0.25807,-0.80208,-0.10681,-0.12341,0.20876,0.24834,0.095861,0.090815,-0.11586,-0.561,-0.32976,-0.50167,0.11346,-0.065233,-0.58723,0.24689,0.32137,-0.58775,-0.045487,0.45914,0.31147,-0.042094,0.2048,-0.3057,0.14559,0.069611,0.32624,-0.35481,-0.24064,-0.064131,-0.15496,-0.042226,-0.61961,-0.52573,0.053393,0.23918,-0.14567,-0.44926,-0.49794,0.15361,-0.16178,-0.15198,-0.32076,-0.2303,-0.46877,0.4635,-0.093419,-0.11172,-0.54234,-0.025808,-0.52759,-0.05878,-0.35758,0.14577,0.20328,-0.31181,-0.03896,-0.25697,-0.51413,-0.38629,-0.5741,0.34529,-0.16662,-0.2656,0.069182,-0.18694,-0.49992,-0.084224,0.27477,0.17517,0.14585,0.39271,-0.2732,-0.32282,-0.26367,0.2927,0.66132,-0.47737,0.22947,0.39534,0.16112,-0.074955,-0.024794,0.48004,-0.30795,-0.2751,-0.048112,-0.23329,0.027986,0.011785,0.60706,0.67082,-0.50542,0.14888,0.10873,0.13172,-0.076835,0.17402,0.074035,-0.032043,-0.26238,-0.066956,-0.4363,-0.058409,0.25604,0.33418,0.025231,-0.024718,-0.11547,-0.29972,0.18301,-0.3055,-0.010295,-0.54798,-0.47537,-0.086888,0.42971,0.18733,-0.13126,-0.25912,0.62322,0.34976,-0.054048,0.18947,-0.073564,0.36249,0.46949,0.089837,0.088358,-0.11227,-0.051788,0.23002,0.35284,0.013578,-0.13746,0.054729,-0.73519,-0.039962,0.249,-0.49186,-0.30658,-0.016728,0.16904,-0.27043,-0.49739
yrkeskvinna,sv,swedish,professional,N,t2,-0.25649,0.07975,0.09502,0.20387,-0.54788,0.25367,-0.076362,-0.18808,-0.36281,0.012851,-0.59324,0.14517,0.26078,0.16129,-0.28197,-0.031978,-0.094822,-0.0088537,0.19283,-0.16609,0.49188,0.22267,0.44069,-0.39404,-0.032334,-0.33293,-0.20504,-0.14065,-0.34912,-0.0031481,-0.30496,0.013738,-0.059473,0.4089,-0.12984,0.094707,-0.058177,-0.17946,-0.043457,-0.32934,0.23638,-0.14599,0.39007,-0.22571,0.28354,-0.042514,-0.066668,0.1411,0.059065,-0.095842,0.065342,0.10468,-0.74986,0.39102,-0.23629,-0.32977,-0.062561,-0.090103,0.022752,0.074345,0.098967,0.12015,-6.9344e-4,0.18068,0.16522,0.18582,-0.12154,0.068526,0.22064,0.32728,0.19694,-0.032083,-0.30307,0.31618,-0.078955,0.10287,0.07126,0.22624,0.10359,-0.012558,0.39394,-0.0052713,0.2852,0.021941,-0.099483,-0.15636,0.1275,-0.084657,0.11313,-0.19647,0.11101,0.042061,-0.19838,-0.037652,0.15986,-0.19962,-0.34651,-0.10815,0.088518,-0.5019,0.059103,-0.041776,0.2901,0.031531000000000003,-0.046643,-0.024827,0.25762,-0.10659,0.29552,0.0038197,-0.010067,-0.07733,0.067035,0.080851,0.054519,0.036,-0.49117,0.09889,0.033837,-0.16153,-0.17023,-0.32699,-0.15786,0.13874,-0.19435,-0.28479,0.01293,-0.21071,0.021955,-0.069111,-0.2659,-0.26394,-0.10922,-0.089438,-0.37299,-0.25823,-0.18573,-0.11173,0.13142,-0.21314,-0.51028,0.32018,0.031389,0.024493,-0.1726,0.23653,0.015339,0.12222,-0.3426,-0.35336,-0.15261,-0.43385,0.20595,-0.13386,-0.14961,0.2385,-0.55565,0.052907,-0.074306,0.40383,0.018832,0.25495,0.23766,-0.061097,-0.31141,-0.39903,-0.47972,-0.13469,-0.27059,-0.010434,0.20436000000000001,0.1604,-0.15057,-0.13168,0.69136,0.33133,-0.0081984,-0.061209,-0.033185,-0.0019507,-0.24984,-0.19835,-0.024236,-0.4547,-0.20989,-0.17556,0.06219,-0.18607,-0.42371,0.29593,-0.088949,0.0068771,-0.34497,-0.23317,0.28055,-0.0092828,-0.044559,-0.17797,0.027124,-0.23597,0.53821,-0.36015,0.43089,-0.40216,0.18584,-0.48438,0.087346,-0.62605,-0.080697,0.16071,-0.16676,-0.20289,-0.18972,-0.31498,-0.15162,-0.53931,0.21741,-0.062861,-0.42923,0.29981,-0.048587,-0.2394,-0.051163,0.22494,-0.024006,0.2501,0.48635,-0.25585,-0.35843,-0.23867,0.30361,0.56672,-0.081721,0.074584,0.19286,0.19747,-0.27767,-0.081376,0.22289,0.024885,0.087691,0.096527,0.040329,0.10081,0.0011562,0.15708,0.37206,-0.48341,-0.18473,-0.094962,-0.11669,-0.15176,-0.056584,0.077251,-0.22484,-0.0012112,-0.016981,-0.051162,-4.1428e-4,0.2779,0.34673,-0.087543,0.24732,0.10195,-0.10838,0.3,-0.36528,-0.2287,-0.43607,-0.050147,-0.060105,0.37304,0.080683,-0.32074,-0.35056,0.35858,0.12787,0.28625,-0.38436,-0.25822,0.092813,-0.16208,0.088657,-0.09853,-0.45664,-0.26523,0.026904,-0.046366,-0.028404,-0.072494,-0.16326,-0.30743,-0.066266,0.22611,-0.28398,-0.3669,-0.20169,-0.067975,-0.19362,-0.039608
släktingar,sv,swedish,relatives,N,t1,-0.31988,-0.17951,-0.12145,0.09978,-0.15328,-0.085989,-0.19002,-0.20635,-0.02599,0.18422,0.24511,-0.17296,-0.28864,0.033485,-0.49291,0.40776,-0.16586,-0.14871,0.10967,-0.40292,0.20605,0.54314,0.18433,-0.18657,0.20761,-0.26098,-0.099957,-0.64246,0.079403,-0.11074,-0.27216,-0.31659,-0.38261,0.32109,-0.34719,-0.20702,0.094085,0.2061,0.40529,0.0083674,-0.35498,-0.33337,0.22356,-0.017399,0.16636,0.2019,-0.16509,0.21278,0.14025,-0.26304,0.24125,-0.10613,-0.01772,0.66101,-0.16247,-0.086675,-0.11741,-0.037518,0.1508,-0.52515,0.53876,0.11765,-0.20805,-0.23111,0.013673,-0.066949,0.67715,0.30821,-0.23074,0.50091,-0.79332,-0.42787,0.1647,-0.22415,0.18888,-0.4286,-0.47198,0.40348,-0.22764,-0.071888,0.16597,0.16542,0.62204,0.039518,0.19551,-0.6849,0.11047,-0.10692,0.094233,-0.16327,0.03643,0.049627,0.40851,0.44372,0.1908,-0.16585,0.21366,0.054977,0.12397,0.070233,0.18982,0.080152,-0.3036,-0.28565,0.48774,-0.19101,-0.058422,0.086944,-0.27759,-0.095,0.235,-0.023354,-0.41103,-0.66753,0.027644,-0.1685,0.042226,0.038082,-0.48026,-0.57615,-0.38494,-0.13735,0.47033,-0.02296,-0.0053072,-0.046811,0.057449,-0.085477,-0.12323,0.24457,0.11666,0.61559,-0.27851,-0.086032,-0.21077,0.14238,-0.41949,0.12401,-0.47917,0.4784,-0.1611,-0.6132,-0.20423,-0.60318,0.017199,-0.14782,-0.17084,-0.26615,-0.1059,0.039122,-0.20326,0.0010819,-0.50332,0.35836,-0.50326,-0.27972,0.0346,0.091455,-0.07605,0.04175,0.0045869,-0.070663,-0.27393,0.83606,-0.44272,-0.4513,-0.050995,-0.40584,-0.004821,-0.14768,-0.5385,-0.10311,0.573,0.16607,0.35351,-0.10675,-0.17954,0.21556,0.37727,-0.12288,0.021867,-0.012402,-0.197,-0.10134,-0.0020337,0.11328,-0.10788,-0.65754,0.2175,-0.27675,0.224,0.030107,-0.10948,-0.095172,-0.038924,-0.10844,-0.048849,-0.10181,-0.24055,-0.31458,0.43815,-0.44085,0.4948,0.048614,0.11702,0.11588,0.16273,0.005863,0.31105,0.50308,-0.1151,0.054473,-0.017558,-0.10137,-0.15031,-0.40146,0.10109,0.26076,-0.35127,0.19005,0.27218,0.0097286,-0.36842,-0.49751,-0.2752,0.32258,0.44456,-0.16055,-0.29669,0.29999,0.030382,0.066876,-0.055195,-0.12039,-0.20193,0.079673,0.12301,-0.19107,0.2355,0.34322,0.0051752,0.41387,-0.48191,0.13155,0.16455,0.025084,-0.097417,0.097109,-0.29177,0.24569,0.14896,-0.44483,0.17029,-0.083457,-0.49092,-0.18339,-0.19507,-0.050342,-0.41274,-0.23041,0.069243,-0.15139,0.32246,-0.2079,0.06758,0.38389,-0.017147,0.045799,-0.68762,0.37102,0.23961,0.15552,0.8166,0.042019,-0.037435,0.11034,0.21088,0.68218,-0.13382,-0.13474,0.26196,-0.27752,-0.017469,0.041579,-0.23093,-0.083051,0.13463,-0.050977,0.37511,0.29948,-0.47677,-0.30092,0.023166,0.36513,-0.19673,-0.13258,0.0021541,-0.061208,-0.20498,0.28264
lön,sv,swedish,salary,N,t1,0.36275,0.14654,-0.40278,0.12963,-0.19993,0.34806,-0.066193,-0.39649,0.10626,-0.12988,-0.023985,0.30723,-0.76084,0.029968,-0.072962,-0.37938,0.40793,0.12468,-0.37912,0.010215,-0.31309,1.0954,0.71752,0.36374,-0.060189,-0.23358,0.24841,-0.086066,-0.0021482,-0.14816,-0.31128,-0.21795,-0.24951,0.20179,-0.09948,-0.028575,0.34231,-0.18581,0.0917,-0.21276,9.1865e-4,0.031716,0.56272,0.5193,0.77337,0.023739,-0.11189,-0.28971,0.083606,-0.16398,0.10997,0.33692,-0.33439,-0.19316,0.33118,0.26756,-0.11011,0.52974,0.39626,0.38391,-0.064444,-0.019463,-0.22368,-0.050225,0.11083,0.1663,-0.01079,0.13929,0.12492,0.22577,0.16326,-0.35724,-0.096732,0.060579,-0.28584,-0.41231,-0.1335,-0.17405,-0.11535,-0.61315,-0.12949,-0.14011,-0.048189,-0.29631,0.23666,-0.049761,0.1062,0.11032,0.40299,0.078173,0.17626,-0.47892,0.34013,0.058066,-0.088073,-0.78945,-0.0046552,-0.11836,0.032388,0.19655,0.11364,0.1868,0.22029,-0.097501,-0.0951,0.057927,-0.22058,-0.23676,0.47431,0.40685,0.070082,-0.41382,-0.30478,-0.01795,-0.24022,-0.13617,-0.18447,0.072436,-0.50471,0.80478,0.0096877,-0.010989,-0.22671,0.36772,-0.10844,0.29768,0.13793,0.38322,-0.36883,-0.30732,-0.36606,0.35705,-0.75246,0.19445,-0.062559,-0.10835,-0.66158,0.59895,-0.082627,-0.32431,-0.21642,0.36523,-0.15514,-0.80025,-0.02455,-0.24685000000000001,0.18978,-0.18506,0.59882,0.54115,-0.26673,-0.50794,0.074871,0.26688,-0.092427,-0.19731,-0.5123,0.6444,0.33583,0.54062,0.22202,0.070073,-0.39583,-0.1411,-0.26523,-0.50064,0.567,0.12296,-0.35734,-0.051961,0.38205,0.3025,0.079962,0.071239,0.090575,-0.19998,0.25291,0.18814,0.38483,-0.59528,0.65,-0.59957,0.11794,-0.053659,0.17725,0.19251,-0.40711,0.39539,-0.25958,-0.62961,0.45675,0.17116,0.10088,0.16708,-0.15786,-0.13057,-0.1902,0.047793,-0.15825,-0.14236,0.42728,0.0061583,-0.53603,-0.15775,-0.11664,-0.16929,-0.40171,-0.28278,0.39321,0.50743,0.32241,-0.070939,0.054345,-0.66996,-0.75476,-0.19491,0.69952,0.095117,-0.10514,0.38374,0.38854,-0.41882,-0.25605,0.5169,0.30848,-0.31083,-0.38962,-0.46546,-0.76286,0.31048,-0.19794,0.75917,0.024787,0.60289,0.31004,-0.12922,0.12637,0.12034,-0.15515,0.3297,0.3039,-0.2607,0.10175,-0.014462,-0.22414,-0.46179,0.43594,-0.66044,0.56906,0.48811,0.12365,-0.18,-0.11999,-0.40115,-1.1101,-0.67195,0.61956,0.071529,0.30942,-0.0089518,-0.0041512,0.16978,-0.20322,0.20461,-0.22812,0.35022,-0.089222,-0.22939,0.34717,-0.016582,-0.035138,0.16671,0.29672,0.13911,0.0022161,0.5657,-0.11846,-0.2822,-0.17837,-5.7185e-4,-0.5049,-0.23191,0.39015,-0.11026,0.085423,0.46777,0.4753,0.1308,0.33173,0.32669,-0.28503,-0.028204,0.17085,0.19705,0.11536,-0.50478,0.18245,0.22144,-0.4781,-0.5099
hon,sv,swedish,she,N,t1,0.17732,-0.096499,-0.027542,-0.16173,-0.28179,-0.031052,-0.049485,-0.14166,-0.057436,0.30487,0.43894,-0.04507,0.10275,0.061483,-0.040782,0.49293,0.12835,-0.12701,0.15047,-0.20219,0.26362,0.16265,0.22629,-0.16691,0.087667,0.18877,-0.04458,-0.18057,-0.1463,0.035908,-0.20633,0.27021,0.026803,-0.33624,0.21281,-0.16413,-0.065717,-0.10889,7.9936e-4,-0.088016,-0.045985,-0.047812,0.1586,0.16846,-0.093276,0.20154,0.035206,-0.18955,0.010584,-0.17405,-0.081074,0.10419,-0.48847,0.29635,-0.18982,-0.31175,-0.17073,0.12908,-0.0034725,0.33452,-0.13472,-0.036576,0.055077,0.094612,-0.19585,-0.0805,0.16059,0.20537,0.04797,0.17881,-0.22464,-0.19271,-0.094659,0.15497,0.11392,0.073877,0.10547,-0.18415,-0.067504,-0.13556000000000001,0.020736,0.3601,0.11545,-0.21959,0.033094,0.063133,-0.049207,-0.22742,0.1337,0.25695,0.010297,-0.0095253,0.074399,0.063857,0.14328,0.016829,0.10424,0.027997,0.15523,-0.14507,0.044503,0.18105,0.29738,-0.33264,-0.22195,0.28292,0.28062,-0.058339,0.27511,0.11009,0.043944,-0.26384,-0.070526,0.11866,-0.048521,-0.011527,0.052744,0.022175,-0.050969,-0.1225,-0.2319,-0.081375,-0.082804,0.21658,0.14967,-0.0185,-0.069515,-0.091114,-0.022708,-0.04395,0.097572999999999993,-0.049557,-0.15763,0.062609,-0.22798,-0.10156,-0.13611,0.11535,-0.045455,-0.2005,-0.12762,9.563e-4,0.044306,-0.072006,0.021453,0.07966,0.024883,-0.18021,0.13221,-0.091329,-0.28274,-0.30506,-0.17048,0.29682,-0.52817,-0.34306,-0.22617,-0.26705,0.10587,-0.0282,-0.077213,-0.055498,-0.2393,-0.024992,-0.094804,-0.094847,-0.083847,-0.0098147,-0.043895000000000003,0.091517,0.056971,-0.049804,0.14558,0.12274,0.16557,-0.043066,-0.12569,-0.033797,0.01165,0.076924,-0.20472,-0.23468,-0.072315,0.0055932,0.029191,0.10613,0.22364,-0.083959,-0.20265,0.10845,-0.1081,0.037191,0.095962,0.1602,0.044528,0.093544,0.012408,0.080353,-0.24403,-0.29967,0.30023,-0.18441,-0.32607,0.037754,-0.095035,-0.031108,0.1599,0.13822,-0.12339,-0.021601,0.089206,-0.024591,-0.26589,0.053426,-0.022526,-0.28925,0.19062,0.16105,-0.16686,0.12136,-0.44247,-0.072603,0.11574,-0.059414,0.026099,0.47913,-0.12131,-0.15694,-0.42015,-0.083844,0.088261,0.050169,0.14688,-0.33007,0.0092546,0.04842,-0.050545,0.074887,0.030145,0.18587,0.017585,-0.085034,0.23628,-0.092745,5.7893e-4,-0.063401,-0.035632,-0.31638,0.03227,0.04968,-0.14098,-0.31365,-0.26034,0.20421,-0.2058,-0.026255,0.041413,-0.023095,0.2092,0.13733,0.33369,-0.093068,-0.015183,0.020129,0.021279,0.24222,0.080622,0.12205,0.17375,0.18245,0.035943,0.25111,0.13845,-0.14563,-0.05262,0.013919,0.13885,0.14495,-0.24007,-0.19128,-0.11213,-0.37724,0.28269,0.11385,-0.21879,-0.12798,-0.21175,-0.036056,-0.19615,-0.04813,-0.23123,-0.30962,0.073372,0.18558,-0.064408000000000007,-0.29207,-0.07845,-0.055419,-0.18516,0.4353
syster,sv,swedish,sister,N,t1,-0.10363,0.21697,-0.52443,-0.14472,0.033836,0.26194,-0.17573,-0.19074,0.05542,0.10636,-0.1257,0.12869,-0.35024,0.14666,-0.11458,0.5985,0.22047,0.30239,0.44467,-0.47492,-0.056618,0.38449,-0.023118,0.10398,0.4979,0.14534,-0.079782,-0.67473,-0.068977,0.16549,-0.28792,0.24982,8.0121e-5,0.10386,-0.19018,0.1427,-0.027747,-0.5898,-0.097619,-0.19893,0.23224,-0.24701,0.3111,0.1614,0.21093,0.34186,0.023495,0.041004,0.13723,-0.36915,0.3662,-0.07414,-0.72867,0.5326,-0.22489,-0.35619,-0.1837,-0.12214,0.1616,0.29114,0.37231,0.21746,0.11187,-0.17294,-0.40557,-0.055126,-0.17482,0.078226,-0.34671,0.35114,-0.45592,0.13343,-0.092396,0.047912,-1.3367e-4,-0.17533,0.12529,0.15615,-0.12527,-0.33756,0.29291,0.097022,-0.09838,-0.089329,0.16552,-0.10589,-0.51314,-0.12572,-0.049778,-0.17632,0.23686,-0.1026,0.091851,0.25623,-0.076414,0.026772,0.51751,-0.33406,-0.18148,-0.19811,-0.017301,0.38572,0.30402,-0.27203,0.14959,0.025784,0.44813,-0.37412,0.2876,0.42302,0.19547,-0.20818,-0.48284,-0.24699,0.12127,0.22967,-0.17496,0.24967,-0.22178,0.21406,-0.25568,-0.074683,-0.2326,0.2816,-0.036373,0.027832,-0.47241,0.058649,-0.11535,0.16917,-0.036363,0.12729,0.20505,0.15653,-0.20699,0.31649,0.11734,-0.10132,-0.034674,-0.078206,-0.38644,-0.016716,-0.2441,0.032411,-0.0093891,0.10192,0.19189,-0.12274,0.03862,0.026423,-0.3923,-0.51236,-0.20292,0.34929,-0.51429,-0.27782,-0.34291,0.087579,-0.11992,0.68832,0.0036097,0.2158,-0.067043,0.19698,-0.22525,-0.25786,0.11832,0.088775,0.019332,0.11693,-0.0058941,0.14183,0.011686,-0.32987,-0.032055,0.089709,-0.18131,0.034521,0.316,-0.48342,-0.26703,-0.24839,-0.20272,0.12878,-0.12797,0.097011,-0.13985,0.033027,-0.36208,0.12282,0.0968,-0.27235,-0.16182,-0.22731,0.057893,0.11272,-0.16933,0.48875999999999997,-0.080305,-0.37831,0.57554,-0.13142,-0.14724,-3.0748e-4,0.072906,0.013709,0.25888,-0.031708,0.15205,0.33664,6.5189e-4,-0.12159,-0.52972,0.11252,0.18215,-0.28022,0.22165,0.44858,-0.040601,0.60671,0.25392,-0.26087,-0.16653,0.196,0.39375,0.09852,0.21624,-0.17016,-0.31173,0.049986,0.31802,0.67538,-0.032021,-0.3348,0.094058,0.054864,0.12799,-0.066866,-0.07478,-0.044458,-0.041069,0.17384,-0.0082973,-0.31042,-0.45429,-0.060047,-0.1012,-0.096976,0.1819,0.015336,-0.29233,-0.461,0.12894,0.061894,-0.19298,-0.26216,0.28139,0.1158,0.15236,0.053916,0.081573,-0.079563,-0.0025401,-0.020016,-0.14475,0.3233,-0.094185,0.31023,-0.22444,0.020405,0.0037101,0.14566,-0.25433,0.055919,-0.010131,0.14069,0.30746,0.057505,-0.096706,0.31248,0.16484,-0.2316,0.22104,0.1899,-0.44642,0.020392,0.18704,-0.23724,0.11857,0.28214,-0.13114,-0.20531,0.15404,0.6392,-0.36164,-0.18441,-0.080096,0.18747,-0.15606,0.2297
son,sv,swedish,son,N,t1,-0.041234,0.11578,-0.10461,0.13792,-0.17693,0.3159,-0.087557,-0.14149,0.45496,0.32715,-0.44206,0.076102,-0.047919,0.41774,-0.059308,0.40389,-0.25824,0.081238,0.1449,-0.35247,-0.062501,0.394,0.10726,-0.32106,0.33052,0.055748,0.070278,-0.88364,0.23402,0.01588,-0.13373,0.31884,-0.24912,0.028006,-0.21891,-0.020595,0.21858,-0.59212,0.29128,-0.30703,0.012841,-0.38758,-0.28804,0.14142,0.31305,0.26569,0.24831,0.37122,0.36892,-0.06746,0.066588,-0.34928,-0.27418,0.47548,-0.57314,-0.30652,-0.18077,0.12143,0.18406,0.40143,-0.17522,-0.22097,-0.065142,0.2279,0.13322,0.37095,-0.37892,0.11759,-0.064082,0.1155,-0.28635,-0.15045,0.0020757,0.074105,0.16755,-0.29774,0.27804,0.45727,-0.45243,-0.078156,0.11458,-0.12542,0.147,0.38132,0.049271,0.10219,-0.18884,-0.19905,0.16964,0.22681,0.22002,-0.24009,0.27467,0.34142,-0.42367,-0.016431,-0.099452,-0.073558,-0.024105,-0.21654,0.15382,0.45833,-0.34669,-0.17463,-0.28061,-0.070215,0.084193,-0.01476,0.076245,0.16045,-0.17743,0.048554,-0.28945,-0.14136,-0.15497,-0.0088224,0.011432,0.076417,-0.45866,-9.0752e-5,0.42187,-0.074268,-0.16196,-0.33223,-0.39576,0.03459,-0.33946,-0.2809,-0.20438,-0.38331,0.061333,0.29768,0.42002,-0.055536,-0.1324,0.24598,0.086916,0.1622,0.041713,0.28927,-0.26894,0.29889,0.20447,-0.025436,0.17346,0.32084,0.30263,0.032096,0.085527,0.064093,-0.2865,-0.072665,-0.21539,-0.21059,-0.48814,-0.14289,-0.37575,-0.15084,0.27447,0.3709,0.13942,-0.037223,0.032259,0.5888,0.47901,-0.20844,-0.10994,-0.008877,-0.017685,0.062835,-0.1156,-0.048045,-0.14408,-0.30718,-0.055795,0.15726,-0.21257,0.16133,-0.26651,0.028,-0.27596,-0.27938,-0.1908,0.088583,0.21483,0.15255,0.050565,0.23452,-0.21904,0.32369,0.13424,0.053307,0.16958,0.19471,0.0052573,-0.02525,0.18481,-0.13669,-0.10201,-0.077331,0.47063,0.19863,-0.55526,0.037634,-0.16589,-0.10786,-0.3277,0.12765,0.10038,0.19106,-0.087519,-0.0031826,-0.19356,-0.11261,-0.049098,-0.24392,-0.065101,0.076629,0.081653,0.069274,-0.20218,-0.10984,-0.33328,0.14657,-0.19692,0.052901,0.18731,-0.30631,-0.14299,-0.27708,-0.13405,0.53501,-0.016292,-0.37076,0.41292,-0.30161,-0.11872,-0.011092,0.11645,0.55659,-0.0081716,0.36082,0.036399,-0.26822,-0.23901,0.024907,0.36215,-0.33535,0.48826,0.032253,-0.19364,-0.4141,0.039986,0.12738,0.10489,-0.008288,0.29477,0.070096,0.006663,-0.055081,-0.025776,0.28968,0.080591,-0.036802,-0.12641,0.26667,0.013064,0.31286,0.087135,-0.011165,0.25472,0.022034,-0.065404,-0.23165,-0.30319,-0.015745,-0.12393,-0.28463,-0.046485,0.18482,0.12478,0.096273,-0.52013,-0.12431,-0.2582,-0.0085123,0.16364,0.47847,0.0012379,0.39085,0.30462,-0.24294,-0.32004,0.39093,-0.23402,-0.13876,0.34104,-0.2521,-0.12771,0.56146
bröllop,sv,swedish,wedding,N,t1,0.34995,-0.47382,0.10847,-0.21055,-0.18836,0.052808,-0.14676,0.054298,0.56156,0.10155,0.080385,0.36287,-0.12845,0.0089817,-0.44526,0.19129,-0.025614,-0.11763,-0.097536,-0.097872,-0.13599,-0.12486,0.17176,0.20287,-0.11957,-0.069143,-0.14893,-0.21875,-0.0621,0.53278,0.021002,-0.32489,-0.36694,0.21607,0.52329,-0.59292,0.15562,-0.089765,0.0034025,-0.082233,0.62545,-0.2707,0.23386,0.044624,-0.313,-0.044797,-0.086405,-0.132,0.25604,-0.33536,-0.231,0.25257,-0.47502,-0.41731,0.063762,0.23603,0.39649,0.13603,0.12964,0.12394,0.24076,0.1846,0.50992,-0.030781,0.046107,0.045759,0.059974,0.29751,-0.38678,0.26249,0.097225,0.35127,-0.49023,0.76832,0.58389,-0.22279,0.095559,0.46571,-0.18844,-0.098899,0.84587,0.038918,0.2233,0.067667,0.51787,-0.22392,-0.21631,-0.31621,-0.23482,-0.41659,0.16964,0.096634,-0.0079951,-0.0066764,-0.33883,0.034728,0.55213,-0.0091452,-0.52339,-0.57338,0.099955,0.17946,-0.39938,-0.82805,-0.097244,-0.23537,0.22884,-0.34771,0.34781,0.45532,-0.16745,-0.33679,-0.16804,-0.09769,-0.1852,0.20755,-0.068402,0.1562,-3.5778e-4,0.28597,-0.20778,0.41536,-0.013291,-0.49721,-0.073354,-0.25795,0.43188,-0.047491,-0.90773,-0.25562,0.048391000000000003,0.12387,-0.087364,0.30413,-0.51209,0.30441,-0.35162,-0.17166,-0.40129,0.2072,0.11288,0.48979,0.44944,0.12519,-0.99455,0.71037,0.020626,0.56832,0.049547,-0.14951,-0.22446,0.027925,-0.5313,-0.16975,-0.50212,-0.31541,-1.1946,-0.26227,-0.77877,0.17729,-0.61802,0.22434,0.12924,0.078161,-0.16797,-0.25593,-0.030973,-0.066108,-0.21565,0.095445,0.1538,0.097991,0.087122,-0.72514,0.27785,0.063713,-0.70083,-0.5426,0.85531,-0.41002,-0.65634,-0.46414,-0.43279,0.090552,0.41923,0.45766,-0.74614,-0.52664,-0.18649,0.10449,-0.119,-0.061602,-0.56575,0.014316,0.1289,0.27256,0.13547,-0.19918,0.044141,-0.059795,0.25041,-0.64135,-0.11807,0.53379,-0.097596,4.4377e-4,-0.32438,0.30183,0.4646,0.034523,0.44454,-0.23461,-0.26327,-0.39318,-0.66796,-0.24698,0.028242,0.11514,-0.8702,0.69398,-0.077155,-0.019915,-0.42255,0.29448,-0.47724,0.17762,0.11598,-0.36497,-0.46815,0.32825,0.16523,0.06197,0.55843,-0.33858,-0.47192,0.077042,0.28503,-0.2406,-0.59812,0.31749,0.12947,0.18592,0.13001,-0.2454,-0.097682,-0.50558,0.34884,-0.46308,-0.055873,-0.12393,-0.012025,0.27403,-0.60379,-0.63058,-0.0046276,-0.017277,-0.016683,-0.68327,-0.30664,0.36077,0.18952,-0.19756,-0.27841,0.13577,0.36641,0.10615,-0.086726,0.13048,0.098469,-0.089336,0.045953,0.59324,0.20278,0.029928,0.45207,-0.14212,0.39665,0.61744,0.67284,0.27294,-0.22972,0.051256,0.22471,-0.29832,-0.24843,0.028002,-0.078073,0.46198,0.059093,-0.22424,-0.40452,-0.41672,-0.10322,0.14179,0.56963,0.092554,-0.14295,-0.33261,-0.18162,0.22684000000000001
kvinna,sv,swedish,woman,N,t1,-0.32358,-0.036896,0.16956,-0.027744,-0.25658,0.073721,-0.48719,-0.013715,-0.40618,0.026899,-0.35845,0.154,0.26174,0.11378,-0.087564,0.23495,0.0041447,-0.022923,0.22163,-0.15167,0.2734,-0.14259,0.33855,-0.17426,-0.24078,-0.41224,-0.11433,-0.26846,-0.52767,-0.15722,-0.40955,0.70213,-0.21628,0.060757,0.31378,-0.16293,-0.39549,0.094156,0.16609,-0.38659,-0.021648,-0.16048,0.44528,0.19737,-0.18712,0.12047,0.038314,0.28161,-0.26421,0.21604,0.11079,-0.40029,-0.69436,0.034642,-0.32997,-0.52298,-0.22899,0.12921,0.22194,-0.023993,-0.23165,-0.005332,-0.14984,0.1244,-0.020791,0.13927,0.079346,-0.17431,-0.11812,0.36878,-0.50094,-0.13088,-0.34153,0.77663,0.081402,-0.12709,-0.010801,-0.17865,-0.22447,0.1704,0.09228,0.076666,0.32712,-0.022922,0.27376,0.083441,0.0778,-0.088148,0.185,-0.032864,0.23993,-0.062732,-0.28804,0.24469,0.26268,-0.073345,-0.44125,0.16858,0.36797,-0.42653,0.47021,-0.070737,0.41198,-0.25864,-0.17138,0.082596,0.47927,0.12115,0.15568,0.16064,0.13176,0.017528,0.10401,0.29747,-0.017299,-0.022761,-0.53431,0.017481,0.17504,0.024434,-0.10666,-0.23758,-0.31537,0.49907,-0.095175,-0.07491,-0.12115,-0.018555,-0.28619,0.21278,0.018998,-0.067044,-0.10362,-0.040362,-0.11316,-0.21708,0.0092271,-0.063771,0.089688,-0.2567,-0.24399,0.13609,-0.10925,-0.13173,-0.16732,0.064276,0.14194,-0.1635,-0.077203,-0.22845,-0.21258,-0.21242,0.25124,0.35037,-0.4847,0.12982,-0.43267,0.003535,0.20915,0.059962,-0.17374,0.11577,0.018744,0.041258,-0.015963,-0.1109,-0.26832,0.12297,-0.10994,-0.11164,0.20214,0.53492,-0.12394,-0.31299,0.47648,0.30414,0.20506,-0.28633,-0.49153,0.2108,-0.26909,-0.55945,-0.067916,-0.38235,-0.32355,0.11987,-0.069743,0.11331,-0.21398,0.017687,0.15106,0.10985,-0.2391,-0.0049715,0.22949,0.029111,0.43441,-0.26835,0.22996,-0.082137,0.41391,-0.55926,0.24021,-0.22788,-0.13158,-0.0036663,0.010176,-0.25012,-0.21511,0.4405,0.019882,-0.20891,-0.20235,-0.048047,0.18451,-0.36432,0.094288,0.066498,-0.02716,0.31688,-0.17349,0.073218,-0.11681,0.13648,-0.12541,0.16239,0.075488,-0.14887,-0.59446,0.16046,-0.082293,0.50224,0.12921,-0.1138,-0.053758,-0.22815,0.036814,-0.11351,-0.15898,0.11055,0.38836,0.26217,-0.070582,0.035622,-0.10324,-0.012139,0.30752,-0.54461,-0.086124,-0.099356,-0.19191,-0.12794,0.11736,0.25469,-0.2111,0.024436,0.037984,-0.13486,-0.032713,0.47753,0.035542,-0.46994,0.51188,0.022631,-0.12496,0.076536,-0.16715,0.027362,-0.067215,-0.090959,0.1036,0.22278,0.093189,-0.063301,-0.060815,0.58586,-0.17382,0.34259,-0.20928,-0.45542,-0.15922,-0.19596,-0.10453,0.20889,-0.45777,-0.27773,0.21526,-0.2017,0.042058,-0.27343,-0.1211,-0.23303,-0.1146,0.53234,-0.075363,-0.22475,-0.17273,-0.28092,-0.34387,0.28337
