language_code,word,gender,V2,V3,V4,V5,V6,V7,V8,V9,V10,V11,V12,V13,V14,V15,V16,V17,V18,V19,V20,V21,V22,V23,V24,V25,V26,V27,V28,V29,V30,V31,V32,V33,V34,V35,V36,V37,V38,V39,V40,V41,V42,V43,V44,V45,V46,V47,V48,V49,V50,V51,V52,V53,V54,V55,V56,V57,V58,V59,V60,V61,V62,V63,V64,V65,V66,V67,V68,V69,V70,V71,V72,V73,V74,V75,V76,V77,V78,V79,V80,V81,V82,V83,V84,V85,V86,V87,V88,V89,V90,V91,V92,V93,V94,V95,V96,V97,V98,V99,V100,V101,V102,V103,V104,V105,V106,V107,V108,V109,V110,V111,V112,V113,V114,V115,V116,V117,V118,V119,V120,V121,V122,V123,V124,V125,V126,V127,V128,V129,V130,V131,V132,V133,V134,V135,V136,V137,V138,V139,V140,V141,V142,V143,V144,V145,V146,V147,V148,V149,V150,V151,V152,V153,V154,V155,V156,V157,V158,V159,V160,V161,V162,V163,V164,V165,V166,V167,V168,V169,V170,V171,V172,V173,V174,V175,V176,V177,V178,V179,V180,V181,V182,V183,V184,V185,V186,V187,V188,V189,V190,V191,V192,V193,V194,V195,V196,V197,V198,V199,V200,V201
ko,artistic,N,-0.35014,-0.74522,0.28662,-0.043237,0.67405,-1.2099,-0.69057,-0.18845,-0.12388,-0.24961,-0.17839,0.76163,0.61196,-0.066687,0.12065,-0.95162,1.021,-0.44573,-0.73452,0.37471,0.038919,-0.63881,-0.3124,-0.44099,0.2556,0.58857,-0.47137,0.18315,-0.65866,0.69614,0.097114,-0.022716,0.30561,-0.70949,0.28143,0.53769,-0.3468,-0.10177,-1.3867,0.48754,-0.60061,0.6817,0.13572,-0.11831,0.1647,-0.12938,0.56966,-0.77936,-0.32194,-0.55217,1.0612,-0.013605,0.30847,0.069729,-0.26798,0.1576,-0.57806,1.7493,0.49054,0.39167,-0.39738,-0.30505,0.083582,-0.85721,-0.38786,-0.43419,0.068378,1.4007,-0.0034524,0.23842,-0.62182,-0.46506,-0.054721,1.849e-4,-0.23609,0.1122,0.64831,0.63502,-0.47983,-0.69829,-0.046362,1.1836,-0.15576,-0.38202,0.42658,-0.14996,0.34102,0.74525,-0.076694,0.049375,-0.19115,0.82779,0.43923,-0.0014721,0.14702,-0.30159,-0.94165,-0.0028083,0.10137,0.16471,-0.28632,0.12658,0.19934,-0.15507,-0.86858,0.37237,0.1089,-0.9488,-0.5929,0.62208,0.60821,0.54523,0.09788,-0.2005,0.93392,0.57988,-0.26634,0.66681,0.47723,0.55714,0.87837,0.35196,-0.8034,0.74972,0.52566,1.4163,1.2112,0.092449,-0.36352,-0.29525,-0.67633,-0.044603,0.54823,0.5275,0.41982,-0.5013,-0.50767,-0.593,-0.76368,-0.98599,0.57091,-0.47388,0.073315,0.71312,-0.16955,-1.2962,0.1194,0.30148,-0.67062,0.19897,0.39127,0.0025849,-0.98541,0.7972,-0.21308,0.36235,0.42381,0.055062,0.080443,-0.44384,0.050355,-1.2206,0.11271,-0.073948,0.1258,-0.10677,0.37412,-0.64924,-0.79476,0.60761,-1.0208,-0.36685,0.56594,-0.62578,-0.58754,0.10515,-0.91091,1.4177,0.46734,-0.97985,-0.43836,-0.71757,0.20377,0.11103,0.73672,0.0885,-0.22374,-0.12751,-0.74943,1.0986,-0.74814,-0.22112,-0.84367,0.80894,-0.56214,0.3175,0.20264,-0.12681,0.052591,-0.082416
ko,boy,N,1.2382,-0.012969,-1.2398,0.62653,1.1664,-0.23676,-0.32019,-0.20261,-1.4736,0.022476,0.96164,1.185,1.0164,0.88601,0.98534,-0.46448,1.0632,0.4945,0.23043,-0.19637,-0.22543,-0.3352,1.0185,-0.31757,-0.72768,0.50539,-0.20366,-0.13529,0.70136,-0.018274,-0.11802,0.15435,0.52254,-0.28878,0.020992,0.15771,1.5125,-0.65288,-0.71037,-1.3479,1.4305,-0.0084623,-0.5893,-0.70648,-0.54724,-0.66222,0.043732,0.71155,0.34334,-0.68522,0.86857,0.77333,-0.18981,-0.37377,1.0304,2.0202,0.11877,-0.027158,0.85249,-0.12539,0.97101,-0.15647,0.71578,-0.52715,-0.66804,0.048266,0.02116,0.034931,0.79853,-1.4291,-1.5069,0.077437,-0.48097,0.15693,-0.87257,1.1434,-0.88846,0.75439,0.26585,-1.155,0.97368,0.88561,-0.60754,-0.4682,0.54344,0.54222,0.29973,0.69557,-0.22403,0.057106,-0.15268,0.6902,0.34543,-0.90169,0.51061,0.4695,0.98385,-0.59944,0.78791,1.7221,-0.89573,0.91773,0.22486,-0.39857,-0.53829,-0.66675,0.44544,-0.19444,-0.57844,0.88474,-0.16485,1.2464,-0.91429,1.2383,0.67014,-0.068967,1.1625,0.22879,-0.073255,1.1329,1.0212,0.15251,0.089232,0.68005,0.18008,-0.41785,0.28867,-0.11217,0.20603,-0.24474,0.18472,0.0096746,0.47695,0.017497,-1.8585,0.52021,-0.28411,0.61098,-0.74129,-0.23047,0.14264,-0.53639,-0.36604,-0.090236,0.19154,-1.1899,-0.87218,1.0091,-0.27043,-0.66365,-0.6198,0.24654,-5.5641e-4,0.26325,-0.17494,-0.38884,-0.39454,0.12196,-0.35252,0.66516,0.39787,-1.6442,0.82697,-0.93255999999999994,-0.48699,-0.38802,0.90414,0.96108,0.29555,-1.4984,-0.5158,0.95267,-1.0168,-0.57124,-0.18302,-0.30553,-0.22828,0.4805,-0.0084797,0.7461,-0.075235,0.58955,0.59455,-0.039895,0.12172,-0.22592,0.089489,0.32127,0.6357,0.76327,-1.1978,1.1837,-0.128,0.55019,0.06168,-0.50663,-0.27708,1.6285,-0.41831,1.4711
ko,brilliant,N,-0.09945999999999999,-0.2478,-0.15475500000000003,0.22483999999999998,0.594515,-0.29042,0.369836635,-0.64165,-0.47287999999999997,-0.513005,-0.48080500000000004,0.057722499999999996,0.33854449999999997,-0.118558,-0.8223944999999999,-0.2972585,1.00346,-0.923225,-0.45342,0.34622499999999995,0.4414,-0.08468350000000002,0.51427,-0.64044,-0.0910765,0.010564999999999991,0.78447,0.8820650000000001,0.060655,1.338695,-0.2931995,0.2503715,-0.241485,-0.24330999999999997,-0.21423,0.33773000000000003,0.45846000000000003,-0.2282075,-0.59422,0.31837,0.51805,0.016336999999999997,-1.0919050000000001,0.22485735,-0.0041250000000000175,0.04492499999999999,0.14461000000000002,0.70828,-0.10985999999999999,-0.458955,0.697915,-0.20798,0.438535,-0.28273000000000004,-0.55624,0.62663,-0.15642500000000004,0.622555,0.03897999999999999,0.18882999999999997,-0.405865,0.38787499999999997,-0.27671399999999996,-0.11912499999999998,-0.47663,-0.16413000000000003,-0.0527555,0.77183,0.102635,0.0801,-0.059579999999999994,0.20231,-0.04117500000000002,0.042898,-1.196165,0.69848,-0.07259650000000001,0.9153500000000001,-1.082365,-0.38966150000000005,-0.44533,0.917985,-0.25073,-0.49914,-0.3964275,0.27891,0.70639,0.403335,0.93627,0.3926,-1.0124,0.19253000000000003,0.1602865,0.25238,-0.0289905,-0.015394499999999998,-0.08946699999999999,-0.10503399999999999,0.019934999999999994,0.11346999999999999,-0.28669500000000003,0.52137,0.89368,0.034955,-0.07623500000000002,0.32667999999999997,1.034685,0.07588,-0.9904249999999999,0.0230205,-0.196075,0.49759,0.51433,-0.06503,0.399045,0.652215,-0.31971000000000005,0.573885,-0.0018699999999999828,0.35574999999999996,0.534365,-0.30752,-0.2003255,1.0618,0.1409375,0.7689309,0.70671,-0.17119,-0.3097,-0.418015,-0.40402,0.23470649999999998,0.32422,0.463435,0.772684,-0.43953,0.14621,-0.28073000000000004,-0.17754999999999999,0.03651999999999998,-0.0173625,-0.34846,0.011010000000000006,0.1021565,0.8443499999999999,-1.07754,-0.68373,0.502825,0.030972,0.080195,-0.18162499999999998,0.28220500000000004,-0.22537000000000001,0.3721425,-0.03769499999999998,0.310635,-0.23732999999999999,-0.06331350000000001,0.24580000000000002,-0.328919,0.5209965,-0.4427,0.3822385,-0.503042,1.016035,-0.34096000000000004,1.016235,0.047485,-0.56891,-0.6160450000000001,-0.389585,0.448275,0.0932015,-0.754305,0.024563500000000002,0.447225,0.06576499999999999,0.7926500000000001,0.207955,0.38283,-0.6444650000000001,-0.55644,0.074561,0.448445,0.866795,0.56172,-0.31919,0.17867000000000002,-0.402285,-0.05527500000000002,-0.07521,0.129089,-0.13998,0.05464000000000002,-0.42817900000000003,0.31581000000000004,0.419615,0.1553115,0.7470399999999999,-0.38159
ko,brother,N,0.4973233333333334,-0.4275396666666667,0.4573,-0.2661496666666667,0.3550566666666667,0.1957726666666667,0.25765666666666664,-0.75217,-0.8382499999999999,-1.4109433333333334,0.291052,1.5347333333333333,0.8228766666666667,-0.5391966666666667,0.8028966666666666,-0.7922466666666667,0.7460066666666667,0.8255166666666667,0.18313666666666667,-0.658989,0.7744833333333333,-0.04561000000000003,0.34051333333333333,-0.8243400000000001,-0.08158666666666668,0.5086133333333334,-0.09865333333333334,0.41569933333333337,0.5619633333333334,0.6038006666666667,-0.041749999999999995,-0.5153473333333334,0.39732,1.0759133333333333,-0.5301043333333333,0.23027133333333333,0.59724,-0.6248100000000001,-0.422683,-0.18760966666666667,0.5948733333333334,0.26033666666666666,-0.166508,0.3317233333333333,-0.45085,-0.26567666666666667,1.31103,0.30109939999999996,-0.025146666666666668,-0.3076466666666667,0.13139333333333333,0.29080433333333333,-0.10371833333333333,-0.11966666666666664,-0.02494999999999999,0.8491866666666666,-0.7621033333333334,-0.76413,-0.15197,-0.27335966666666667,0.8394533333333333,-0.16811,0.04995566666666666,0.15806036666666667,0.11392000000000001,0.30199,-0.14067753333333333,-0.6345666666666667,-0.2167556333333333,-0.40242333333333336,-0.9767766666666666,-0.58665,-0.6635066666666667,0.07239000000000002,-0.13705333333333333,0.7572433333333334,-0.3676603333333333,-0.08911500000000001,-1.5762666666666667,0.10886,0.22680666666666666,0.373795,-1.7951000000000001,0.32728,0.3836856666666667,-0.8626833333333332,0.3763026666666667,1.01146,-0.0018000000000000054,-0.30900299999999997,-0.036330666666666664,0.5662566666666667,-0.23962333333333333,-0.82652,0.264448,0.162439,0.45477966666666664,0.23599333333333333,0.3505833333333333,0.3123863333333333,0.3598266666666667,0.4982633333333333,-0.8283100000000001,-0.87705,-0.17741966666666667,0.005184000000000001,0.3260166666666667,-0.12003000000000001,-0.5442866666666667,-0.26676333333333335,0.47836666666666666,1.1472,-0.8062199999999999,0.6301333333333333,-0.8923,-0.25594733333333336,0.34063600000000005,-0.07373466666666667,-0.7264999999999999,0.01969100000000001,0.15023,0.5680266666666667,-1.6989666666666667,0.34194,-0.16732366666666665,1.752,0.46491,-1.2776266666666667,0.22118563333333333,0.47279333333333334,-0.47141333333333335,0.43918433333333334,-0.2804433333333333,0.3790673333333333,-0.09855533333333331,-0.30922333333333335,0.10102666666666664,-0.5253669,0.44695666666666667,0.057600999999999986,0.2635166666666667,0.7420866666666667,0.410676,-0.8072233333333333,0.6889066666666667,-0.9428166666666667,-0.53888,0.98351,-0.008655666666666673,0.6557966666666667,0.43171333333333334,-0.5398566666666667,0.21110366666666666,0.006803333333333346,0.4284773333333333,0.26872666666666667,-1.3949833333333335,-0.6891266666666667,-0.3356463333333333,-1.0375066666666666,0.29427666666666663,-0.43805333333333335,0.9102466666666666,-0.24437233333333333,-0.032636666666666654,-0.86012,0.6555633333333333,0.221807,-0.25649333333333335,0.73988,-0.42037256666666667,0.2801033333333333,-0.0029733333333333326,0.450404,1.0472533333333334,-0.41448033333333334,-1.0356999999999998,-0.187088,0.041534333333333354,-0.10611000000000001,0.49309966666666666,-0.32923933333333333,0.3846133333333333,-0.19914966666666667,0.08744333333333336,1.2409833333333333,0.50054,0.37315,0.3437286666666667,0.5827233333333334,-0.431707,0.2524433333333333,0.8189533333333333,0.9069666666666667,0.03834333333333336,0.051903333333333336,-0.54401,-0.4309,-0.5079966666666667,0.28962666666666664
ko,business,N,-0.058587,-0.731735,-0.201325,-0.796645,0.48499000000000003,-0.5991575,0.535625,-0.05482999999999999,0.6974899999999999,0.318939,-0.08168,0.670875,0.337595,-0.6895355,-0.10090499999999997,-0.56951,1.061645,-0.984375,-0.5892949999999999,-0.5552680000000001,0.04825499999999999,0.08699000000000001,0.11001999999999999,0.991615,-0.580415,0.551205,-0.16251649999999998,-0.40567,0.14787499999999998,0.45518200000000003,-0.856,-0.28908,-0.222482,-0.17855000000000001,-0.4442345,0.9370799999999999,-0.44319295000000003,-1.05943,0.41684,0.36317900000000003,0.07826,-0.053860000000000005,-0.19216499999999997,0.34612,0.009150000000000005,0.05659499999999999,0.929835,0.09828500000000001,-0.0915865,0.233355,0.34531500000000004,0.546915,-0.2072755,-0.31590799999999997,0.262424,1.2832499999999998,0.1971405,0.18289,-0.60171,0.15676400000000001,0.78844,-0.07375999999999999,-0.18517000000000003,0.781075,0.014293999999999998,-0.7006300000000001,-0.05988,-0.844225,0.881085,0.026483500000000004,-1.150725,-0.04198499999999997,-0.3944505,0.840335,0.529085,-0.643575,-0.34786,1.274815,0.4062835,0.19894999999999996,1.259875,1.081215,-0.370155,-0.18399000000000001,-1.3017,0.36286,0.314145,-0.10899999999999999,-0.78562,-0.5931850000000001,-0.51623,0.27287,0.549467,-1.229135,0.338,0.22177,0.41723,0.47070500000000004,-0.472205,-0.556865,-0.4484885,1.23385,0.28452,-0.33648999999999996,-1.1267500000000001,0.03750500000000001,-0.1315725,-0.15184,-0.62506,-0.45399999999999996,0.7699849999999999,0.53428,-0.36258999999999997,-0.73543,0.35753999999999997,0.3485415,0.29246,-0.32001999999999997,0.22250499999999998,0.547615,-0.17964500000000003,0.36581400000000003,-0.59995,0.7765299999999999,0.0030165,-0.0023949999999999805,0.5242995,-0.4781,0.16358499999999992,-0.09164000000000003,-0.089285,-0.04217000000000001,0.3935055,0.015934999999999977,0.7369049999999999,-0.12163000000000002,0.8283400000000001,0.27959999999999996,0.05923999999999999,0.652515,0.54171,0.694095,-0.12608,-0.7894300000000001,0.7197899999999999,-0.04062365,-0.17785499999999999,1.316,-0.14995,0.655675,-0.15676500000000004,0.204895,-1.395525,-0.486765,0.34487,0.03566,0.06605,-0.7306465,0.19226000000000001,-0.945105,0.59493,0.5083,0.83554,-0.563715,0.51531,0.32991200000000004,-0.32752000000000003,0.25474,-0.382795,0.5628035,-0.24076499999999998,1.07454,0.714365,0.02396499999999996,-0.374683,-0.10150999999999999,-0.36744499999999997,0.9261775,-0.6192235,1.43554,0.2039605,-0.725965,0.450035,0.284105,0.4690385,0.51292,-0.44643499999999997,0.6351169999999999,-0.752985,1.2773,-1.6764999999999999,0.318205,-0.918505,0.37476499999999996,0.026334999999999997,-0.6213249999999999,0.215815,0.690825,0.03966045,-0.617055
ko,career,N,0.60281,-0.11353,-0.286045,-0.238605,1.9323000000000001,-0.7443500000000001,-0.215225,0.14614500000000002,-1.246375,0.832425,-0.66908,0.6427535,0.23272500000000002,-0.890075,-0.425665,-0.7562800000000001,-0.1370725,-0.229515,-0.627525,-0.924885,0.141936,-0.434155,-0.526285,0.0792535,-0.630655,0.296465,-0.36539,-0.411982,-0.252045,-0.043939,0.55139,-0.10566800000000001,1.40676,-0.23065,-1.2767,-0.020495000000000013,-0.577305,-0.633065,-0.44406100000000004,0.5424549999999999,0.5360675,0.10202,0.081845,-0.41678,0.43252999999999997,-0.725265,0.38399000000000005,-0.29618793000000004,0.69655,-1.053215,0.540925,0.216335,0.08592499999999997,0.18475000000000008,0.382969,1.2728000000000002,-0.043569,0.794665,0.015625,0.66249,0.70828,-0.10416000000000002,0.351534,-0.02209,0.5263884999999999,0.45837,-0.42534500000000003,-0.38622619999999996,0.37294000000000005,0.2352325,-1.1891600000000002,0.2863,-0.812725,0.18742,0.27768499999999996,0.334185,0.15325999999999998,0.647795,-0.25421499999999997,-0.34056,-0.2783685,0.752915,-1.04881,0.09595,-0.69349,0.651105,0.1647115,0.43406999999999996,-0.3572995,0.133245,-0.055170000000000025,0.794065,0.16867,-0.727215,-0.058749499999999996,-0.7547050000000001,-0.050765000000000005,-0.1126845,-0.5718,-0.243415,-0.262061,0.5927450000000001,0.779135,0.175723,-0.3496905,0.780515,-0.788555,0.471169,-0.70821,-0.633825,0.8149784999999999,1.153695,-0.1858478,0.24486,0.659295,1.4352550000000002,0.29551,0.377763,-0.21006,0.49123000000000006,-0.58043,0.2995,-0.645365,0.8752500000000001,0.104754,0.138955,0.6107549999999999,0.61798,0.66398,-0.08140499999999999,0.03981415,0.603575,0.3140175,0.36451,0.382545,-0.05016999999999999,-0.051405000000000006,0.7752,0.797565,0.76474,0.07865499999999997,0.671255,-0.25974,-0.4547975,0.976175,-0.8121750000000001,-0.95964,0.23839,-0.7938,0.175039,-0.865795,0.10760999999999998,0.37859000000000004,0.675215,0.5143300000000001,-0.253765,-0.78168,-0.60277,0.08440999999999999,-0.011834999999999984,0.22781975000000002,-0.40486,0.43396599999999996,-0.62776,-0.18139,0.4765805,-0.21573,-0.0045399999999999885,-0.8150599999999999,0.32,-0.462515,-0.46673000000000003,-0.55867,-0.16610499999999997,-0.200075,-0.008099999999999996,-0.17724199999999998,-0.11326,-0.11468000000000003,-0.43394999999999995,-0.03317500000000001,-0.290931,0.76246,0.170875,0.3422,0.07184499999999999,-0.74731,0.53959,-0.12033999999999997,0.69183,-0.54864,1.19655,-0.11427500000000002,0.60541,-0.414975,0.405725,-0.39703849999999996,-0.1317685,0.10739499999999999,-0.29261
ko,children,N,0.43328,-0.85833,-0.12151,-2.3137,0.99001,0.08154,1.0308,-0.21332,-1.553,-0.34307,0.61976,-0.18118,0.27807,-0.26313,-0.078303,0.85081,0.8233,0.37223,-0.87229,-0.72693,1.2868,-0.31787,-0.33562,-0.90571,-0.57859,0.30726,-0.80355,0.66965,0.8981,0.11757,0.40011,0.12577,1.4869,-0.21994,-0.17342,0.54861,-0.070577,-1.9897,0.1069,-0.25505,1.1465,1.1562,-0.51369,0.48269,0.71867,0.88913,0.50113,0.56106,-0.72142,-0.49525,0.49481,1.9893,0.89592,0.64251,0.64077,0.16531,0.25082,-0.027435,0.53905,0.76296,0.13254,-0.60035,0.0077875,-0.71323,-0.85773,0.34177,0.36207,0.88142,-0.17708,0.38194,-0.51051,-0.93893,-0.64011,-0.078982,-0.3352,0.75328,-0.73743,-0.34836,-0.010401,0.034993,-0.28917,-0.39444,-1.0397,-0.48095,-1.2215,-0.48653,-0.99853,1.1485,0.36378,-0.56408,-0.15145,0.16604,1.186,-0.082074,0.77479,-0.29772,-0.63624,-0.34215,-1.3773,0.7638,0.57349000000000006,-0.21323,-0.93911,-0.46676,0.55924,0.58328,0.63593,0.037833,0.53851,-1.1633,0.10252,0.4845,0.22867,-0.038984,0.24713,-0.42494,1.581,-0.64179,1.5558,-0.55062,0.33509,-0.093929,-0.66527,-0.059278,1.1636,0.22704,1.2891,0.028592,-0.13762,0.36167,-0.29249000000000003,-1.1998,1.2219,-0.15055,-0.56719,-0.52064,0.40109,-0.40092,-0.12464,-0.040495,0.054305,0.4703,-0.27549,0.28295,1.3947,-0.49789,-0.875,-0.14841,-0.36841,0.77275,0.48735,0.41552,-0.62315,-0.59937,-0.6281,-0.57169,-0.65584,-0.39704,0.052046,-1.617,1.3109,-2.1648,1.2956,-1.1697,0.31506,0.23928,0.14409,0.17047,-0.25972,0.20709,-0.037237,-0.59767,-0.35092,0.048823,-0.8794,-0.17691,1.0042,-0.40925,-0.122,0.052237,-0.94334,0.55659,0.69016,1.0531,1.2692,-0.92523,0.070138,1.5487,-0.4544,0.54337,-0.26813,0.83884,-1.0438,-0.046084,1.2168,0.82931,-0.75258,1.2926,-0.49626,0.78836
ko,corporation,N,-0.16103,0.024889999999999995,0.08645999999999998,-0.652555,0.650065,-0.022144999999999998,-0.5126735099999999,0.42097,-0.843915,-0.005044999999999994,0.021195000000000006,0.88147,0.4418125,-0.800155,-0.42901999999999996,-0.49688899999999997,0.40914550000000005,-0.32711500000000004,-0.25686000000000003,-0.0027699999999999947,0.585135,-0.45669,-0.600175,0.778995,-0.0936865,0.43190500000000004,-0.557145,0.331627,-0.35929999999999995,0.77149,0.10681999999999997,-0.6170599999999999,0.211405,-0.463565,-0.69384,0.39647,0.09485350000000001,-1.106145,-0.39294795,0.5782849999999999,0.413605,0.718555,-0.413035,0.09781500000000001,-0.057955000000000007,-0.5779945,0.9958750000000001,-0.296245,-0.8193299999999999,-0.259545,-0.018795000000000006,0.436685,-0.12767,0.61119,0.03789500000000001,1.287,-0.3042565,0.355486,0.2353355,0.6176185,0.53688,-0.401075,0.10667000000000001,0.0988425,0.5178849999999999,-0.344,-0.48556000000000005,-0.502395,0.681319,-0.34983,-0.11249499999999998,-0.29737,-0.584715,0.11948,0.9987900000000001,0.44802000000000003,0.04114999999999999,0.203378,0.355565,0.05954499999999999,1.063345,0.7202,-0.035885,-0.503345,-0.93835,0.21588,-0.40957,-0.41652500000000003,0.24109650000000002,-0.35869900000000005,0.09319500000000003,-0.10102499999999998,-0.358506,-0.27596400000000004,0.2044875,0.32611249999999997,0.35719,-0.030505000000000004,-0.53807,-0.89566,0.40852499999999997,0.002950000000000008,-0.278765,-0.76278,-0.5386365,0.63915,-0.19600499999999998,0.396085,0.317175,-0.04282499999999999,-0.18047000000000002,1.33705,-0.0890865,0.547625,0.773145,-0.010079999999999978,-0.6709795,0.11685499999999999,-0.7695050000000001,0.14042,-0.909,0.28096999999999994,-0.42074500000000004,1.1405500000000002,-0.63786,0.40004485,1.14615,-0.28352,0.0351745,-0.14458000000000001,-0.5363,-0.16386849999999997,0.187145,-0.7201949999999999,0.353179,0.14205500000000001,0.52476,0.091141,-0.610425,0.596316,0.28920999999999997,0.37451499999999993,0.008155999999999997,0.179618,0.335445,-0.5989949999999999,-0.74937,0.367485,-0.21461,-0.111405,0.31446,0.27147,-1.07738,0.38144,0.678361,0.0971255,-0.3339445,-0.08807500000000001,1.3363,-0.436015,0.27390500000000007,0.030975000000000003,0.391845,-0.26771500000000004,0.15311999999999998,0.559945,0.369385,-0.36484,-0.66406,-0.385085,-0.765145,0.030577499999999997,-0.151092,-0.43037000000000003,-0.34535499999999997,-0.7015100000000001,-0.246985,0.44574,-0.527655,0.655805,-0.277135,0.401532,0.9183650000000001,0.6691199999999999,-0.24965500000000002,0.515325,-0.233715,-0.013474999999999987,0.13602999999999998,0.04901999999999998,-1.067075,0.62262,-0.65138,0.05590999999999999,-0.253725,0.527825,-0.272615,0.8224,0.151965,0.00927
ko,cousins,N,0.26032,0.038168,0.86253,0.098792,0.53433,0.27852,1.0307,-1.5836,-0.8533,-1.1804,0.48661,0.88006,1.5699,-0.34795,0.89987,0.17307,0.29643,-0.14669,0.86924,-0.30772,0.47823,0.87464,-0.50828,-0.69856,0.64903,0.43126,0.1693,1.0671,0.79025,0.18891,0.5692,-1.6379,0.97377,1.3235,-0.16486,1.0045,0.93841,-0.90832,-0.32251,-1.1413,0.6419,0.51739,0.017878,0.56353,0.79316,-0.86061,0.56106,-0.37205,-0.24084,-1.1383,0.70651,0.92121,-0.4285,-0.11784,-0.014628,0.30174,-0.63449,0.11734,0.32355,-0.4681,0.47389,-1.0033,-1.0123,-0.58588,0.45087,-0.076654,-0.52557,-0.57862,0.31017,-1.0064,-0.15712,-0.63232,0.12193,0.60181,-0.83698,0.85789,-0.61037,-0.45199,-1.8894,0.18381,-0.83954,9.0111e-4,-1.3753,0.46531,-0.099461,-1.5699,-0.19055,0.47752,0.76755,0.23278,0.16986,0.24404,-0.15382,-1.5674,0.21637,-0.66953,-1.015,0.69076,1.03,1.2431,-0.045502,-0.21648,-0.80632,-1.2674,0.3334,0.75364,0.42285,-0.24788,-0.12776,-0.65758,1.1748,0.62755,0.16302,-0.42201,-0.5917,-0.39158,0.70759,-0.49787,-1.4649,-0.86517,0.37338,1.0926,-1.1142,0.91731,-0.40107,1.8226,0.63844,-1.9746,-0.42973,-0.77515,0.44757,-0.11488,-0.26933,0.31531,0.75593,-0.083505,0.68661,-0.60614,-0.049133,0.99231,-0.59477,-0.027604,-0.24798,-0.29051,0.48947,-0.40562,-0.57539,1.9884,-0.83351,0.2352,0.69565,-0.74449,-0.75147,-0.80452,0.29578,0.44207,-1.6247,-0.18866,0.34113,-1.4859,-0.57161,-0.30583,0.52646,-0.76648,0.69682,-0.54422,0.49618,0.36975,-0.0074922,1.1724,-1.1581,0.62938,0.48178,-0.40465,0.27432,-1.0032,-0.047129,-0.40318,0.20575,0.35315,0.26356,-0.82549,1.0891,-0.047641,0.49193,1.5762,-0.49286,0.85179,-0.59503,-0.53035,-0.52975,-0.21161,0.1318,0.27359,0.11151,-0.13271,-0.18531,-0.45959,-1.252,-0.51593
ko,creative,N,0.32287,-0.6539,-0.98409,0.38658,0.69398,-1.1191,-0.69571,0.30421,0.35396,-1.0293,-0.89728,0.56191,0.63771,-0.16339,-0.829,-0.56982,0.49579,-0.55639,-0.77358,0.2586,0.19085,-0.67822,0.32358,-0.90311,0.16959,-0.22929,-0.79385,-0.01079,0.06835,0.42008,0.24372,-0.11969,-0.58941,-1.4508,-0.25148,0.15838,0.76718,-0.44891,-0.71907,0.289,-0.12274,1.066,-0.33914,-0.54021,0.67419,0.01164,0.19023,-0.49194,0.014467,-0.23755,1.1832,-0.40548,0.16608,0.26016,-0.77634,1.2405,-0.78487,1.4686,0.4387,0.016676,-0.39204,0.24995,-0.62943,-0.042138,-0.51711,-0.78545,0.66492,-0.10798,0.14265,-0.2842,-1.243,-0.58121,-0.12052,0.59028,-0.11042,0.43617,0.52713,1.8857,-0.02006,-0.13731,0.0039928,1.6889,-0.12861,-0.33177,0.87095,-0.18134,-0.20536,0.12032,-0.22871,0.1135,0.5303,0.67207,0.53027,0.19241,0.51006,-0.66672,-0.048568,-0.24688,0.068495,0.083116,-0.15273,0.098542,0.47815,0.73112,-0.31894,0.31774,0.039978,0.11034,-0.93948,0.24035,0.25661,0.31404,-0.46259,-0.30334,0.20301,0.47156,-0.40541,0.068082,0.29639,0.64548,0.35801,-0.53542,-0.46236,1.5206,0.50302,0.49268,0.99489,0.074371,0.069284,-0.37756,-0.58383,0.59863,1.2302,-0.094361,0.29581,-0.011371,0.1434,0.22929,0.25252,0.19876,0.020086,-0.62599,0.073224,0.31819,0.2369,-0.97432,-0.63469,0.5225,1.1354e-4,0.79758,0.54748,0.27265,-1.155,0.89941,0.13934,0.55374,0.53966,-1.3159,0.56624,-0.68115,0.92895,-0.92817,0.67606,0.39442,-0.33557,0.24754,0.25215,-0.084677,-0.82789,0.53313,-1.6444,-0.39355,0.097083,-0.45175,-0.16409,0.26545,-0.52085,1.238,-0.23791,0.47803,0.034697,-0.43415,0.65504,0.54908,0.42241,-0.027069,-0.66248,0.048683,-0.98703,-0.28284,-1.2724,0.47787,-0.9887,0.75141,-0.51633,-0.23265,-0.044259,0.44915,0.26434,-0.23722
ko,daughter,N,-0.40336,0.53373,1.0145,-0.041427,0.1182,0.21276,0.57516,0.31326,-0.74059,-0.12685,-0.27052,1.1542,1.3794,-0.37093,0.60111,0.157,0.67614,0.08826,0.10171,-0.91854,0.99435,-0.58,-0.94341,0.060589,-0.32245,0.23107,-1.1943,0.12012,-1.2267,0.82351,0.76814,-1.4361,0.60732,0.05563,-0.57472,0.84788,-0.13149,0.38403,-1.4354,0.93949,-0.4069,0.67521,-0.051361,1.1646,-0.41724,-0.44063,2.5379,0.69444,-0.051505,0.58094,0.52057,0.1899,0.67565,0.027871,-0.17087,0.3475,-0.59192,0.31212,-0.13401,-0.16534,0.85879,-0.19772,-0.35611,-0.082462,1.8202,0.86105,-0.71101,-1.1441,-0.37642,-0.64027,-0.5691,-0.56814,-0.13477,-0.14552,-0.43907,0.64036,-1.1217,0.21039,0.42458,0.36671,-0.5298,0.48338,-2.0065,-0.30211,-0.092162,-0.20223,-0.061032,0.28135,0.10753,1.009,0.42568,1.3483,-0.49446,-0.86417,0.40012,0.20665,-0.567,-0.61155,0.59501,0.90651,-0.084712,0.99513,-1.3708,-0.64661,0.40318,0.037344,1.373,0.30132,-0.5854,-0.014314,1.2004,1.8139,0.34199,0.88586,-0.67777,1.0496,0.34211,0.4792,1.0935,0.34412,-0.29365,1.0491,-1.366,0.59302,0.74101,0.41807,0.062258,-0.79793,1.0719,-0.059979,-0.26956,0.37772,0.50858,-0.22662,0.52279,-0.48248,-0.54788,-1.2404,0.13819,0.40382,0.53279,0.80956,0.76515,-0.37468,0.25246,-0.081165,-0.96329,0.25709,0.5957,0.44292,-0.10731,-0.67604,-0.020338,0.29207,1.1303,0.36476,-1.8406,-1.1435,-0.63277,-0.86151,0.78366,-0.32354,0.17008,-1.1263,-0.011909,-0.59082,-0.32902,-0.42045,-0.57202,0.3141,0.92593,0.7329,-1.003,0.64673,-0.19334,-0.77141,-1.0742,0.1262,-0.16011,-0.93385,1.0008,0.75988,0.44436,0.49307,-0.40282,0.13747,0.57617,1.0824,-1.4871,-0.32707,-0.34618,-0.26363,0.51725,0.17177,0.57475,0.32611,-0.4251,0.56081,-0.44143,0.63179
ko,executive,N,0.35981,0.15016,0.51125,-0.11402,1.349,-0.70171,0.069127,0.30419,-0.5308,-0.31509,-0.487,0.81283,-0.35649,-0.559,0.085587,-0.64692,0.8482,-0.87738,-0.1472,-0.44728,0.26312,0.4433,0.33446,0.54208,-0.83653,0.050425,0.23259,0.040787,0.073986,0.94804,-1.3941,-0.087989,-0.070885,0.23186,0.029532,0.80392,-0.25255,-0.67899,0.19267,-0.17566,0.76436,0.24534,-0.8497,-0.19449,-0.025166,-0.53329,1.3439,-0.15441,-0.34822,-0.53192,1.2598,0.29112,-0.086174,-0.49118,0.62764,1.5823,0.38131,0.023747,-0.57285,0.89913,0.66839,0.049935,-0.1587,0.34909,-0.092258,-0.46671,-0.62815,-1.7943,0.64828,-0.32727,-0.85072,-0.0087354,-0.54554,0.25095,0.11803,-0.01757,-0.72479,0.15872,0.55001,0.63762,1.2802,1.2233,-1.1245,-0.20824,-1.3299,-0.31907,0.43856,-0.85445,-0.34482,-0.88979,0.077869,0.11845,-0.79945,-0.38214,-0.0053311,-0.62638,1.1679,0.17223,-0.62377,-0.026299,0.067162,0.69634,0.026661,-0.19129,-0.26436,0.83111,0.78031,1.3068,0.20698,-0.29143,0.1778,1.1267,0.21422,0.55155,0.077404,0.25046,0.34998,-0.58402,-0.6075,-0.18037,-1.4639,0.22894,0.12558,1.1807,-0.36185,0.087658,0.49989,0.27235,0.47866,-0.92166,-0.58674,-0.61314,0.53207,0.51637,-0.21855,-0.68782,0.83377,-0.62213,-0.070467,1.058,0.44616,0.8657,-0.6422,0.095204,0.55962,-0.29205,-0.42907,0.64783,-0.47194,0.71399,-0.34245,-0.65492,-1.4522,-0.59367,-0.27428,0.43412,-0.47293,-0.39216,-0.45598,0.22583,0.9238,0.42238,0.79886,-0.24315,1.1312,0.21521,-0.79825,-0.25846,-0.7629,0.20245,-0.18943,0.12274,0.82219,-0.23203,0.72303,0.11788,-0.033933,-0.28975,-0.32496,0.52375,-0.50678,-0.56201,0.96738,0.5594,0.43983,-0.33511,-0.87982,1.12,0.24211,1.3104,-1.5832,0.1952,-0.41972,-0.60176,0.15875,-0.83691,0.82596,0.31397,-0.5213,-0.021332
ko,family,N,0.18783,-1.2303,1.1445,-1.4712,0.092901,-0.87679,0.52363,0.41889,-1.1571,-0.34288,-0.44644,0.49595,0.38786,-0.38567,1.1899,-0.96699,0.165,-0.63997,0.84577,-0.21024,0.39252,-1.1283,0.91027,0.071437,-0.21982,0.18937,-0.91582,0.28286,0.71528,0.50502,-0.10947,-0.28989,0.99673,-0.49102,0.67339,0.29773,-0.36375999999999997,-0.66329,-0.44027,-0.22781,0.8267,0.53688,-0.19266,-0.055567,0.49584,-0.59607,1.6543,1.2908,-0.69422,-0.27886,-0.73026,1.274,-0.47981,-0.82481,0.18811,0.48105,-0.60579,1.0878,-0.18591,0.078642,0.55903,-0.021267,0.057057,-0.92158,0.67825,-1.0262,-0.3556,-0.045585,-0.28453,0.33886,-0.20362,0.82579,0.090332,-0.35957,-0.15478,0.28978,-0.67933,-0.61758,-1.2835,0.19174,-0.33291,-0.30312,0.33656,0.0641,-0.78266,-0.71958,0.18047,0.54695,0.63447,0.092943,-0.26827,0.74054,0.51101,-1.3716,1.3619,-0.31746,0.10939,-0.091109,-1.0547,-0.5846,0.58011,1.7531,-0.54163,0.79654,0.17389,0.66705,0.4586,-0.50183,-1.6682,0.40911,0.27908,0.83528,0.081943,-0.058063,0.43751,0.2309,1.6438,-1.0549,-0.91545,0.36545,0.091358,-0.36673,-0.38482,0.15824,-0.43897,0.36993,0.28588,-0.22814,0.30501,-0.44591,0.13075,0.85427,0.53104,0.2218,-0.25386,-0.49175,0.50983,0.36296,-0.010488,0.84534,-0.60891,1.1704,0.048917,-0.2086,0.35364,-1.1459,1.0531,0.16559,-0.18663,1.3324,9.0823e-4,-0.1734,0.68703,0.53987,0.53399,-0.2967,-0.18296,-0.19514,0.1346,-1.4377,0.55954,-0.5142,1.665,0.72484,-1.6653,0.49902,-0.31524,0.82518,-0.48011,1.6064,-1.1584,-0.11544,-0.82451,-0.32763,0.085486,-0.090554,-0.32682,-0.42426,0.25901,0.26803,0.36537,0.18768,0.74681,0.37659,0.4827,1.4655,0.89258,-0.047958,0.43129,1.3353,0.31082,0.068148,-0.0074105,-0.19776,0.21295,0.1994,-1.1838,0.52357,-0.74967,1.2612
ko,female,N,1.5464,0.39759,0.44818,-0.01458,1.6316,-0.83322,0.51799,-0.25069,-0.36843,-1.0152,0.27033,-0.93062,0.93235,-1.0408,0.24469,-0.96876,0.23128,-0.21896,0.58839,-1.2284,0.94967,-0.39878,1.0196,-1.4096,-0.019328,0.14133,-0.61243,-0.90033,0.93506,-0.89479,0.58801,-0.47385,0.014309,-1.017,-0.14253,0.38603,0.17627,0.22668,-1.147,0.789,0.093591,0.41278,0.1114,0.20486,-0.10869,0.25476,0.2416,1.6163,-0.60958,-0.48356,1.52,1.0775,-0.71487,0.034885,0.67876,-0.94386,-0.2395,0.29107,0.0089794,0.3715,0.48256,-0.41249,0.26963,-0.36927,-0.017581,-0.36027,-0.42566,0.1928,-0.77036,0.40722,0.10716,0.6465,-0.1407,0.33317,-0.99337,-0.45556,-0.10598,-0.43418,-0.72865,-0.41644,-0.94787,1.1672,-1.2414,-0.066988,-0.52554,0.25766,-0.31738,0.60075,-0.082863,-0.88904,-0.82923,-0.31127,0.56308,-0.29544,-0.47757,-0.037556,-0.21953,-0.026604,0.12535,0.42736,-0.34209,0.72853,0.18551,-0.34129,-0.4832,0.096454,0.64115,0.21926,-0.010703,0.7059,-0.21854,0.51229,-0.3463,-0.60907,2.0429,1.5069,-0.49517,1.3256,0.49684,-0.52075,-0.98715,0.27646,0.026657,0.72285,0.79169,-1.1029,-0.50603,0.48608,0.6116,0.11626,-1.4569,-0.89704,-0.61968,0.22169,0.58047,-0.48017,-0.090656,0.69933,0.35241,0.51783,-0.82218,-0.78216,-0.034223,0.6451,-0.66992,-0.38992,-0.63405,0.33388,-1.5194,1.1727,-1.1967,-1.1837,-0.62287,0.8791,-0.017148,0.17585,-1.0916,0.2821,0.39256,-0.14734,0.8752,-1.4568,1.8383,-0.21776,-1.0442,-0.23274,-0.15843,0.85691,0.81985,0.033995,-0.31066,1.0389,-0.0037715,0.093004,0.51913,-2.2119,-0.069105,-0.81123,-0.83441,-0.49501,-0.12387,0.15899,0.53037,-0.11408,0.36628,-0.069169,0.081905,0.42494,-0.56021,0.68742,-1.2403,1.9511,-0.30414,0.057275,-0.58898,0.94571,0.80741,0.33351,-0.035976,0.69843
ko,genius,N,0.399335,-0.025103500000000004,-0.39329000000000003,-0.057247000000000006,0.54704,-1.15225,0.7467550000000001,-0.19579449999999998,-0.98647,-0.5465249999999999,0.0184,0.26115,0.34779499999999997,-0.09697130000000001,-0.23801499999999998,-0.39441000000000004,0.647735,-0.54541,-0.70646,-0.37984,0.340455,-0.1388255,0.071252,-0.28078749999999997,0.034714999999999996,-0.604415,-0.7543,-0.0147525,0.0330875,0.10995550000000001,0.083043,0.0040000000000000036,0.12562,-0.662385,-0.66649,0.411604,0.038849999999999996,-0.014699500000000004,-1.040655,0.211095,0.8054250000000001,-0.09299,-0.75308,-0.75488,0.2082415,-0.42284,0.370145,0.5160935,-0.32621500000000003,0.1874965,0.154945,0.81193,-0.13407449999999999,0.19502,-0.05995,0.62584,-0.847075,0.345785,0.903125,0.48924999999999996,0.016184999999999977,-0.500195,-0.2901165,-0.246347,-0.29258,0.19973000000000002,-0.015125,0.97306,0.06500449999999999,0.18193,-0.317805,-0.359415,-0.1453975,0.035514500000000004,-0.586665,0.7411749999999999,0.02210000000000001,0.573275,-0.48353999999999997,-0.50626,-0.1621465,0.66548,-0.71451,-1.05747,-0.35394000000000003,0.27717,0.5269,-0.128585,0.508685,-0.280925,-0.49789500000000003,-0.207365,0.22163499999999997,-1.077205,-0.2035115,-0.731685,-0.07295,-0.04414,-0.4223955,-0.043129,-0.08011499999999999,0.0691,0.425715,-0.402915,-0.591235,-0.026164999999999994,0.02958999999999999,0.031175000000000008,-0.35215,-0.153675,0.05436000000000002,0.689255,-0.30811499999999997,-0.1692385,0.270065,1.18035,0.46723000000000003,0.767425,0.30820000000000003,1.2608,0.577665,-0.21959399999999998,-0.49149,0.52398,0.16595000000000001,0.93851,1.3282450000000001,-0.31793499999999997,-1.182595,-0.498325,0.43107650000000003,0.2638405,0.751085,0.115012,-0.11531,-0.08630785,-0.060563500000000006,0.50592,-0.25834,-0.48936,-0.03814845,-0.387735,-0.167664,-0.641365,-0.011110000000000009,-1.41695,-0.624895,-0.08588000000000001,-0.143085,-0.5501050000000001,0.033503,-0.018660499999999997,-0.11978000000000003,0.356505,0.44614,0.2900545,-0.417585,0.086493,0.05799825,-0.318922,0.9692299999999999,-1.3231549999999999,0.5296649999999999,-0.869835,0.993365,-0.126175,0.0850885,-0.060676429999999996,-0.31776,0.44455,-0.08055,-0.293805,-0.24298999999999998,-0.56823,-0.6327050000000001,0.233655,-0.12281,0.38337499999999997,-0.1361,-0.34662000000000004,-0.34785,0.05338000000000001,0.8096300000000001,-0.1491,0.46145,0.661975,-0.431985,-0.030310149999999998,-0.104992,0.14187450000000001,-0.708125,0.5521400000000001,0.15581499999999998,0.713875,-0.11629999999999999,0.53745,0.34202,-0.2228835,0.06988,0.8218
ko,girl,N,0.30556,-0.038977,-0.58204,0.028274,1.0984,0.027223,0.54716,0.6702,-1.6917,-0.83053,0.70047,0.78325,1.65,1.2473,1.0034,-0.71686,1.1891,0.081049,1.1152,0.61117,1.4917,-0.59145,1.0553,-1.232,-0.18765,0.13924,-0.57353,-0.42989,-0.41705,0.44016,0.26518,0.36781,0.81754,-0.61457,-1.3895,-0.17875,1.0653,0.34013,-0.65446,-0.7302,-0.070862,1.0281,-0.70449,-0.094955,-0.1316,0.52436,0.040459,1.2323,-0.30416,-1.1014,0.65195,0.89508,-0.037962,0.72618,0.27006,0.41287,0.0089036,-0.057665,0.92792,0.27949,0.73808,0.61284,0.2733,-1.0791,0.33952,0.089773,-0.76361,-0.0049507,0.53249,-1.4972,-1.3509,-0.26609,-0.28123,1.5067,-1.3263,0.69403,-1.5116,-0.2288,0.031226,-0.056291,0.07297,0.59835,-0.46379,-0.87882,-0.38619,0.13929,-0.31264,0.35911,-0.53922,0.44623,-0.46203,0.55481,0.28541,-0.76089,-0.71066,0.24973,-0.33919,-0.66084,-0.73067,0.56485,-0.39639,0.74286,0.48344,-0.89251,-0.21838,-1.123,0.51794,-0.31067,-1.0161,-0.44243,-0.067723,1.2201,0.040131,0.0016297,0.37571,0.56425,1.4462,0.56125,0.36861,0.66284,0.58885,0.13248,0.20383,0.57615,0.2635,0.1989,0.6572,0.11783,-0.25316,-0.20276,-0.053057,-0.31901,2.0083,-0.24009,-0.30104,-0.56765,1.3727,0.24911,-0.79958,0.083399,-0.58184,0.097715,-0.65733,-0.035525,0.2337,-1.3473,-1.3873,-0.97244,0.24886,-0.81693,-0.17695,-0.12942,0.91553,-0.052551,-0.21018,-0.34209,-0.76219,0.013178,0.79104,-0.54596,-0.10226,-1.4727,0.94931,-0.6982,0.57685,0.065637,0.21628,0.14661,0.39952,-0.51007,-0.91638,0.84012,-0.36462,-0.067751,-0.46804,-0.61336,-0.44338,0.36778,-0.92823,-0.53482,-1.2405,1.2752,-0.063642,-0.42281,0.18307,-0.11785,1.1648,1.0237,-0.010941,0.9935,-1.0327,0.96012,0.17961,0.33039,1.063,-0.22997,-0.397,1.2324,-0.94861,0.38514
ko,he,N,0.26724,0.032944,0.0058313,-0.76656,0.6563,-0.38555,-1.2752,0.34047,-0.59237,-1.5567,-0.2705,0.10126,-0.01451,-0.46396,0.29287,-0.098147,-0.91727,-0.17565,-0.11518,-0.57716,0.34657,-0.20185,-0.2212,0.36911,0.69982,-0.64443,-1.186,0.11904000000000001,0.51505,0.78292,0.13834,0.47082,0.56372,-0.6165,-0.58117,0.45814,0.13429,-0.64624,-0.070207,-0.44824,0.69214,-0.61003,0.56105,0.3074,-0.034028,-0.63983,0.69177,0.32484,-0.56375,-0.52963,1.3695,-0.2123,-1.2462,-0.51869,1.5064,-0.33527,-0.14516,-0.096982,1.2972,0.57155,-0.53624,0.43378,1.5667,0.22266,-0.37042,-1.3224,-0.076748,0.70598,0.042639,-0.72318,-0.77097,-0.41624,0.33538,0.1792,-0.27326,-0.086526,0.3311,-0.017912,-0.58582,-0.20915,-0.03248,0.93125,-0.47168,-1.1385,-0.64447,-0.26027,0.45394,0.49156,0.92302,-0.33427,0.45637,-0.89368,-0.45796,-0.39364,0.99545,-0.82528,0.046292,0.28702,-0.50972,-0.0084118,0.16714,0.044077,-0.72936,-1.4783,-0.17269,0.26127,-0.30919,1.1407,-0.74526,0.4354,0.81228,0.80627,0.36303,0.30223,-0.86025,0.20931,0.10832,-0.41829,-0.62772,0.21331,-1.1038,-0.83776,0.40284,1.2588,-0.078047,0.96754,1.0516,-1.3631,-0.32621,-0.23055,0.33936,0.63957,0.20113,0.074607,-0.004041,-1.3005,0.91869,0.19449,-0.32146,-0.75221,-0.1877,-0.57119,-1.2722,0.48225,1.6499,-1.1079,-0.34148,0.013814,0.033005,-0.34649,-0.15765,0.81371,-0.42389,0.66955,0.44276,-1.0561,0.86754,-0.80558,0.42955,-0.63778,-1.134,-1.3981,0.1024,0.87971,-0.2937,-0.077238,0.62609,0.74478,-0.51901,0.71765,-0.74223,0.4677,-1.2634,0.14314,-0.024708,0.40622,-0.45953,0.23714,0.86595,-1.2361,0.1085,-0.41193,0.47188,0.82976,0.94329,1.2236,-0.62266,0.38002,-0.0084874,0.15162,0.9215,0.077631,-0.82522,-0.39836,-0.19693,-0.23024,0.11611,0.48659,-0.49512,-0.15646
ko,her,N,0.9054949999999999,0.020534999999999998,-0.11248999999999998,-0.61911,0.27830499999999997,0.776405,1.5112,-0.9420900000000001,-0.7138899999999999,-0.74112,0.2227105,0.15133000000000002,0.39461549999999995,0.11744500000000002,0.54447,0.119865,0.454805,-0.478545,0.47066,0.39319,0.629165,0.37444500000000003,1.58165,0.437468,0.0861305,-0.35473,-0.9564900000000001,-0.0023299999999999987,-0.46708,0.32489500000000004,0.401424,-0.28941150000000004,0.087865,0.24541649999999998,-0.972445,0.2297035,0.584785,-0.2735035,-1.0009299999999999,-0.762805,0.565855,-0.578635,-0.250466,0.83281,-0.7826275,0.038745,0.488825,0.17825,0.338052,-0.45903585150000004,0.38483500000000004,0.194185,0.41413500000000003,-0.138205,-0.17028500000000002,-0.13849999999999998,0.59155,0.012689999999999993,0.68886,0.60979,-0.14150849999999998,0.5768800000000001,0.21126999999999999,0.0377215,0.288955,-0.4374305,0.6063350000000001,-0.47360499999999994,-0.3668965,-0.16871555,-1.105855,-0.24279499999999998,-0.0572,0.26487,0.302305,0.60311,-0.7205250000000001,-0.11038,-0.7666850000000001,-0.2053535,-0.966765,1.1352000000000002,-1.47685,-0.712785,-0.4513545,1.1846,0.374215,1.0468899999999999,0.51107,-0.11177500000000001,0.510965,-0.639065,0.185615,-1.06843,-0.22648999999999997,-0.06039870000000001,-0.279985,0.18534,0.85697,-0.1941065,-0.18191999999999997,1.4619,-0.8412999999999999,-0.386275,-1.0830549999999999,0.23917499999999997,-0.372985,0.48492999999999997,-1.08514,-0.271315,-0.26845,0.69604,-1.1754,-0.3557165,0.084895,0.659525,0.674345,0.577605,-0.34865999999999997,0.10046499999999998,0.1604845,0.36957,-0.4452755,-0.430485,-0.07508500000000001,0.92509,0.9400250000000001,-0.660735,-0.177345,0.253405,-0.8419049999999999,-0.0592815,-0.1193345,0.545615,0.010450000000000001,-1.1253,-0.39693,0.37703,-0.99123000000000006,-0.346105,0.456865,-0.7346699999999999,-0.318075,0.283758,-0.033344999999999986,-0.09677849999999999,-0.332835,1.019865,-0.07363600000000001,0.370185,-1.45505,-0.34867,-0.42952,-0.37606385000000003,0.4090825,0.16921,-0.85089,-0.36343899999999996,0.27439199999999997,-0.261285,-0.024919999999999998,-0.796365,0.487325,0.759665,0.647945,0.45249,0.514755,0.24804,0.50316,0.48036,-1.00165,0.48536,-0.1199795,-0.8452999999999999,0.5975699999999999,0.6516985000000001,0.15756,-0.507655,-0.156135,-0.74924,0.629715,1.2049,1.256,1.174335,0.272175,0.52952,0.6541,-0.6967300000000001,0.08296500000000001,0.39422,-0.45804999999999996,-0.18138500000000002,-0.058156000000000006,0.598075,0.62392,-0.075875,-0.1423025,0.89603,-0.27904,0.24642
ko,hers,N,0.68255999999999994,-0.18547999999999998,-0.2619485,-0.51731,-0.380095,0.24774000000000002,0.950255,-1.21955,-0.67319,-1.198515,-0.05262499999999998,-0.1415265,0.2807505,-0.003784999999999983,0.8889050000000001,-0.55224,0.39178500000000005,-0.475055,-0.5270950000000001,-0.17423000000000005,0.20242499999999997,0.18094000000000002,0.8007596,-0.01710499999999998,0.2364805,0.058820000000000004,-0.268714,0.6900599999999999,-0.45086499999999996,0.42147500000000004,0.10764399999999999,-0.11757000000000001,0.38736000000000004,-0.06151000000000001,-0.46721,0.3518035,0.33224000000000004,-0.85233,-1.3441,0.03687500000000005,-0.26176499999999997,-0.090885,0.080972,0.681295,-1.003495,0.509795,-0.258965,0.10929499999999998,0.45365500000000003,-0.631185,0.390235,-0.48514999999999997,0.7848900000000001,0.0063600000000000045,-0.72302,-0.06111,-0.159895,0.46796499999999996,0.12761500000000003,1.1393849999999999,-0.40675350000000005,0.10988800000000001,-0.101475,-0.29532050000000004,0.077832,-0.5670850000000001,0.490765,-1.03472,0.3479835,-0.42339499999999997,-0.583925,-0.207325,-0.407325,-0.11253999999999997,0.1622555,-0.06573499999999999,-0.78196,0.039571499999999996,-0.4483875,-0.038981999999999996,-1.59835,1.0776,-1.064975,-1.09505,-0.7792300000000001,1.13237,0.745745,0.4879595,0.660305,-0.29475999999999997,0.83156,-0.6954460499999999,0.439035,-0.427005,-0.21099999999999997,-0.0376972,0.059160000000000004,-0.04281499999999999,1.048125,0.244115,0.392825,0.8771,-0.375007,-0.031254,-0.652625,0.9103249999999999,-0.02012,0.839245,-0.21858500000000003,-0.10599499999999999,-0.09592,0.77266,-0.6908099999999999,-0.1508265,0.376245,0.22533999999999998,0.4170605,0.39264,0.11222000000000001,-0.06098100000000001,-0.22808,0.13207000000000002,-0.891595,0.171985,0.449065,0.6888749999999999,0.7334700000000001,-0.03015000000000001,-0.15921,0.09975999999999999,-0.37255,-0.4231415,0.4083605,0.7005399999999999,0.013895000000000005,-1.0317399999999999,0.010344999999999993,0.8422350000000001,-0.771585,-0.1877915,0.549535,-0.770295,-0.31356,0.233453,0.560805,-0.22738999999999998,-0.062479,0.69064,-0.34221,0.39524000000000004,-0.910735,-0.08552499999999999,-0.340985,-0.01508635,0.58873,0.468295,-0.593095,-0.064079,0.11689,0.21481499999999998,-0.175015,-0.314865,0.063085,0.533595,0.584395,-0.311615,0.187085,0.411185,0.062525,1.05232,-0.86088,1.216545,0.15462499999999998,-0.75821,0.03448499999999999,0.8064985,0.099685,-0.41641500000000004,0.07387500000000001,-0.151662,0.24475999999999998,0.7592300000000001,1.2151049999999999,0.23535999999999996,0.321465,0.319615,0.0018249999999999933,-0.8420449999999999,-0.650915,0.7824800000000001,-0.55388,0.5651,-0.29529500000000003,0.465055,0.56321,0.50428,-0.186511,0.6191450000000001,-0.19243500000000002,-0.0978
ko,him,N,-0.49067,0.72583,0.2079,-0.27779,0.11438,-0.15324,0.17688,-0.73434,-0.15389,0.45774,-0.5348,0.49049,0.51542,0.42824,0.78939,-0.030998,-0.050467,-0.58828,0.75171,0.25548,0.26493,0.24672,0.2266,0.58354,0.32805,-1.0434,-1.4317,-0.58804,0.10044,-0.67326,0.60809,-0.47357,0.19809,0.92673,0.16616,0.18991,-0.40135,-0.25153,-1.7578,-1.2068,0.3427,-1.0101,0.031346,0.25819,-0.25391,0.032545,-0.18593,0.49341,0.4531,-0.37278,0.4304,0.70402,-0.25572,-0.13296,-0.080583,0.34983,-1.0554,0.59623,1.3622,0.42933,0.9717,0.12814,0.61097,-0.71557,-0.057836,-1.0745,0.11525,-0.12882,-0.18218,0.30372,-1.6418,0.68555,-0.55671,-0.68574,-0.13382,0.73295,-0.10242,0.059131,-1.0845,-0.57788,-0.7572,0.0078957,0.11359,-1.066,-0.53572,0.40553,-0.10439,0.94551,0.492,0.32302,0.92733,0.28758,-0.24619,-0.34241,0.33493,-0.86512,-0.61238,0.96076,-0.1949,-0.82339,0.47224,-0.15096,-0.13497,-0.54352,-0.45846,0.9339,-0.41745,-0.66369,-0.75582,-1.0308,0.094867,0.29121,0.29986,-0.07063,-0.24336,0.47913,0.78157,0.13755,-0.33403,0.2953,-1.4211,-0.81359,1.0538,0.18569,-0.769,0.82396,0.29046,-1.0388,0.30841,1.1558,-0.74293,1.2165,-0.53887,0.69132,-0.3746,-1.6232,0.18889,-0.69059,0.60458,0.2998,-0.5283,0.33457,-0.93368,1.6056,0.68008,-0.017736,-1.1058,1.3602,0.23126,-1.2296,-0.9319,-0.58182,-0.56811,0.47805,0.53177,0.33125,0.45373,-0.78697,-0.45425,-1.1755,-0.27968,-1.1638,-0.059702,0.91498,1.2829,-0.5252,-0.017109,0.61895,-0.45555,0.59857,-1.3802,0.84449,-0.12154,-0.47024,0.41553,0.65081,-0.59057,-0.15939,0.027707,-0.56003,-0.47912,0.20099,0.82415,0.24445,-0.1179,1.7327,-0.94773,-0.13526,-0.19907,0.0037693,-0.36295,0.049271,0.061899,-0.024996,-0.26119,-0.25235,0.26181,0.61181,-1.1792,-7.3364e-4
ko,his,N,-0.36921,0.29292,-0.39387,-0.23563,0.25873,-0.27519,0.67741,-1.3494,-1.226,-0.66328,-0.11105,0.42117,-0.15177,0.013248,0.18604,0.16528,0.24855,0.22168,0.026676,0.21345,0.11217,-0.18726,-0.085374,0.21478,-0.35859,0.42138,-0.39421,0.37954,0.071086,0.42344,-0.25541,-0.11913,-0.011272,0.67172,-0.31721,0.90927,0.089801,-0.19524,-0.94454,-0.80206,-0.3887,0.046872,-0.0021811,0.26518,-0.73781,-0.14924,1.0303,0.66711,-0.14201,-1.0786,0.94702,0.3605,0.079101,-0.96677,0.3475,-0.097579,0.20657,0.54699,0.33166,0.57788,-0.10398,-0.37263,0.44547,-0.086887,0.029954,-1.2016,0.37561,0.18416,0.035008,0.36923,-0.56362,-0.043872,0.0010045,-0.59712,0.2708,-0.12112,0.2454,0.38072,-0.57229,0.027955,-0.86324,0.27625,-0.28375,-0.8129,-0.74224,0.22738,0.23603,1.0082,1.2812,0.52884,0.036464,-0.54683,-0.49197,-0.022823,0.10614,-0.84552,-0.026245,0.84821,0.12213,-0.42789,0.68872,0.10701,-0.82237,-0.72688,0.26223,0.78021,0.33885,-0.53037,-1.0376,-0.11299,0.35029,0.42579,0.039298,0.64054,-0.38749,1.0779,-0.066434000000000007,0.30866,-0.1484,0.37225,-0.20026,-0.63205,-0.74012,0.62284,-0.14494,0.7247,1.5063,-2.4101,0.2718,1.0198,0.55623,0.34675,0.17223,1.7792,0.519,-1.1589,0.30058,0.24738,0.34611,-0.42458,0.69548,0.22764,-0.49658,0.027649,0.56405,0.057849,-0.49205,1.1893,0.10398,-0.045247,0.33095,-0.23927,-0.1189,-0.12304,0.19367,0.1882,0.029047,-0.051986,-0.58847,-0.3344,0.24012,-0.46634,0.84535,0.95773,-0.14555,0.21292,-0.37628,0.32548,-0.41028,1.3334,-1.3217,0.16361,-0.39135,-0.28723,-0.19489,-0.10832,-0.036861,-2.2292e-4,0.45826,-0.92276,0.15645,-0.3883,0.40438,-0.096846,0.25751,1.1657,-0.68321,-0.50097,-0.33013,-0.36472,0.4037,-0.38441,-0.32979,0.066482,-0.37063,-0.13024,0.065466,0.6023,-0.86437,-0.088991
ko,home,N,0.97783,-0.3338,0.22882,-0.44534,0.87057,0.30797,-0.16328,-1.6594,-1.0168,-0.35763,0.44355,-0.29837,0.94447,0.3227,1.3774,-0.24011,0.83639,-0.75424,0.61553,-0.40826,0.093122,-0.018234,-0.28618,0.6416,0.68726,0.61253,0.16163,-0.38213,0.067046,-0.017226000000000002,1.103,-0.78607,-0.66061,-0.83734,-1.7725,0.1768,-0.26882,-0.98615,-0.72665,-0.22099,0.64795,-0.61315,-0.76683,-0.14001,-0.64952,-0.1014,0.78653,0.30002,-0.060136,-0.28736,-0.19657,0.99343,0.22259,-0.043728,0.053843,0.066093,-0.62048,0.068201,0.76127,0.33588,-0.17759,0.28413,0.03034,0.32873,0.36944,-0.73808,1.8919,0.16958,1.0448,0.179,-0.84378,0.011113,-0.67592,-0.105,-0.15731,0.063676,0.40724,-0.51631,-0.33541,-0.28037,0.43566,1.2442,-0.94408,-0.65852,-0.94656,-0.017468,-0.083764,-0.17802,0.4143,-0.018181,0.17114,0.80643,-0.26061,-0.035675,-0.1731,0.70788,-0.4203,-0.15495,-0.59874,0.3626,1.7025,0.40576,-0.77625,-0.43656,0.050325,0.17095,0.48792,0.35373,-0.0056209,0.09149,-1.3507,0.32869,-0.43436,1.318,-0.95799,0.876,0.12207,0.081644,1.2701,0.67646,-0.16283,0.71085,-0.19169,0.17592,0.41499,0.28449,-0.56806,-0.94041,-1.1179,-0.4178,-0.44725,-0.83371,0.60821,0.30168,0.60056,-1.136,0.55182,1.1902,-0.56817,0.44201,1.5224,0.43405,0.46436,0.2358,0.16448,1.0152,0.33451,2.09,0.13177,0.058579,0.40292,-0.17578,0.50285,0.76784,-1.0205,-0.67883,0.012319,0.030656,0.58853,-0.10146,0.98208,-1.1245,0.17887,0.24439,0.046986,0.028259,-1.0104,0.63121,-0.81515,0.21392,-0.33792,0.49425,-0.92921,0.158,0.024387,-0.13943,0.81878,1.1329,0.67474,-0.39026,-0.038908,-0.41872,0.68875,-0.61014,0.81313,1.1326,-0.094021,0.05412,-0.30421,0.91716,-0.97574,0.24625,-0.16136,-0.46229,1.1331,0.17217,-0.53982,1.237,0.50069,-0.54203
ko,male,N,0.53301,0.79371,0.26737,-0.05933,1.9839,-1.1258,1.0311,-0.71649,-1.2554,-1.4775,-0.029212,-0.67172,0.90565,-0.28095,0.44298,-0.6167,0.9966,-0.44393,-0.36074,-1.1554,1.9681,-0.39535,1.0851,-1.5399,-0.497,-0.62911,0.3557,-0.67876,0.63596,-0.92032,0.32384,0.095772,-0.14839,-1.0943,-0.28063,0.70155,0.11972,-0.31974,0.0061601,-0.16984,0.7093,-0.057807,-0.22682,-0.15791,-0.063077,0.82753,0.38908,0.66804,-0.78019,-0.042224,0.94492,1.0316,-0.66235,0.43979,0.055539,-0.63951,0.25362,0.37473,0.59635,0.80997,0.3403,0.19283,-0.49743,-0.76513,0.0034963,-1.1561,-0.33911,-0.21252,0.18447,0.1846,-0.19853,0.37707,0.76637,0.21824,-0.69246,0.18135,-0.083195,-0.87321,-0.55116,-0.74981,-0.75389,0.82666,-0.69163,-0.10373,-0.11241,-0.23212,-0.003711,1.2313,0.14124,0.20879,-1.0988,-0.75305,0.19019,0.17028,-0.031021,-0.22283,0.37379,-0.7384,-0.52429,-0.13516,-0.51287,0.20405,-0.079706,0.076758,-0.9338,0.88958,-0.049668,0.61843,0.24204,-0.041905,-0.1918,0.16271,0.38959,0.37525,2.0838,1.0265,0.4307,1.4077,0.42031,-1.0187,0.23325,0.82446,-0.041647000000000003,1.1137,0.39132,-0.57418,-0.40873,0.46342,0.53977,0.63733,-0.69918,-0.066239,-0.80059,0.56846,0.19529,0.092918,-0.73288,0.63862,0.94305,0.67683,0.15269,-0.21915,-0.10929,1.0979,0.35059,-0.019593,-1.0004,0.18323,-1.4936,0.72007,-0.77855,-1.2964,-1.1026,1.1444,0.58939,0.48366,-0.65378,-0.22483,0.63656,0.50207,0.47681,-1.1445,0.86238,-0.56153,0.18949,-0.12211,-0.25544,1.15,0.1229,0.55745,-0.20328,0.77424,0.62493,-0.34425,0.2874,-1.346,0.071547,-0.93678,-0.4775,-1.4439,0.42514,-0.10516,0.89488,-0.59863,0.066401,0.10556,-0.69335,0.28351,-0.90167,1.0197,-1.0179,1.6948,-0.59463,0.70283,-0.035409,1.3502,0.87618,0.25859,0.19386,0.30098
ko,man,N,0.18884,-0.50052,-0.4453,-0.42945,-0.48352,-0.59412,0.53643,-0.11558,-1.0041,-0.3225,0.60309,-0.69456,0.97865,-1.2084,0.36094,-0.10652,1.3826,0.16317,0.13873,-0.33344,0.32486,0.64728,0.46421,-0.3634,0.50116,-0.81225,-0.06783,-0.49186,-0.3999,0.25482,0.40224,1.232,-0.032219,-0.03655,-0.89049,0.15708,-0.078051,0.18551,-0.25362,-0.24318,0.71981,-0.17469,0.16035,0.025737,-0.56288,-0.31475,0.40396,0.26084,0.63012,-0.78994,0.083444,0.29496,0.20647,-0.91204,-0.229,0.78737,0.36403,-0.15182,0.64904,0.42474,0.30536,0.83034,-1.2952,0.39152,1.0113,0.17125,0.3639,0.36911,0.27033,-0.21659,-0.33019,-0.76186,0.21832,0.3633,0.47082,-0.066841,0.66686,0.069892,-0.74519,0.23656,-0.19124,1.2473,-1.2159,0.56785,-1.2433,-0.13472,-0.33526,0.42248,-0.45504,0.92989,-0.44867,-0.76782,0.82505,-0.53192,0.076773,-1.15,-1.111,0.95044,-0.12136,0.26358,0.43867,-0.67555,-0.68288,0.57311,-1.2478,-0.20446,0.99241,0.087232,-0.06641,-0.52227,0.022804,0.39058,0.16893,-0.15047,1.0793,0.124,1.5898,0.047455,0.66865,0.035872,-0.40463,0.36204,-0.21134,0.20642,-0.29088,0.99407,0.14083,-0.3865,0.0035239,0.43889,0.087589,-1.0193,0.17371,-1.4645,-0.50113,-0.62879,-0.11867,1.3321,-0.12564,1.6011,0.43743,-0.14153,-0.78111,0.72225,-0.10094,-0.97827,-0.61133,1.0248,0.36785,0.69141,-0.80753,0.0040911,-0.65562,-0.40515,0.19034,-0.33315,-1.4098,0.17541,0.089977,0.025677,0.54496,-1.9157,0.063129,-0.21928,0.35563,-0.014478,0.51854,0.036789,-0.22155,-0.35641,-0.41,1.1743,-0.38761,-1.1074,0.18399,-0.65335,-0.40445,0.14449,-0.29309,-1.2219,0.06369,0.12187,0.64022,-0.11516,-0.027413,0.86209,0.0042235,1.7569,-0.27288,0.70806,-1.3381,1.3395,-0.32934,0.3251,-0.42632,-0.41762,0.64678,0.028387,0.10327,0.22561
ko,management,N,0.182443,-0.96437,0.217525,-0.02976000000000001,0.528185,-1.13134,0.522465,0.72848,-0.031564999999999996,-0.31606100000000004,-0.433485,0.988355,0.97497,-0.5266,-0.564067,-1.005935,0.987344,-1.1109,-0.28575999999999996,-0.570357,0.27682,0.47226999999999997,0.04963999999999999,1.147615,-0.465815,0.634185,-0.3525915,-0.04238499999999999,0.42996500000000004,0.882965,-0.59067,0.391525,0.01675500000000002,-0.655085,0.2224805,0.253077,-0.21574000000000002,-0.451935,0.5886830000000001,0.18699500000000002,-0.8483750000000001,-0.090845,-1.37535,-0.274915,0.47961,-0.016465000000000007,0.975365,-0.47126999999999997,-0.12249950000000001,0.22694999999999999,0.680065,0.65073,-0.3933355,-0.232783,0.18367399999999998,1.63245,-0.2349645,0.14956,-0.42967500000000003,-0.481461,0.10904500000000006,0.3845799999999999,-0.613015,0.8698649999999999,0.549213,-0.049740000000000006,-0.1037195,-0.7616050000000001,1.235935,-0.0082495,-1.17211,-0.45092999999999994,-0.7717105,0.63939,0.023285,0.11697500000000001,-0.212625,1.240575,-0.336355,0.6188849999999999,0.627615,1.2278,-0.42596,-0.63597,-1.32085,0.16233,0.56572,-0.546345,-0.2303805,-1.27258,-0.37568999999999997,-0.13977,0.573117,-0.13653000000000004,0.06713000000000001,-0.03950000000000001,0.535415,-0.07207,-0.755335,-0.6893750000000001,0.02129500000000001,1.4052,-0.28875,0.300775,-0.09666,0.376735,-0.522505,0.61082,-0.5655399999999999,-0.15465999999999996,0.87189,1.150475,0.143465,-0.546755,1.320475,0.820935,-0.19977,-0.35079000000000005,1.0266549999999999,0.576345,-0.281161,0.428395,0.19037,0.04103499999999999,-0.027269,-0.383115,1.2051,-0.171475,0.49809499999999995,0.27657,-0.68038,-0.351715,0.19978,-0.431345,0.06527,-0.65362,0.8202,0.09416999999999998,-0.2729175,0.899275,0.718835,0.31020000000000003,-0.00935999999999998,-0.57027,0.93988,-0.06969265,-0.185255,1.17395,-0.270885,0.76847,-0.659895,0.79716,-1.6837499999999999,-0.34567499999999995,0.25016,0.92039,-0.34317000000000003,0.2432085,-0.435375,-0.415425,0.42754000000000003,0.495885,0.9432800000000001,-0.44939999999999997,0.205225,0.2680845,-0.5027200000000001,0.58598,-0.026959999999999998,0.99308,0.35567000000000004,0.659335,0.64785,-0.30215050000000004,-0.119383,-0.3321115,-0.382245,-0.042042500000000003,0.3070565,0.652895,0.4816655,-0.17255,0.6863250000000001,0.54706,0.936075,0.027827000000000005,-1.25705,0.5623049999999999,-0.28104,0.6817200000000001,-1.103375,-0.17590500000000003,-0.02975500000000003,-0.2046282,-0.47584499999999996,-0.32906499999999994,-0.09125999999999998,0.795125,-0.23658105000000001,-0.177788
ko,marriage,N,0.117,0.41056,0.57428,-0.72365,0.16443,0.87111,0.028719,-0.73376,-0.68871,-0.23502,1.3636,-0.048658,0.26972,-0.82567,0.23379,-0.22007,0.1879,-1.3462,-0.6484,-0.30816,0.84842,-0.98527,1.6016,0.06451,-1.1963,0.075948,0.023441,0.41263,-1.5783,-0.22063,0.93982,-0.25751,0.66014,0.38935,-1.4981,0.97924,0.5702,-0.22351,-0.30673,1.2346,0.36195,-0.055177,-0.35804,0.92325,-0.55285,0.24322,2.0126,0.84442,0.1497,-0.67032,0.17423,0.61603,0.50335,0.35302,0.71947,1.3495,0.56323,1.1589,0.089998,0.046066,0.55913,-0.74762,-0.36172,0.0091287,0.18838,0.42438,0.31598,-0.96085,0.013129,-0.31847,-0.30489,-0.27583,0.1077,1.1389,-0.25538,0.14924,-0.0061829,0.079483,-0.87958,-0.95586,-0.70134,0.92363,-0.83454,0.49536,-0.45666,-0.31506,0.37906,0.69613,-0.31815,-0.31853,0.65306,0.22255,0.29438,-0.97653,0.027646,-0.4094,-0.91585,0.27948,-0.36313,-0.056971,-0.46329,0.81855,0.38077,0.16934,0.26011,0.22127,0.37755,1.0784,-1.0554,-1.0492,0.75633,1.5019,0.39164,-0.50899,0.11036,1.2099,1.0469,0.98677,-0.38162,0.14785,-0.0038258,1.422,-1.6576,0.96268,0.35541,0.026925,0.53164,-0.44606,0.27608,0.45213,-0.27418,-0.70289,0.52227,-0.086164,0.99987,-0.081417,-0.19527,0.36491,-0.0631,0.31218,0.57213,-0.13931,0.25973,1.043,0.70816,-0.61426,-0.58912,-0.75439,0.087485,0.29042,0.11233,-0.25599,-0.092256,-0.74697,1.1151,0.22007,-0.22752,-1.3176,0.69454,-0.27114,0.038808,-0.74372,0.15495,-0.75503,-0.085112,0.73387,0.49766,0.16574,0.03979,0.24711,0.12692,-0.73593,-0.2166,0.96275,-0.54859,-0.19318,-0.39034,-0.036638,0.35229,-1.0984,-0.01081,0.36286,0.91406,1.3155,-0.27163,0.69283,-0.34658,-0.18926,0.06372,-0.1576,-0.79942,-0.042289,0.51745,0.038426,0.49389,-0.0093053,-0.87002,-0.2742,0.18636,2.2172
ko,office,N,0.93093,-1.0129,0.3489,-0.21344,1.9294,-0.27649,0.18563,-0.14394,0.0018343,0.86714,1.3382,-0.12305,0.69897,-0.85493,1.4234,-1.1977,-0.32918,-0.68913,-1.0484,0.52372,1.0797,-0.60336,-0.22586,0.97346,-0.70727,-0.61743,-1.0633,-0.75837,0.25261,0.16991,0.46435,-0.28518,1.3128,-1.053,0.37978,1.3846,-0.33162,-0.31931,-0.54899,-0.2245,-0.26214,-1.2487,0.42262,1.3773,-0.011931,0.21554,1.7299,-0.34343,-0.14932,0.4512,0.896,0.070227,-0.30331,0.87291,0.97148,-0.39491,0.94427,1.5073,-0.79912,-0.059102,1.4445,0.34678,-0.18879,0.31522,0.64962,-0.91186,0.56654,-1.1891,1.0862,-0.66835,-1.0263,0.12838,0.29414,-0.19189,0.96844,-0.32853,0.15702,-0.36626,-0.79692,0.24071,0.55453,1.1332,-1.1425,-0.73775,-1.2565,0.32221,0.27989000000000003,0.31345,-0.081919,0.35477,0.13064,0.18381,0.14258,-0.15341,-0.3157,0.11913,0.99115,0.80406,-0.50875,-0.3002,0.82134,0.14847,0.52571,-0.48551,-1.0179,0.30131,0.2353,0.19602,0.35699,-1.3319,-1.6519,1.2996,0.093765,1.4941,-0.40193,0.20444,-0.085937,0.042094,-0.07534,-0.62129,0.076391,0.13504,-0.93763,1.3586,-0.63356,-0.33751,-0.12297,-0.55229,-0.46076,-0.57884,-1.1946,0.42422,-0.20644,-0.18865,-0.60648,0.41573,-0.087309,0.28993,-1.0224,1.1075,-0.20576,1.2314,0.17071,-1.5495,0.60167,-0.74159,-0.070866,0.89267,0.57174,-0.023948,1.0604,-0.78235,0.20672,-0.73494,-0.48752,-0.1738,-0.66044,-0.92244,-0.60913,-0.086559,1.0642,-0.36647,-0.23623,0.022273,-0.38833,0.32871,-0.99465,0.33911,-0.27283,-0.33998,-0.61946,-1.5816,0.39634,-0.30938,0.072029,-1.3435,0.48616,0.79212,-0.15332,-1.1481,-0.15267,-0.070427,0.65673,0.85709,0.11191,0.028723,0.29665,0.034646,-0.048478,0.81748,-0.65528,-0.12228,-1.0611,1.1228,0.047819,1.2485,-1.3947,1.4438,0.19983,-0.45548
ko,parents,N,0.78538,-0.66123,-0.07051,-0.57784,1.5487,-0.73879,-0.42316,1.0122,-1.3235,-1.8916,0.13018,0.56935,0.27008,-0.10594,1.5003,0.28968,-0.5371,-0.54256,0.040559,-0.26994,0.57304,-0.32859,0.5215,-0.36083,-0.27417,-0.50737,-0.57296,0.26867,0.61375,0.29738,1.0489,-1.757,1.3348,-0.29448,-1.6335,0.49329,-0.12726,-0.24764,-0.45736,-0.073947,0.63301,0.35039,-0.4763,-0.84701,-0.44548,-0.51983,1.6642,0.63818,0.59647,-0.96895,-0.22984,0.65906,-0.0096877,-0.1631,0.009088,0.20154,-0.78994,0.054796,0.22183,-0.1864,-0.9856,-0.97754,-0.28749,-1.208,0.028695,-0.72445,0.27116,-0.20316,0.77875,-0.36312,-0.95217,-0.14612,-0.067661,-0.62931,-1.1819,1.0343,0.045891,0.24108,-0.42456,-0.34722,-1.256,0.29011,-0.31032,0.35886,0.0012853,-0.80751,-0.72148,0.22359,0.14586,-0.31078,0.43755,0.77441,0.97086,-0.4319,0.14942,-0.045745,-0.12734,-0.75112,-0.00317,0.43581,-0.038124,0.54602,-0.11673,0.73592,0.44174,0.24752,0.89581,0.34489,-0.87354,0.36433,1.3731,0.65001,-0.079928,-0.85135,0.707,0.20533,0.44926,-0.9444,0.2973,0.020692,-0.31312,0.13766,-1.1186,0.64781,0.69527,0.12902,0.41371,-0.31744,0.75292,0.023276,-0.79668,-0.19235,-0.23311,0.26888,1.2333,0.043979,0.062369,0.74937,-0.29846,0.17756,1.136,-0.03683,-0.53984,-0.96733,0.18686,-0.62654,-0.38519,0.10569,-0.10346,1.3065,-0.44466,0.80375,0.91974,-0.13122,1.1791,0.50057,-0.1094,0.30581,0.70035,-1.0618,0.1694,-0.5668,2.0405,0.2184,-0.33649,-0.11424,0.70247,0.43243,-1.184,-0.094648,-0.67175,0.10004,0.022711,-0.42543,0.89476,-0.81638,-0.78362,-0.85794,0.025086,-0.16779,0.63652,0.64909,1.1085,-0.11904000000000001,-0.92704,0.43309,0.45937,-0.090468,1.1066,-0.28943,-0.25793,1.1217,-0.46189,0.3813,0.34771,-0.23027,-1.2402,0.51064,0.42464,1.0337
ko,professional,N,0.66784,-0.87172,-0.64463,1.2552,1.1845,-0.54713,0.29619,1.1434,0.13045,-0.099488,-0.67968,0.99446,0.73299,-0.38002,0.0037887,-0.35535,0.79355,0.13656,-0.61308,-1.0972,-0.10265,-0.40711,0.25068,-1.4234,0.28211,0.18243,-0.045124,-0.27749,0.11203,0.42669,-0.42878,-0.17336,-0.26271,-0.19443,0.24713,0.48732,0.17125,0.24971,-0.39171,0.065892,-0.35621,0.54724,-0.54274,-0.48713,-0.2592,-0.49633,0.96317,-0.61536,0.83316,0.21497,1.7092,-0.76925,-0.32704,-0.28973,0.11165,1.2969,-0.31792,1.876,-0.1692,0.35423,-0.24615,-0.14814,-0.71329,0.15642,-0.35011,-0.41378,0.48997,0.68906,0.48535,0.34119,-0.9692,0.039385,0.17298,1.0371,0.11118,0.18765,0.91718,0.048382,-0.91382,-0.51937,-0.22687,1.3239,-1.43,0.70688,-0.52201,0.33831,0.82627,0.1629,-1.2651,0.1936,0.53251,0.45743,0.035045,-0.11369,-0.10424,-0.8433,-0.069131,0.25199,0.4515,-0.25472,-0.63558,0.34308,0.51476,-0.40377,-1.1182,0.42166,0.091519,-0.35548,-1.141,0.51466,0.41959,0.40841,-0.021575,-0.36816,0.68114,1.1376,-0.48754,0.3881,-0.25165,-0.39926,0.28442,-0.37625,-0.48637,1.2327,-0.093574,0.42062,1.7956,1.1423,-0.32839,-0.54847,-0.10704,-0.37611,1.8243,0.57632,-0.16257,-0.39345,-0.16753,0.18497,-0.44104,0.25388,1.2598,-0.083028,0.17269,-0.27029,0.51582,-1.0058,-1.415,0.71401,0.7556,0.17448,0.23086,0.32344,-0.77919,0.28725,0.65817,0.53951,0.94601,-0.13127,0.2163,0.49766,1.5638,-1.1501,-0.41446,-0.27562,-0.1256,0.0091885,-1.2099,-0.043631,-0.18698,-0.057859,-0.14203,-0.21666,0.93893,-0.3416,0.19432,0.42206,-0.41162,-0.20798,-0.94128,-0.86061,-0.65464,-0.34365,1.1073,0.12857,0.45172,0.39097,-0.72158,-0.33885,-0.54549,-0.69753,-1.0788,0.90841,-1.4991,0.68995,-0.69022,0.36343,0.48454,-0.14192,-0.52959,1.0226
ko,relatives,N,-0.061351,-0.94793,0.95977,-1.0508,0.19332,-0.14561,0.61656,0.10846,-0.90656,-0.93719,0.35389,1.2513,0.92526,0.55261,0.68316,-0.28076,-0.34138,-0.9176,0.85026,1.0985,-0.43118,-0.33024,0.49222,0.62265,0.49511,0.25508,-0.46587,0.060529,0.9873,0.098434,0.76716,-0.89551,0.23435,-0.2134,-0.51529,0.8112,0.60086,-0.70167,-1.0145,-0.42661,0.85603,0.17304,-0.0023344,-0.30738,-0.05118,-0.036294,1.4989,0.47801,0.024851,-1.1749,-0.020981,1.9817,-0.7925,-0.24858,-0.74674,0.30507,-0.38845,0.56975,0.82209,-0.59843,0.33088,-0.94602,0.21383,-0.21878,0.071476,-0.11248,-0.6907,-0.17457,0.68193,0.67378,0.4767,-0.46569,0.27999,-0.46199,-1.01,0.49247,-0.68322,-0.19271,-1.9762,-0.26195,0.0029131,0.37628,-0.61253,-0.27631,-1.1569,-0.80243,-0.14842,0.47266,0.90521,-0.33941,0.32058,0.046951,-0.011195,-0.99455,0.68655,-0.7312,-0.16992,-0.21157,-0.63372,0.52334,-0.36556,0.81571,-0.71939,-0.22275,0.45176,-0.57546,-0.010801,-0.3034,-0.11848,-0.19323,0.55701,1.4939,1.0376,-0.096085,-0.42878,-0.90604,0.52801,0.16571,-0.087132,-0.10942,0.098069,0.91387,-0.15233,0.046309,-0.95052,0.5967,0.49774,-0.48537,-0.25548,-0.37783,-0.28943,0.32873,0.029329,-0.1597,0.29496,-1.0129,0.12859,-0.37651,0.089237,0.17465,0.44115,1.3238,0.0044607,0.001055,0.29978,-1.1746,1.1944,0.24887,-1.0754,1.1899,-1.2589,-0.72253,0.11805,0.91639,0.56168,-0.72867,-0.31646,-0.45665,0.23481,-1.5103,0.2044,-1.4824,0.95053,-0.43453,-1.2032,0.25059,0.16804,0.56867,-0.18475,0.96229,-0.71044,0.64063,-0.83388,-0.11584,0.63199,0.021364,0.68943,-0.59093,0.40457,-0.18502,-0.043447,0.46293,1.1822,-0.10198,0.32617,1.3537,-0.4443,-0.45436,0.36024,0.36174,-0.018635,-0.093936,0.89244,0.73249,0.39728,0.44286,-0.15559,0.40133,-0.33688,0.21228
ko,salary,N,-0.3365,0.22237,0.12545,-0.28806,2.2617,-0.93472,-0.51059,0.42898,-1.4088,-0.73982,-0.31367,1.0063,-0.63941,-0.18741,0.64961,0.36095,-0.41813,-0.71911,-1.6046,0.18794,1.4661,0.23428,-0.55845,0.58937,-1.0015,-0.050839,-0.50169,-0.22523,-0.39453,-0.44263,-1.5444,0.4325,1.4036,-0.3896,-0.14396,1.4931,-0.91911,-1.3826,-0.77855,0.90252,0.36247,-0.29186,-0.15736,-0.47821,0.4557,-0.0080238,0.60453,-0.15966,1.1142,0.59078,1.1589,-0.33674,-0.58657,-1.4471,-0.47281,1.4782,0.83137,0.62197,-0.6197,1.6349,1.4036,0.3362,0.091957,0.24722,-0.19352,0.77225,-0.27644,-0.62353,0.98623,-0.01676,-0.18388,-0.065559,-1.0934,-0.56866,-0.5552,0.47293,-0.22855,-0.25581,-1.3582,-0.43749,-0.075966,0.7074,-1.1322,0.23662,-0.72526,-0.35571,0.39743,-0.42601,-0.76468,-0.36521,0.44038,-0.07851,0.68404,-0.33687,-0.04503,-0.95718,0.10549,-0.29478,-0.66339,-0.50673,0.54379,1.2188,0.078913,-0.14662,0.33928,-0.089947,-0.81857,1.3741,-0.70802,-0.58834,1.077,0.28053,0.75855,-0.10663,0.9178,0.042839,0.58242,-0.20302,0.27873,-0.47899,-0.029159,0.0030894,0.44118,0.86611,-0.22,0.49737,1.7807,0.2679,0.58664,-1.3549,-0.4292,-0.33478,0.4616,0.21062,0.6126,-1.3097,-0.1595,0.091083,0.52121,1.6334,0.93759,0.66787,-0.32059,-1.5197,-0.36264,-0.38784,-0.20283,1.4215,-0.25204,1.8261,-0.64791,0.32037,0.17678,-0.45345,0.34106,-0.0021994,-1.1257,0.54627,0.63674,0.1432,0.51627,-0.1239,0.13486,-0.29602,0.69716,0.19538,-0.77638,0.12539,-0.79527,-0.65511,-0.86695,-0.23428,0.48225,-0.29711,-0.16324,-0.73764,-0.049388,0.70109,0.16273,-0.058872,-0.85777,0.4524,0.97683,-0.14277,-0.41044,0.81235,-0.073784,0.8039,-0.24499,0.33604,-1.7954,0.61976,-0.73014,-0.087989,0.087788,-0.13075,-0.083799,1.0777,-0.26563,0.18439
ko,she,N,-0.44667,-0.46615,-0.4908,-0.90097,0.67981,0.32233,0.92937,-0.63982000000000006,-0.97911,-1.2217,0.31366,0.28618,0.40322,-0.10883,0.19074,0.11784,0.46942,0.22637,0.055083,0.54722,1.2446,0.74808,1.876,0.044287,-0.10065,-0.30886,-0.9753,-0.29743000000000003,-0.63249,0.55896,0.88795,0.037541,0.51481,0.20018,-0.77413,0.3686,0.36734,-0.13765,-0.35086,-0.38738,0.77648,-0.43616,-0.0045969,0.98784,-0.46201,-0.13834,0.24128,0.24642,-0.35371,-0.58976,0.45074,-0.22871,0.24758,-0.93229,-0.0011706,0.076886,-0.24777,-0.052002,0.54309,0.34293,0.040338,0.31444,-0.49688,-0.97018,0.3746,-0.4036,0.56128,0.17073,-0.21997,-0.16427,-1.0354,0.014455,0.14894,0.23993,0.71365,0.68922,-0.52893,0.50972,-0.40554,0.20545,-0.91021,1.5236,-1.1191,-0.45104,0.039665,0.96305,0.8248,0.33204,-0.20199,0.15304,0.3666,-0.79767,0.1718,-1.0384,-0.61141,0.11681,-0.43855,-0.23429,-0.015973,0.35206,-0.086223,1.7984,-0.89616,-0.52032,-0.94775,-0.38507,0.76612,0.20122,-0.014954,-0.14773,-0.44953,0.091742,-0.70948,0.020486999999999998,-0.59815,0.13582,-0.60693,-0.16508,-0.26192,0.65932,0.57776,0.58,-0.084591,-0.48865,0.13933,0.81424,1.1725,-1.2914,-0.57843,0.60423,-1.5229,-0.16718,0.5051,0.52717,-0.1929,-1.2724,0.23999,-0.21891,-0.25937,-0.70166,-0.41724,-0.21612,-0.041729,1.4782,0.06523,-0.28305,-0.23885,0.34791,0.37123,1.0237,-1.3929,-0.63606,-0.15912,-0.5652,0.62655,-0.8178,-0.52347,-0.76882,0.12568,-0.14402,0.089734,-1.2677,-0.23068,-0.31964,0.077962,-0.54177,-0.25923,0.57574,0.52564,0.26672,-0.24929,0.4355,-0.97146,-1.7243,0.53037,-0.11007,0.4465,-0.48776,0.47749,-0.14789,0.19941,0.44833,1.4675,0.4358,0.44214,0.99304,-0.26402,-0.23335,-0.11696,-0.23261,-0.018716,0.36867,0.11313,0.46252,0.34665,0.8029,0.1031,-0.055999,0.28712,0.54413
ko,sister,N,0.6100833333333333,-0.3271766666666666,-0.06777866666666667,-0.27926,0.7330966666666666,0.32262233333333334,0.17653,-0.8282176666666667,-0.96528,-1.0894066666666666,0.105617,1.2838666666666667,1.4033,-0.7763966666666666,1.1557466666666665,-0.634439,0.7564833333333333,0.17239066666666666,0.412626,-0.5949233333333334,1.3344166666666668,0.52538,0.3656333333333333,-0.6016326666666666,0.57575,0.5195,0.06667199999999998,0.8425533333333334,0.19503,0.42683000000000004,0.6185666666666667,-0.7562866666666667,0.23969,0.27551333333333333,-0.5487733333333333,0.6934277999999999,0.4629433333333333,-0.34956933333333334,-0.065611,0.30072,1.0297833333333333,0.06437333333333334,-0.9033566666666667,0.44673333333333337,0.06552666666666666,-0.5758066666666667,1.2568899999999998,0.33821666666666667,0.12349,-0.5701666666666667,0.0841433333333333,0.2522466666666667,0.04617666666666668,0.47574666666666665,0.3856066666666667,0.7205033333333333,-0.169869,-0.6046243333333333,0.28226466666666666,-0.3334526666666667,0.81354,-0.7855766666666667,-0.06952,0.009689999999999982,0.68901,0.5295733333333333,-0.3761366666666667,-0.3856233333333334,-0.158351,-0.9626933333333333,-0.86481,-0.3726933333333333,-1.1695366666666667,0.10310666666666667,-0.28154,1.01868,-0.4348763333333333,0.45818333333333333,-1.5381666666666667,0.00924666666666669,-0.4769066666666667,0.92782,-1.8854666666666668,0.2722076666666667,-0.16650766666666666,-0.4208133333333333,-0.03095433333333334,0.6099433333333333,0.32158333333333333,-0.44025363333333334,-0.22184333333333334,-0.20841,-0.37150466666666665,-1.3526333333333334,0.35773,0.29572,0.43138,0.61155,0.44594666666666666,1.18216,-0.05758333333333334,0.7022533333333333,-0.07205800000000001,-0.9117233333333333,-0.29900766666666667,-0.35073666666666664,1.0499766666666668,0.03118966666666666,-0.93259,-0.28228333333333333,0.26078,1.3240133333333333,0.07243433333333332,0.80446,-0.2505366666666667,0.19877133333333336,0.9287933333333334,0.45631333333333335,-0.3546533333333334,-0.24596666666666667,-0.08340333333333337,0.9804299999999999,-1.3461666666666667,-0.16121766666666668,-0.35608666666666666,1.3406666666666667,0.51048,-1.4527333333333334,0.36339,0.6030833333333333,-0.21805066666666664,0.3250766666666667,0.318668,-0.40324,-0.15005333333333334,-0.5774133333333333,0.41709266666666667,-0.4384133333333333,0.31630733333333333,-0.1897036666666667,0.062426666666666665,0.21856,-0.43115,-0.4129426666666667,-0.2928441333333333,-0.8789633333333333,-0.6196423333333333,0.09211000000000001,-0.22648666666666664,0.7813233333333334,0.21674666666666667,-0.6584366666666667,0.3567916666666667,-0.026916666666666672,0.7224966666666667,0.03961999999999999,-1.0582433333333334,-0.50108,-0.053633333333333345,-0.47414666666666666,0.18599000000000002,-0.59028,0.4235953333333333,-1.0149166666666667,-0.4854233333333333,-0.56996,0.209511,0.5559323333333334,-0.31248333333333334,-0.04528333333333334,-0.3861433333333333,-0.22226333333333334,-0.31697666666666663,-0.18937583333333333,0.8268433333333334,-0.4486,-0.20262666666666668,-0.7840566666666666,-0.22483,-0.37820333333333334,0.13459000000000002,-0.5281153333333334,0.2334166666666667,0.4746066666666667,0.31572333333333336,0.7280733333333334,0.30008666666666667,-0.113219,-0.39035733333333333,0.7178966666666666,0.11975433333333332,-0.10236533333333334,0.15622,0.8643866666666666,0.65906,0.11898333333333337,-0.06892333333333332,-0.40907,-0.17343333333333336,0.27997
ko,son,N,-0.51083,0.33732,0.72833,-0.51766,0.24678,-0.28595,0.24421,-1.0159,-0.26489,-0.69954,1.6556,-0.53718,1.7588,0.26089,-0.2842,0.055924,0.33451,-0.26818,0.27616,-0.63427,0.49678,0.23062,-0.54425,0.38687,0.60862,-0.49038,-0.50337,0.58918,-0.77833,-0.045643,0.031514,-1.7262,-0.30269,2.096,-1.3159,-0.33276,-0.66773,-0.23398,-1.505,0.36808,0.089182,0.78308,0.68181,-0.11171,-0.32214,-0.85963,1.6073,0.43954,0.11577,-0.51713,1.178,0.86392,0.41439,-1.546,-0.27654,1.2228,-0.024424,-0.013071,-0.5216,0.29168,0.19155,-0.2543,0.55879,-1.2536,0.70337,0.067232,-0.1712,-0.61261,-0.18485,-0.16059,-0.71171,-0.99877,0.099054,-1.357,-0.91131,0.049576,-0.88458,0.73291,-0.2748,-0.41876,-1.2546,0.98489,-1.064,0.82796,-1.1354,-0.16386,0.2822,0.084666,0.31723,0.27053,0.6302,0.79142,-0.71417,-0.5391,1.3115,0.25716,-0.36911,-0.30221,0.65294,-0.0021117,1.4343,1.4691,-0.54859,-0.18479,-0.25564,0.35074,1.4206,0.73647,-1.3236,-0.3352,0.22441,1.3638,0.33179,1.2197,-0.4724,0.76271,0.27045,-0.22608,0.79715,-0.27352,-0.17971,1.2173,-0.66987,-0.50013,-0.26229,0.32617,0.10267,-1.2098,0.92803,0.24132,0.91862,0.39879,0.043429,0.28009,0.84021,0.2278,-0.33542,-0.64124,0.49792,0.42923,0.16203,0.79558,-0.20113,-0.44819,1.2066,-0.37286,-0.025372,0.65702,0.47884,0.5687,0.67176,-0.01992,-0.14089,-0.93899,0.60487,0.45767,0.25351,-0.60103,0.75842,-0.026722,1.0472,-1.1754,0.18421,-0.83509,0.27997,-0.64687,-0.71955,-0.030018,-0.10717,0.8732,-0.08158,-0.065391,-0.66855,0.74234,0.5452,-0.34665,-0.95723,-0.30794,1.2634,-0.58511,1.3799,-0.70225,-0.18828,0.70236,0.15747,0.72451,-0.1266,0.69954,-0.41393,-0.074449,-0.23248,0.51475,0.039453,0.012766,-0.55583,0.50464,-0.22394,0.53259,0.0027325,-0.090543
ko,super-imaginative,N,-0.451075,-0.505735,-0.6439,-0.50491,-0.07572000000000001,-1.062875,0.59066,-0.389795,-0.375325,-0.8130299999999999,-0.266975,0.2639395,-0.008807500000000003,-0.142918,-0.9070349999999999,-0.03986000000000001,0.794715,-0.740505,-0.1407475,0.49999999999999994,0.444045,-0.01964500000000001,0.587735,-0.48372000000000004,-0.0763115,-0.16721,0.09764,0.772745,0.27709,1.06591,0.2692655,-0.2527535,-0.085331,-0.565085,-0.089205,0.7437050000000001,0.20787,-0.4369425,-0.748435,0.588055,0.33250999999999997,-0.11368999999999999,-0.7719550000000001,0.07133500000000001,0.23580679999999998,-0.045805,0.612965,0.346086,-0.28896499999999997,-0.468715,0.847575,0.02867,0.47899,-0.610495,-0.40193999999999996,0.34251995,-0.457407,0.946035,0.23678500000000002,0.11027999999999999,0.04907500000000001,0.2288185,-0.52638,-0.8249949999999999,-0.474555,0.1698035,-0.19565,0.30063,0.06718999999999997,0.16300000000000003,-0.749205,0.03185,0.017009999999999997,0.11781,-1.2889599999999999,0.93049,0.178068,0.908545,-0.84484,-0.8290550000000001,-0.41355000000000003,1.080985,-0.04025999999999999,-0.832965,0.2640125,0.213935,0.5065195,0.39444,0.7392650000000001,0.49538499999999996,-0.633975,0.009410000000000002,0.09987949999999998,0.013115000000000016,-0.1816625,-0.2004895,0.167918,0.11167,-0.05012300000000001,0.460325,-0.310025,0.306865,0.74575,-0.35797,-0.08937500000000001,0.16218,0.720635,-0.285711,-0.8841399999999999,0.0346365,-0.087677,0.633045,0.571175,0.41122000000000003,0.2904304,0.262655,-0.23367000000000002,0.2162215,-0.044779999999999986,0.5023575,0.47619500000000003,0.036414999999999975,-0.163743,0.99506000000000006,0.4592025,0.7103309,0.9037999999999999,-0.163455,-0.49958,-0.050870000000000005,-0.201225,-0.18139850000000002,0.63678,0.721175,0.936295,0.12677499999999997,0.025896,-0.050864999999999994,-0.34542,-0.145245,-0.0571175,-0.12012300000000001,-0.1214955,0.186965,0.667415,-1.206725,-0.578515,0.242662,-0.043342,0.23271999999999998,-0.27119499999999996,0.327125,0.05218000000000002,0.72846,-0.03717999999999999,0.217035,-0.33348,0.1378765,0.08827099999999999,0.0580285,0.67774,-0.752305,0.2977635,-0.5298700000000001,0.6263785,-0.2476845,0.780655,-0.36114999999999997,-0.941845,0.12775499999999998,-0.30745500000000003,0.034125,-0.07785700000000001,-0.46106,-0.026549999999999997,0.338885,0.028424999999999978,0.593745,0.04313,0.19751449999999998,-0.37812500000000004,-0.679805,0.79999,0.6287,0.921625,0.03831499999999999,-0.73563,-0.175845,-0.38988999999999996,0.271077,-0.33094,0.159209,-0.245873,-0.12602999999999998,-0.511245,0.49094000000000004,0.266205,-0.0781385,0.077888,-0.17840999999999999
ko,super-smart,N,0.174475,-0.592645,0.11693500000000001,-0.29551499999999997,0.30191199999999996,-0.29012849999999996,0.22337,-0.17695,-0.53751,-0.8085899999999999,0.444345,0.72948,0.63506,0.840955,0.004545,0.202846,0.272505,-0.417835,0.057115,-0.05128000000000005,0.56429,-0.22807,0.4131,-0.756435,0.317715,-0.84871,-0.10266499999999998,-0.036074999999999996,0.684365,0.23109800000000003,0.30988,-0.32394,0.814745,-0.438565,-0.31152,0.5739449999999999,0.434415,-0.08862500000000001,-0.81526,-0.1422655,0.46875,-0.08892499999999999,-0.193919,0.43666,0.482175,0.2324,0.71292,0.39531000000000005,-0.314685,-0.009195000000000009,0.9236000000000001,0.35892999999999997,0.298394,-0.60531,-0.010745000000000005,-0.055615000000000026,-0.496935,0.861655,-0.12529,-0.1041175,0.406235,-0.092695,-0.272987,-0.056077,-0.531875,0.35289499999999996,0.06715,0.05201499999999998,-0.45626500000000003,-0.41664499999999993,-0.69964,-0.386915,-0.767765,-0.34052000000000004,-0.35192,0.59026,0.34904,0.20646950000000003,0.1038695,-0.5720810000000001,-0.22811,0.38459,-0.23373499999999997,-0.79949,-0.30052999999999996,0.45848999999999995,0.14200500000000002,0.10346999999999999,0.40624150000000003,0.212945,0.07293499999999997,0.16283150000000002,0.4861895,-0.19253,-0.24118799999999996,-0.692685,0.47823,-0.343885,-0.418825,-0.25900500000000004,0.14154499999999998,0.562415,0.23703,-0.30043,-0.45730000000000004,-0.23887999999999998,0.748385,0.9043049999999999,-0.300335,-0.26892,-0.1449435,0.8973899999999999,0.10142000000000001,0.15274249999999998,0.254815,0.2248173,0.293454,-0.27571,0.563445,-0.132025,-0.0892245,-0.1468305,-0.1567265,0.92953,-0.1091985,0.52815,0.7783200000000001,-0.067525,0.045668,0.200655,-0.307045,-0.1926555,0.1968,0.49124,0.33732,-0.75865,-0.36231,0.28924,0.275715,0.521595,-0.76014,-0.021959999999999993,-0.095005,0.1679225,0.525795,-0.118571,-0.7587299999999999,0.210625,-0.031799999999999995,0.32443,0.18757000000000001,0.745005,0.656025,0.4511,-0.086815,0.134805,-1.1800249999999999,0.054505,0.330365,0.026970000000000022,0.20366,-0.4115855,0.52279,-0.184655,0.221275,0.132104,0.49839,0.0499598,-0.319695,-0.3683085,-0.311585,-0.28297,0.381486,-1.0364,-0.18558000000000002,0.92868,-0.1458155,0.5451495,-0.35302,0.48872,-0.49215,-0.94223,0.5905750000000001,0.1299545,0.45492,0.13122899999999998,-0.69701,0.051705,0.12119499999999998,0.237935,-0.545335,0.062450000000000006,-0.0954975,0.20006000000000002,-0.2245825,0.19905850000000003,0.222452,0.021566999999999996,0.018440000000000012,-0.039474999999999996
ko,wedding,N,0.34460999999999997,0.244429,0.22192,-0.499535,0.57329,0.958855,-0.25807549999999996,-0.57671,-0.656445,-0.73796,1.21525,-0.727279,0.1417255,-0.267695,0.5444,-0.1341395,0.27925500000000003,-1.1759,-0.3138795,-0.27924499999999997,0.906385,-0.312625,1.1971699999999998,0.39392499999999997,-0.562187,-0.037806,-0.2211545,0.337675,-0.92073,-0.143111,0.761405,-0.03278500000000001,0.8607699999999999,0.1940334,-0.999585,0.482124,0.64378,-0.26727999999999996,-0.061590000000000006,1.109195,0.38153499999999996,-0.009951499999999999,-0.32496,1.018475,-0.21998999999999996,0.261305,1.5472000000000001,0.511555,-0.34704999999999997,-0.40635,0.47872,0.56186,0.627365,0.26487,1.4603350000000002,1.2919999999999998,0.799115,1.4574,0.594349,0.128463,0.1799,-0.74962,-0.1796336,0.18575935,0.055193,0.1696095,0.15955375,-0.53243,0.2001145,-0.519185,-0.27677,-0.528295,-0.15935,0.463115,-0.148188,-0.123675,0.08405855000000001,0.0903015,-0.772555,-0.503136,-0.54708,0.900775,-1.19062,-0.001454999999999984,-0.94693,-0.333855,0.505345,0.552995,-0.027950000000000003,-0.415245,0.487425,0.45482500000000003,-0.022910000000000014,-0.5194285,0.126663,-0.03985,-0.8219650000000001,0.173818,-0.26710500000000004,0.1119395,-0.08462499999999998,0.60146,0.1688935,0.329985,0.24821,0.0018600000000000005,0.36717,0.790335,-0.616945,-1.2292999999999998,0.611325,1.27065,0.26651,-0.16309,0.043867500000000004,0.849255,0.87791,0.9153800000000001,-0.204207,0.10862550000000001,0.055512099999999995,1.5143,-1.34795,1.3372899999999999,0.1739705,0.1212775,0.6526799999999999,0.060545000000000015,0.512275,0.415875,-0.66689,-0.414505,0.420845,-0.015635500000000004,0.63599000000000006,-0.5967085000000001,-0.22774,0.30974999999999997,-0.39611,0.7474400000000001,0.7204900000000001,-0.21816,-0.198345,0.91501,0.12943000000000002,-0.10126500000000002,-0.48692,-0.145115,0.0928495,0.164989,-0.083365,-0.36951999999999996,-0.043455400000000005,-0.82449,0.92726,-0.100825,-0.58529,-1.39955,0.3495402,-0.310205,-0.064411,-0.9487099999999999,0.048757,-0.6533599999999999,-0.078914,0.4120725,0.714925,0.20351,0.10456499999999999,-0.051285,-0.17670000000000002,-0.49411,0.13862000000000002,0.53726,-0.385635,0.27402,-0.34479000000000004,0.008493500000000001,0.33333,-1.2843499999999999,-0.16976,0.07438,0.56814,0.888165,-0.251845,0.42303999999999997,-0.12207,0.19752000000000003,0.20196,0.392695,-1.0146600000000001,-0.2348895,0.50459,0.45222799999999996,0.36278,0.11581235000000001,-0.37072,-0.277305,0.023669999999999997,1.556695
ko,woman,N,-0.11706,0.035246,-0.047282,-0.16445,-0.048492,-0.27351,0.65811,6.1396e-4,-1.594,-0.89734,0.67055,-1.3512,1.3072,-1.0905,0.10141,-0.64751,1.1266,0.91931,0.32946,-0.443,-0.22613,0.014587,0.15679,0.085832,-0.075756,-0.80902,0.16315,-0.35053,0.12181,0.49249,0.67424,0.84905,-0.096102,-0.28605,-0.005652,0.21625,-0.14188,-0.42181,0.15792,-0.33946,0.13622,-0.49842,-0.15112,0.31146,-0.40667,-0.093505,0.22606,1.0786,0.25526,-1.1718,1.1871,0.19181,-0.19444,0.48635,-0.43869,0.6287,0.59916,-0.12703,0.52136,0.35726,0.51703,1.2382,-1.1246,0.29213,1.041,0.22257,0.42198,0.78637,-0.16654,0.13358,-0.51128,-0.41413,-0.48867,-0.64942,0.035997,0.17949,0.38755,0.40097,-0.73102,0.14065,-0.40136,1.3301,-1.4968,0.82181,-1.4125,0.03474,-0.93216,-0.32369,-0.65076,0.53255,-0.27725,-0.38349,0.80077,-0.69756,0.30637,-0.86902,-1.0783,0.57394,0.36133,-0.28736,0.46025,-0.22635,-0.41161,0.51441,-1.2417,-0.78058,0.99952,0.41332,0.44647,-1.0424,-0.09217,0.35086,0.24483,0.058844,0.71114,0.77286,0.89928,-0.46197,0.61251,0.023692,-0.081072,1.3661,-0.090005,0.22964,-0.54215,0.70702,0.26198,0.37511,-0.091559,0.74827,-0.19054,-1.0063,0.89416,-0.95395,-0.031522,-0.82626,-0.78109,0.74126,0.46127,1.5066,0.026309,-0.33084,-1.0132,0.94154,0.026643,-0.87781,-1.1083,0.036261,0.012031,0.45823,-0.10459,-0.65431,-0.55915,0.093979,0.52225,-0.1569,-1.6308,-0.082599,0.69074,-0.14065,0.31697,-1.4655,0.42192,-0.052992,0.064491,0.39759,0.76119,-0.31468,-0.1515,-0.35778,-0.15891,0.88074,-0.9507,-1.2831,-0.51064,-0.98143,-0.21658,0.78325,0.58458,-0.50615,-0.25195,0.44724,-0.17349,-0.13228,0.56273,0.35824,0.15723,1.1941,-0.24046,0.79206,-1.3577,1.8226,-0.44266,0.12323,-0.22303,-0.32462,1.0901,-0.2944,-0.1552,0.15986
