wiki_language_code,target_word,V2,V3,V4,V5,V6,V7,V8,V9,V10,V11,V12,V13,V14,V15,V16,V17,V18,V19,V20,V21,V22,V23,V24,V25,V26,V27,V28,V29,V30,V31,V32,V33,V34,V35,V36,V37,V38,V39,V40,V41,V42,V43,V44,V45,V46,V47,V48,V49,V50,V51,V52,V53,V54,V55,V56,V57,V58,V59,V60,V61,V62,V63,V64,V65,V66,V67,V68,V69,V70,V71,V72,V73,V74,V75,V76,V77,V78,V79,V80,V81,V82,V83,V84,V85,V86,V87,V88,V89,V90,V91,V92,V93,V94,V95,V96,V97,V98,V99,V100,V101,V102,V103,V104,V105,V106,V107,V108,V109,V110,V111,V112,V113,V114,V115,V116,V117,V118,V119,V120,V121,V122,V123,V124,V125,V126,V127,V128,V129,V130,V131,V132,V133,V134,V135,V136,V137,V138,V139,V140,V141,V142,V143,V144,V145,V146,V147,V148,V149,V150,V151,V152,V153,V154,V155,V156,V157,V158,V159,V160,V161,V162,V163,V164,V165,V166,V167,V168,V169,V170,V171,V172,V173,V174,V175,V176,V177,V178,V179,V180,V181,V182,V183,V184,V185,V186,V187,V188,V189,V190,V191,V192,V193,V194,V195,V196,V197,V198,V199,V200,V201,V202,V203,V204,V205,V206,V207,V208,V209,V210,V211,V212,V213,V214,V215,V216,V217,V218,V219,V220,V221,V222,V223,V224,V225,V226,V227,V228,V229,V230,V231,V232,V233,V234,V235,V236,V237,V238,V239,V240,V241,V242,V243,V244,V245,V246,V247,V248,V249,V250,V251,V252,V253,V254,V255,V256,V257,V258,V259,V260,V261,V262,V263,V264,V265,V266,V267,V268,V269,V270,V271,V272,V273,V274,V275,V276,V277,V278,V279,V280,V281,V282,V283,V284,V285,V286,V287,V288,V289,V290,V291,V292,V293,V294,V295,V296,V297,V298,V299,V300,V301
ru,boy,0.091362,0.022381,-0.23702,-0.068731,-0.042955,0.15508,0.32927,-0.19159,0.1399,-0.28145,0.14455,0.3719,0.28807,-0.14125,-0.093807,-0.26524,-0.057169,0.045642,0.048344,0.041194,-0.0025581,0.24813,0.18349,-0.19391,-0.079427,0.4481,-0.28317,-0.15965,0.039024,-0.07947,0.1897,0.46908,-0.21888,-0.057786,0.60814,0.24271,0.27207,-0.41428,0.030632,0.21527,0.23911,-0.085985,0.10724,-0.29413,0.0013192,-0.30338,-0.030505,0.14126,-0.015813,-0.15557000000000001,-0.0051678,-0.22452,-0.4113,0.031963,0.15906,-0.2544,-0.35646,0.030002,-0.040547,0.2403,0.61629,-0.19944,-0.13091,0.3627,0.22555,0.22859,-0.082403,0.56134,0.098919000000000007,-0.13505,0.65524,0.12711,-0.17568,-0.48044,0.21917,-0.10757,-0.19831,-0.16533,0.28428,0.15473,0.27382,-0.16874,0.1761,-0.21242,-0.086419,0.070067,0.076534,0.33378,0.52915,-0.16738,-0.18726,-0.018811,-0.37044,0.33214,-0.084147,-0.36446,-0.040255,0.1378,0.11415,-0.098421,0.098764,-0.045039,0.37341,-0.091312,0.31628,0.15307,0.16584,-0.37759,0.23305,0.28146,-0.34829,0.080078,-0.0048007,-0.0051919999999999996,0.039628,0.14678,0.24557,0.17568,-0.43571,-0.16222,-0.17639,-0.10328,0.21138,-0.023278,0.21779,-0.18159,-0.37485,0.076689,0.16477,0.2721,0.096842,-0.2142,0.21632,0.20245,0.15324,0.10149,-0.090925,-0.053052,-0.46517,-0.2144,-0.1207,0.044498,0.036377,0.13902,0.5787,0.20393,0.59247,0.19562,-0.044368,-0.24537,0.17603,-0.23989,-0.13601,-0.13944,-0.074138,0.55121,0.24458,-0.027491,0.35793,0.044626,-0.39332,0.22242,-0.14115,-0.45574,-0.14442,-0.11047,-0.23192,-0.21958,0.508,0.10883,-0.67129,0.0065954,-0.026006,0.373,0.085743,0.37641,0.35077,-0.20697,0.3832,0.27772,-0.03334,-0.11926,-0.37803,-0.2841,0.25816,0.15863,-0.21082,0.022103,0.19005,-0.30385,0.13574,-0.15662,0.3403,-0.50418,-0.14348,-0.1878,-0.2384,-0.40348,-0.10966,-0.27011,-0.11366,0.21415,0.2221,0.27956,-0.010387,0.12801,-0.23044,-0.21019,0.48106,-0.022253,0.39489,0.12994,-0.25049,0.05967,0.19835,0.025257,-0.098457,0.013884,0.12865,-0.20276,-0.33684,-0.041968,0.22731,0.024074,-0.25808,-0.074271,-0.32627,0.073465,-0.26094,-0.52919,-0.19764,0.22561,0.12542,0.13888,-0.21452,-0.083931,-0.17107,0.10983,0.42399,0.12478,-0.11975,0.10667,-0.71406,0.37373,0.11277,0.031501,0.27379,0.20321,0.19286,0.07308,0.047544,-0.38525,-0.1731,0.22834,0.050857,0.01337,-0.093356,0.060405,-0.27979,0.28868,0.11998,-0.3935,0.12455,0.35466,-0.36053,0.40454,-0.083361,-0.29534,0.34235,0.34683,-0.013161,0.39019,-0.41595,0.14234,-0.71143,-0.55385,-0.068484,-0.35494,-0.11759,0.2842,-0.35381,0.15583,0.070176,0.1159,-0.48558,0.16024,-0.25858,-0.27677,0.14276,0.0061086,0.15736,0.30594,0.10944,0.0344,0.26016,-0.33558,-0.33542,0.25995,-0.068956,0.32599
ru,brother,0.41298,0.14165,0.19878,-0.22406,0.0067816,-0.079227,-0.33849,-0.36103,-0.012817,-0.029887,-0.034598,0.12287,-0.11677,0.023382,0.19866,0.37486,-0.61615,0.27933,0.12007,-0.15459,-0.0042046,0.30464,-0.19168,0.41736,-0.20373,-0.13851,-0.30096,-0.23304,-0.18285,-0.063049,0.25128,0.15748,-0.30863,-0.070977,0.29951,0.24466,-0.063933,-0.39257,0.079574,0.16814,0.18843,-0.35907,-0.57382,-0.42347,-0.33798,-0.10243,0.25665,-0.029214,-0.092394,-0.4406,-0.045678,0.11956,-0.97332,0.26207,0.23028,0.013592,-0.073918,-0.056741,-0.29397,0.43661,0.3376,0.040891,-0.022859,0.48447,0.053563,-0.30684,-0.02512,0.24808,-0.20467,0.049877,0.68812,-0.18381,0.02192,0.099139,-0.081412,-0.11302,-0.36994,-0.1447,0.28815,0.24422,0.22161,-0.37071,-0.33221,-0.16352,0.22801,-0.39184,0.72334,0.45142,0.15767,0.1559,-0.25736,-0.1403,0.079081,0.19452,-0.21003,-0.23502,-0.25967,0.17351,0.063693,-0.073395,0.19131,-0.16381,-0.002054,-0.63358,0.24647,0.11016,-0.27947,-0.2425,-0.17406,0.58895,-0.373,-0.1602,0.059819,-0.065501,0.19115,0.46798,0.6838,-0.17531,-0.052431,-0.11176,-0.24085,0.019342,0.0033553,0.21585,0.2352,-0.15654,0.052535,0.45103,0.38443,-0.046133,0.22232,-0.20719,-0.09066,0.1286,0.22499,0.26408,0.19849,0.15217,0.19771,-0.21399,0.18589,-0.40212,-0.08521,-0.14513,0.026529,-0.34816,0.054629,0.45266,-0.265,-0.07142,0.22056,0.15542,0.24688,-0.35118,0.26062,0.092013,-0.069421,0.31169,0.21169,-0.13624,0.22019,0.077903,0.080618,0.041397,-0.28895,-0.10909,-0.19613,-0.12677,0.14572,-0.036558,-0.36134,-0.28092,-0.23624,-0.27407,0.11705,0.609,0.24671,-0.030561,0.27988,0.45305,0.12189,-0.69785,-0.49514,-0.2001,-0.03548,-0.34866,0.57419,-0.23427,0.11616,-0.16043,0.39722,-0.29984,0.17481,-0.19585,-0.25097,-0.42155,0.27621,-0.53417,-0.074726,-0.13694,0.035492,0.15422,0.49425,0.037453,0.29953,-0.077377,0.11274,-0.063517,0.10554,0.1441,0.1147,-0.11454,-0.41916,0.096958,-0.51937,0.10862,-0.27366,-0.008088,-0.1364,-0.075683,-0.36625,0.065882,0.30613,0.17939,0.088479,0.25461,-0.26617,0.05935,0.46145,-0.32679,-0.068393,0.24833,0.36275,0.29342,-0.19335,-0.4726,0.23162,0.5112,0.031394,-0.042909,-0.24201,0.20869,-0.57197,-0.081085,-0.088094,-0.12428,-0.17865,0.24493,0.079912,-0.092985,0.44931,-0.15542,-0.54813,0.15702,-0.24016,0.064481,-0.10467,0.029335,-0.21465,0.23146,-0.14049,-0.13934,-0.21541,0.294,-0.46296,0.52085,-0.47029,-0.3875,0.30704,0.41998,-0.23655,0.58464,-0.15936,-0.47935,-0.49656,-0.16102,0.33441,0.3242,0.34918,0.14236,-0.21698,0.078169,-0.19078,0.1373,-0.38059,0.35067,-0.3031,0.024768,-0.060844,-0.143,0.22544,0.096384,-0.013061,0.068496,0.54392,0.33598,0.27194,0.060541,-0.19674,0.018004
ru,business,0.13082,0.0654,0.44994,0.053134,0.39974,-0.46438,0.039498,0.094955,0.066745,-0.04006,-0.074187,0.32783,0.32677,0.066911,0.10178,-0.59959,0.076815,0.19005,0.55916,0.53014,-0.095557,0.15203,-0.61311,0.085779,-2.7517e-4,-0.27148,-0.24712,0.043262,0.30042,-0.20025,-0.31294,0.30463,0.26402,-0.48684,0.24735,-0.13481,0.11444,0.29398,0.22997,-0.12861,0.13304,0.28726,-0.23532,-0.11429,0.12291,-0.14666,0.37574,-0.13396,-0.12949,-0.16496,0.20013,0.18614,-0.24375,0.35033,0.54305,0.14514,-0.095897,-0.15703,0.33641,-0.35643,0.024303,-0.36845,0.02058,0.34936,-0.21912,0.028865,0.24174,-0.12329,0.16319,0.22467,0.25625,0.070175,-0.21484,-0.083214,-0.1206,-0.18231,-0.036394,0.090023,0.1797,0.1439,0.60033,0.20336,0.029923,0.61796,-0.098651,-0.0079413,-0.099311,0.39727,0.33819,-0.0047063,-0.20103,-0.23001,0.33026,0.33515,0.099496,-0.23395,-0.19141,0.21157,0.36276,-0.78269,0.1708,-0.15863,0.070939,0.096379,0.20051,-0.11333,0.15235,-0.47356,0.069343,0.1058,0.60936,-0.031429,0.34836,0.35453,-0.1107,-0.26921,-0.31665,0.51353,-0.36819,-0.043129,-0.033495,-0.26641,-0.18167,-0.1613,0.23596,0.029042,-0.12285,-0.027344,-0.10095,0.020285,0.57103,0.098008,-0.31889,0.10495,0.39738,0.3488,-0.06403,-0.31671,0.24646,0.37309,-0.52342,-0.20924,0.42236,-0.18751,0.10213,-0.5511,-0.12437,0.38218,-0.3339,-0.11187,-0.24532,-0.28491,-0.10214,0.52916,-0.18333,0.1752,-0.35968,-0.38848,-0.17426,0.1499,0.0098933,0.053371,0.35667,-0.02238,-0.43003,0.31451,-0.033368,-0.048451,0.20973,0.24976,0.051328,-0.22929,0.15566,-0.4466,0.088283,-0.28392,0.16074,0.22335,-0.081053,-0.11271,-0.4159,-0.10538,-0.058119,-0.091604,-0.19293,-0.19549,-0.25201,-0.14994,-0.075971,0.096406,-0.22032,0.05339,0.16177,-0.032151,-0.011955,-0.21025,-0.25329,0.039667,-0.1454,0.1881,0.42045,0.53107,0.059591,0.031841,-0.043129,-0.14925,0.40539,0.38486,0.23837,0.30742,0.36172,-0.39679,-0.073901,-0.45141,-0.091313,-0.061398,0.15214,-0.13254,0.03139,0.1528,-0.33353,-0.2895,0.13299,0.29032,-0.10535,0.31815,0.069795,0.39382,-0.087639,0.053943,-0.40857,0.49527,0.42912,-0.24848,0.0061483,-0.11493,0.011254,-0.12256,0.17128,0.10872,-0.12205,-0.20646,-0.087194,0.3373,0.57215,-0.19578,0.43582,0.0749,0.40599,0.27903,0.21057,-0.25973,0.084003,0.07112,-0.11643,-0.026838,-0.46513,-0.072373,-0.59292,-0.13106,-0.32313,-0.2393,-0.40417,0.16235,-0.23358,-0.25076,-0.034363,-0.45304,-0.005585,-0.24836,0.1352,0.25188,0.24795,-0.2378,-0.47165,-0.082413,-0.32734,0.4599,0.030168,-0.10281,0.13379,0.12081,0.24844,0.18433,0.37874,-0.033478,-0.18104,-0.10788,-0.30095,0.10848,0.097281,0.20884,-0.10063,0.16458,0.32649,-0.06306,-0.020015,-0.13025,-0.18503,-0.48599
ru,career,0.81561,0.56614,0.34805,-0.17372,0.38523,-0.26136,0.044189,-0.30279,-0.095637,0.16342,0.29002,-0.0084082,0.043604,-0.58816,0.9666,0.43823,-0.23663,-0.10249,0.9908,-0.20163,0.17057,0.32075,0.1511,0.52074,0.46858,-0.029273,-0.12948,0.11962,0.59504,-0.0037035,0.012799,-0.015197,-0.16454,-0.56917,0.27697,0.41237,0.15573,-0.47788,0.77778,-0.25895,-0.45698,-0.43853,0.42478,-0.70294,-0.20023,-0.13375,-0.18281,-0.56923,0.039651,-0.47567,0.39247,0.22447,-0.10797,0.37555,0.46516,0.26879,-0.16546,0.0040285,0.238,-0.015374,-0.06727,0.016117,0.041542,0.39263,-0.43618,0.24546,0.18915,0.20532,0.2638,0.2319,0.26616,-0.12097,-0.59787,0.26521,-0.029989,-0.0029228,-0.13143,-0.036426,0.36031,-0.36027,0.1032,-0.28032,-0.11784,-0.4654,0.3073,-0.093181,-0.097934,0.32783,-0.15468,0.064121,-1.1179,-0.34995,0.06662,-0.29339,-0.35142,-0.064338,-0.14906,-0.25256,0.56161,-0.41377,0.20798,-0.11954,0.1203,-0.41729,0.0025908,-0.30681,0.40719,-0.39048,0.37901,0.62681,-0.31759,-0.16083,0.4579,0.65306,-0.34961,0.026665,0.26703,0.10808,-0.79487,-0.3804,-0.081732,0.19747,0.029378,-0.86434,0.10912,0.039361,0.024794,0.074711,-0.01116,0.13247,0.2377,0.1666,-0.43601,-0.60512,-0.20491,-0.14335,0.31888,-0.36106,0.68707,-0.49975,0.12622,0.03251,-0.15826,0.28471,-0.22629,0.014287,0.19281,0.46503,-0.056396,-0.069321,-0.094228,-0.58947,0.1981,-0.1116,-0.25241,-0.16986,0.34035,0.090789,0.09455,-0.03188,0.47573,0.25763,-0.25004,-0.13671,-0.14655,0.13441,0.10463,-0.63153,0.45869,-0.34685,-0.48587,0.36583,-0.0010947,-0.28247,0.060795,0.0081442,0.14219,0.36185,-0.066016,0.28387,-0.18649,0.059367,0.070814,-0.53139,0.088079,0.24893,-0.47654,-0.16298,0.029016,0.47496,0.47115,-0.63172,0.6805,0.22,0.016595,-0.6969,0.11097,-0.42287,-0.032277,-0.14202,0.012645,-0.15307,-0.52523,0.40474,-0.14655,-0.15431,0.15604,-0.040149,-0.33424,0.30066,-0.23354,-0.19633,0.12171,0.12263,-0.38486,-0.33827,-0.50416,0.1353,0.49987,0.4813,0.013736,0.58129,0.13066,-0.4608,-0.026644,-0.22143,-0.21223,0.34598,-0.3754,0.083757,-0.07253,-0.0054296,0.30069,0.46151,0.29524,0.21444,0.0087062,-0.23689,0.031228,0.02866,-0.43354,-0.04574,0.23662,0.0042751,0.0086154,-0.43201,0.041774,0.12147,-0.24796,-0.38836,0.23585,-0.16036,-0.16529,0.42397,-0.043426,0.054659,-0.29997,-0.62444,-0.18016,-0.20675,-0.52344,-0.099421,-0.49292,1.0014,0.13878,0.18238,-0.040615,-0.037958,0.25581,-0.10967,0.2219,0.45241,0.001765,0.090158,-0.11054,-0.10106,0.1893,-0.17356,0.37357,-0.31646,0.1917,0.20617,0.25892,0.20543,0.46485,0.20051,-0.24778,-0.6916,-0.23257,-0.010786,0.39361,-0.12166,-0.6143,0.23298,0.23117,-0.0010281,0.35613,-0.32183,-0.28595,0.021019
ru,children,0.18771,0.23788,0.11844,0.30793,-0.41894,-0.14247,-0.20671,0.04244,-0.10472,-0.18601,0.023172,-0.15141,-0.35247,-0.066476,-0.15121,-0.14244,-0.63548,0.091026,0.24273,-0.1175,0.43297,0.73163,-0.42406,0.25347,-0.32347,0.42024,-0.15602,-0.27112000000000003,-0.10664,-0.19652,-0.45841,0.21831,-0.057171,-0.16786,0.52696,0.026345,-0.078316,-0.46188,-0.191,0.11781,0.40947,-0.04706,-0.4073,-0.40328,-0.4394,-0.4526,0.11173,-0.12075,0.0051761,-0.02864,0.3568,0.12725,-0.58406,-0.082836,0.80486,0.20876,-0.29803,0.13852,0.032792,0.22399,0.9053,-0.53386,-0.084198,0.31218,0.5524,0.37788,0.11725,0.36124,-0.14594,-0.30302,-0.046064,-0.18786,-0.35701,-0.28917,0.27524,-0.56652,-0.19995,0.094553,0.22575,-0.091258,-0.39323,0.50491,-0.0073656,-0.0084168,0.3321,-0.37668,0.77012,0.31318,0.4555,0.016896,0.29214,-0.56891,0.080769,0.63638,0.23646,-0.025888,0.011611,-0.31859,-0.0036815,0.013497,0.20353,-0.021178,0.13765,-0.7578,0.41722,-0.12947,0.031936,-0.44682,-0.27928,-0.032216,-0.037963,0.24592,-0.25017,-0.06899,-0.010487,-0.2251,0.80452,0.11982,-0.11083,0.26602,-0.14306,0.015481,-0.16038,0.013815,0.18098,-0.18796,0.16571,0.12623,0.38688,-0.098342,0.092423,-0.11799,0.13112,0.23016,0.23726,0.13327,0.46846,-0.36346,0.32986,0.38553,-0.23401,0.18883,-0.28637,0.0052035,0.15716,0.079932,0.13092,-0.17518,0.4931,-0.27337,-0.16744,0.090279,-0.051999,-0.095754,0.14988,0.53503,-0.2312,-0.34936,0.16574,-0.21175,0.18977,0.017074,-0.21665,-0.23504,-0.5193,0.22949,-0.090828,-0.10084,0.21278,-0.0048658,-0.25522,-0.034585,0.0037626,0.17553,-0.297,0.25031,-0.038441,0.3811,-0.28856,0.15221,0.020503,-0.45864,0.12775,-0.44553,-0.44183,-0.42872,-0.2798,0.063547,0.13672,-0.37185,0.2911,-0.17291,-0.025494,-0.086928,-0.27682,-0.77486,0.25161,-0.60499,-0.36952,-0.037121,0.22238,0.093848,0.51023,0.57413,-0.22981,-0.023159,0.18862,-0.13627,0.40908,-0.11629,0.41733,-0.32667,0.11557,-0.20968,-0.13735,-0.0024368,-0.593,0.26056,-0.066492,0.14752,0.22123,-0.03295,0.28172,-0.021728,0.16198,-0.024409,-0.10947,0.11434,0.13388,-0.022677,0.09979,-0.18182,-0.20016,0.16064,-0.24196,-0.19301,-0.17552,0.64151,-0.34277,-0.25496,-0.23447,-0.01111,-0.40919,0.069748,0.10978,-0.091734,0.20707,0.48737,0.57877,0.1425,0.1344,-0.041985,0.0014919,0.3237,0.23678,-0.040505,0.087289,0.31778,-0.26855,-0.24752,-0.3641,0.14345,-0.27028,-0.18236,-0.23938,0.56017,0.29508,-0.431,0.0041653,0.11324,-0.44097,0.094713,0.042643,-0.12069,-0.71918,-0.34027,0.35079,-0.1906,-0.073348,0.23404,-0.05172,0.23828,0.014897,0.044685,-0.18986,0.42257,0.28034,-0.14062,0.54689,0.13482,-0.29667,0.09003,0.28301,0.343,0.26943,0.083733,-0.07626,0.1429,0.052162,0.20842
ru,corporation,-0.0050091,0.41594,-0.13906,0.18491,-0.18985,0.0017103,-0.29111,-0.39377,0.41671,4.2329e-4,-0.13296,0.28143,-0.041506,0.37016,0.36587,0.10733,-0.195,0.095627,0.71209,0.52384,-0.06325,-0.14941,-0.54877,0.009722,0.08459,-0.1806,-0.06348,0.39606,0.429,-0.1199,0.043831,0.37053,0.5247,-0.50826,0.25751,0.33329,0.43969,-0.29987,0.47465,-0.043349,-0.015536,-0.56525,0.13479,0.029334,0.24323,0.22758,0.14262,-0.16083,0.1727,-0.18282,0.50571,0.30134,-0.038033,-0.010399,0.24966,0.35441,-0.66837,-0.15348,0.054445,-0.2102,0.4282,0.18987,-0.096995,-0.22788,0.045534,0.043085,-0.045955,-0.20351,0.059244,-0.3031,-0.37742,0.41235,0.46798,0.14085,0.029014,0.1574,0.33764,0.13033,0.48557,0.15139,0.11912,0.2068,-0.29166,0.39814,0.38903,0.015385,-0.09039,0.49578,-0.34677,-0.41436,-0.54772,-0.45563,-0.11013,-0.35169,0.34284,0.17921,-0.028812,0.043455,0.62191,-0.34981,-0.34917,0.03334,0.34422,0.45367,0.18399,0.3474,-0.017006,0.067657,0.075995,0.59527,0.38393,-0.083498,0.25173,0.20393,-0.29509,-0.063834,-0.36729,0.29145,-0.099084,0.020754,0.45446,0.31525,0.22752,-0.53752,0.11013,-0.48145,0.24817,0.024408,0.047197,0.11269,-0.034589,0.38481,-0.29297,-0.3835,0.45479,0.1431,-0.29329,-0.56327,0.47924,0.19342,-0.28455,-0.40412,0.16937,-0.023958,0.50186,-0.060514,-0.49807,0.46788,0.060973,-0.18457,-0.12891,-0.19727,0.2458,0.4462,-0.23159,0.44538,-0.12363,-0.061591,-0.24127,-0.22289,-0.27327,-0.19259,0.36172,-0.22435,0.36587,-0.10594,-0.22992,-0.12669,-0.0021616,0.36393,-0.31044,0.28581,0.20027,-0.19428,0.29834,0.17966,-0.031834,0.13153,-0.24225,-0.3875,-0.57765,0.12815,-0.042911,0.36951,0.27125,-0.27062,-0.020993,0.05365,0.046892,0.36982,0.0079578,-0.38184,0.16903,-0.31158,-0.044026,-0.29356,-0.090178,-0.13004,0.187,0.32585,-0.24104,0.43704,0.41132,0.45613,0.18843,-0.20673,0.2464,0.087226,-0.10453,0.17557,0.4152,-0.38516,-0.62064,-0.30807,0.29617,-0.18462,0.13118,0.22462,0.33616,0.016423,0.13121,0.14891,-0.060928,0.0039521,-0.48681,0.50884,0.18283,0.083026,-0.12271,-0.13404,0.072256,0.54429,0.053768,0.18239,-0.09952,0.27854,0.25669,-0.30964,0.043232,0.11468,-0.038095,-0.032825,0.03872,0.22686,-0.038346,-0.22368,-0.027397,0.060071,0.40182,-0.04807,0.15358,-0.51636,0.11143,-0.050962,0.11615,0.457,-0.19606,-0.053513,-0.39723,-0.51556,0.10422,-0.43826,0.42654,0.2255,-0.11836,0.012898,-0.37969,-0.28257,-0.061344,-0.25683,-0.046648,0.47094,-0.023187,-0.050129,-0.49883,-0.105,0.25573,0.11446,-0.0022424,-0.21474,0.034785,-0.19002,0.43041,-0.048884,0.2963,-0.1109,0.19286,-0.28093,0.047536,0.21691,0.1697,0.3452,-0.26265,-0.32544,0.13785,0.17909,0.14247,0.010156,-0.033076,0.11272
ru,cousins,0.35752,0.070092,-0.19984,0.2136,-0.1271,0.018202,0.0010049,-0.07119,-0.080272,-0.13249,-0.090002,-0.22617,0.0495,-0.15377,0.080313,-0.039053,-0.38221,0.030112,0.11787,-0.50868,0.30769,0.35897,0.0404,0.39041,-0.36621,0.05803,-0.084986,0.017353,-0.089334,-0.44778,-0.24113,0.090956,-0.32767,-0.12304,0.49048,-0.24535,-0.20911,-0.066984,0.030141,-0.061686,0.39565,-0.20912,-0.61288,-0.7269,-0.25441,-0.35583,0.17592,-0.22193,-0.22906,-0.18229,0.060949,0.21786,-0.23544,-0.011946,0.29909,-0.1898,-0.14907,0.2364,-0.20712,0.42525,-0.091197,0.30708,-0.44012,0.45195,0.11206,0.049036,0.11554,0.34797,-0.32393,-0.0052926,0.31573,-0.031692,-0.059442,-0.1609,0.24893,-0.75319,0.0061456,-0.22159,-0.045024,-0.30039,0.227,-0.22221,-0.16422,0.031256,0.16536,0.10326,0.5423,0.47208,0.24665,0.28399,-0.10499,-0.058599,-0.22314,0.40115,0.18263,-0.15901,0.26464,0.26277,0.43374,-0.45376,0.21673,0.17118,0.15799,-0.20188,0.30009,0.35507,0.37608,-0.45094,0.18403,0.33165,-0.26252,0.15005,0.45827,0.029471,0.084649,0.48257,0.19477,-0.10592,0.069088,0.19311,0.29438,-0.16681000000000001,-0.097451,-0.12755,0.062849,-0.33304,0.17744,0.067924,0.65276,0.22534,0.017934,-0.44421,-0.22927,-0.40923,-0.075428,0.13896,0.21593,-0.22572,-0.040968,-0.075665,-0.025849,-0.059289,0.10083,0.46604,0.23607,-0.42989,0.0059097,-0.28742,0.030528,-0.27159,0.10461,-0.066563,0.048481,-0.11007,-0.033564,0.26447,-0.35039,0.076312,0.29667,0.074985,0.05889,-0.28993,-0.063539,0.051884,-0.34422,0.26065,-0.53285,-0.22321,-0.064055,-0.21127,-0.2887,-0.27193,0.24606,-0.22711,0.086307,0.3974,0.51217,0.10249,-0.30969,0.41776,0.040242,-0.58346,-0.51025,-0.38064,0.15142,-0.47753,0.25508,-0.11017,0.52866,-0.3303,0.19106,-0.47506,0.17545,-0.24831,-0.10473,-0.49429,-0.13942,-0.32338,-0.54184,-0.090677,-0.18237,0.39169,0.1924,0.07441,-0.11816,-0.23103,-0.011206,-0.024671,0.4245,-0.20242,0.046464,-0.22221,-0.26868,0.044997,-0.54594,-0.23966,-0.31867,0.036712,-0.072001,-0.052008,-0.07884,-0.074421,0.31479,-0.005945,0.028024,-0.019862,-0.21474,0.51039,0.24026,-0.07596,0.062367,0.49192,0.22956,-0.012304,-0.18565,-0.38165,0.29082,0.29728,-0.02069,-0.084202,0.18755,0.40386,-0.22073,0.047893,0.29586,0.139,0.0033407,0.24244,0.53242,0.23744,0.014054,-0.12454,-0.33802,0.019322,-0.11136,-0.083039,0.042545,0.56982,-0.17684,0.19434,0.33278,-0.18854,-0.43986,0.30886,-0.22139,0.3662,0.0193,0.023578000000000002,0.22187,0.31161,-0.06745,0.27754,0.36648,-0.52557,-0.49267,-0.096913,0.73533,-0.0065881,0.070722,-0.13483,0.45705,0.43515,-0.13542,0.012568,-0.036835,-0.11146,0.064739,-0.36306,0.43386,-0.22866,-0.25638,0.2864,-0.66556,-0.059161,0.78399,0.14602,-0.33423,0.59889,-0.28555,0.011427
ru,daughter,0.2915,-0.34493,-0.59548,0.042219,0.13176,-0.47976,-0.32387,-0.6083,0.21167,-0.11836,0.37152,0.17746,-0.42726,0.20234,-0.052343,0.27656,-0.12898,0.13677,0.37673,0.011148,0.22633,0.50102,4.4378e-6,0.073421,-0.081072,0.040305,-0.26973,-0.079961,-0.47815,-0.14913,0.27889,0.012902,-0.11515,-0.30874,0.38028,0.27734,0.15531,-0.20198,-0.035851,0.10711,0.32341,-0.058521,-0.46019,-0.4943,-0.45737,-0.1636,0.17178,-0.031048,0.050227,-0.085706,-0.10158,0.25753,-0.89552,0.069262,0.33372,0.1031,0.068275,-0.35068,-0.18334,0.47478,0.99435,0.18728,-0.44213,0.30697,0.059714,0.096016,0.41686,0.043922,-0.25204,-0.34823,0.059876,-0.046066,-0.0068721,-0.14053,-0.23884,0.03168,-0.54292,-0.11289,0.32714,0.049337,0.11091,0.31664,-0.22513,-0.087953,0.17779,-0.0037121,0.68494,0.63824,0.00274,-0.18907,0.24157,-0.12,0.44945,0.41433,-0.032963,-0.15192,-0.37332,-0.097847,0.32509,-0.11455,-0.033274,-0.066309,-0.080029,-0.7962,0.37144,0.12587,-0.060598,-0.03505,-0.11811,0.31652,-0.41851,-0.24247,0.22089,0.049335,0.035432,0.17903,0.56592,0.31103,-0.10378,-0.11936,0.33515,-0.33914,-0.16179,0.64192,0.24232,-0.17365,0.043721,0.50831,0.34792,0.30487,-0.022333,-0.16157,0.0109,0.0056202,-0.013759,0.20485,0.43421,-0.066146,0.20023,0.18057,0.25639,-0.26427,0.16528,0.17578,-0.28442,0.36973,-0.20558,0.64554,0.50125,0.1083,-0.48998,-0.048982,0.24626,-0.10385,0.28237,0.33761,-0.20486,-0.089811,0.51948,-0.20511,0.2874,0.44364,-0.0099049,-0.6071,-0.27585,-0.35304,-0.27288,-0.21587,-0.22518,-0.32789,-0.57361,-0.52274,-0.24629,-0.32454,0.12324,0.38223,-0.31886,0.12995,-0.12127,0.081088,0.19863,-0.71471,-0.22424,-0.43873,0.01113,0.04065,0.30824,-0.35334,0.21251,0.10144,0.024168,-0.21345,-0.03057,-0.33998,-0.20386,-0.75553,-0.17151,-0.56764,0.2464,-0.20904,-0.21217,0.1481,-0.039364,0.59036,0.054679,-0.12615,0.33126,-0.16314,0.36407,0.21829,0.22316,-0.42711,-0.32353,0.11734,-0.25729,-0.1371,-0.5861,-0.15909,0.093768,0.15321,-0.24876,0.37034,0.43739,-0.067241,0.030004,-0.07327,-0.18274,0.44405,0.32595,-0.11483,-0.30833,0.36717,0.0015653,0.45188,-0.12234,-0.097119,-0.060884,0.18377,-0.24565,0.12669,-0.44128,0.068615,-0.091043,0.17747,0.10591,-0.061651,-0.20849,0.34497,0.15288,0.059589,-0.018648,-0.15796,-0.31327,0.14961,-0.10252,-0.12862,-0.042505,0.13213,0.010095,0.0010239,-0.3834,-0.38665,0.098024,0.22868,-0.2066,0.63063,-0.2265,-0.022678,0.087168,0.30957,-0.34623,0.21315,0.3127,0.02027,-0.17375,-0.27034,0.4209,-0.017982,0.25387,-0.049563,0.11257,0.70923,-0.39221,-0.13197,0.10022,0.65876,-0.070821,-0.4128,0.17228,0.26135,-0.041554,-0.012695,-0.095107,0.29246,0.099334,0.46116,-0.02192,-0.14993,-0.3196,0.34013
ru,executive,0.409053,0.13519799999999998,-0.399553,-0.559552,-1.13021,0.046872,0.63071,0.263928,0.5660799999999999,-0.08828,0.107672,0.09683,-0.11169399999999999,0.51898,-0.26223,0.09275699999999999,0.06852400000000002,-0.08221200000000001,0.7894399999999999,1.45465,0.79276,0.28484,-1.26268,0.635145,0.080117,-0.9248700000000001,0.865302,-0.189844,0.87623,0.08227599999999999,0.82513,1.0401,0.44416,-0.56264,0.169988,-0.048339999999999994,-0.21272899999999997,0.05151,-0.46724,0.17353999999999997,0.290232,-0.6150100000000001,-0.27520500000000003,-0.56732,0.24710000000000001,-1.06647,0.044554,-0.87056,1.19131,-0.058854000000000004,-0.254936,0.609962,-0.5512,0.39552899999999996,0.16662999999999997,-0.056439,0.21940500000000002,-0.084197,0.06724000000000002,-0.70379,0.153036,0.248164,1.4617200000000001,0.5190699999999999,0.281738,-0.019220000000000015,0.282521,-0.042649999999999993,0.298265,-0.53165,-0.007452999999999998,0.72975,-0.3478,0.350964,-0.6107,0.74125,-0.53433,0.43596,-0.229788,0.267604,0.262254,0.5575,0.46761,-0.084091,0.63707,0.7823,-0.73957,-0.025480000000000003,-1.1092,0.359841,0.03706999999999999,-0.49341,-0.7125600000000001,-0.30194,0.47829,-0.81881,0.45866,0.72665,0.9245099999999999,-4.0000000000001146e-4,-0.08467999999999998,0.18574000000000002,0.5516300000000001,-0.2221798,0.688353,0.032482,-0.54995,-0.35846,-0.176072,0.20272099999999998,-0.39754,0.377305,0.80386,0.04999699999999999,0.225185,1.0571000000000002,0.74242,0.251069,-0.28613,-0.9058200000000001,-0.2918,0.83912,0.54896,0.353208,0.205262,-0.008089999999999986,-0.420147,0.38268,-0.11100100000000002,-0.44095000000000006,0.38403299999999996,0.176944,-1.04771,0.047795000000000004,-0.14704,-0.33865999999999996,0.08988000000000002,-0.54557,0.024900000000000005,0.67241,-0.76024,-1.12194,0.02366,0.35912,-0.264113,-0.011370000000000019,-0.87757,0.8895900000000001,0.74556,-0.004858999999999988,0.24498999999999999,-1.0927,1.00227,-0.190331,-0.244695,0.8912100000000001,0.52451,0.236991,-0.228482,0.241315,-0.29361000000000004,0.425456,0.20701599999999998,0.33811599999999997,-0.44788,-0.1363,0.7124900000000001,-0.35528000000000004,-0.464403,1.10316,-0.59592,-0.01657099999999999,0.071137,0.37700999999999996,-0.141439,-0.36182000000000003,0.03496758,0.5016590000000001,0.044376000000000006,0.81562,-0.43895999999999996,0.268612,0.0020550000000000013,-0.38208400000000003,-0.027191,-0.207563,1.05446,0.62635,0.421251,-0.56413,0.58438,-0.49392,0.39358000000000004,-1.02547,-0.89904,-0.320981,-0.58658,-0.242659,-0.12743000000000002,0.34263299999999997,0.375389,0.092125,0.06797700000000001,0.76292,-0.113819,0.5322960000000001,1.1097199999999998,-1.04867,0.68059,0.026200100000000004,0.99319,0.042407,-0.479688,-0.2737212,0.35992999999999997,0.1306215,-0.37595999999999996,-0.36609,-0.12225200000000001,-1.06481,-0.10353,0.280531,0.369245,-0.43327200000000005,-0.36507,1.0464799999999999,-0.70767,0.85294,-0.3641875,-0.0838063,0.067805,-0.33385,-0.61833,-0.623157,-0.008163999999999998,-0.29335100000000003,0.050789999999999974,0.0722959,0.8567,-0.387947,0.058200999999999996,0.39671,-0.53214,-0.06093132,0.50657,-0.60661,0.30417000000000005,-0.15125999999999998,0.014316999999999996,-0.169815,0.23374,-0.8426100000000001,0.65766,-0.30577999999999994,0.136623,-0.57464,0.45342,0.1446,-0.6085,-0.3029167,-0.50301,-0.9437099999999999,0.1113803,0.47865,-0.3287486,0.549188,-0.57084,0.57541,0.338538,0.63696,-0.89423,0.42412000000000005,-0.9071899999999999,0.07506399999999999,-0.29253399999999996,-0.75173,0.59172,0.37299,-0.202119,-0.96376,-0.5210809999999999,-0.199911,-0.11479999999999999,0.395139,0.49506700000000003,0.481116,-0.79599,-0.175961,-0.47466,0.61514,0.31247800000000003,-0.0675864,0.0952588,-0.5190699999999999,0.70621,-0.34741,0.70194,-0.038474999999999995,0.66433,-0.49245
ru,family,-0.043855,0.11572,0.13748,-0.048388,0.23164,-0.14838,-0.077471,-0.035898,0.14181,0.12016,0.3405,0.24975,-0.18853,0.014953,0.6158,-0.12659,-0.69969,-0.17508,-0.076868,-0.041169,-0.07255,0.39677,-0.1514,-0.20061,0.2686,0.31927,-0.1217,-0.013557,0.32015,-0.019718,-0.046024,0.13401,0.062209,-0.13879,0.36184,0.41798,-0.013169,-0.51426,0.12807,0.20421,-0.046255,-0.44885,0.18446,-0.53717,-0.28711,-0.1764,0.14032,-0.11273,0.088275,-0.15927,0.17042,0.37043,-0.21899,0.031692,0.7405,0.16224,-0.23852,0.10834,-8.6737e-4,0.18485,0.096131,0.07668,-0.52841,0.72985,-0.14883,0.090403,0.073613,0.23399,0.15101,-0.18721,-0.032513,-0.13123,-0.41469,-0.40931,0.20974,0.095604,0.24977,-0.40065,0.56224,0.39902,-0.010367,0.4033,-0.52754,-0.32284,-0.17131,-0.026612,-0.020413,0.2185,0.46761,0.11328,-0.36904,-0.11411,0.36419,0.12755,-0.12067,0.15846,-0.072685,0.12499,0.27822,-0.33418,-0.38941,-0.46068,0.22697,-0.27178,0.075383,0.10625,-0.11936,-0.080148,-0.17884,0.4244,-0.067858,-0.3959,-0.23562,-0.056689,-0.25201,0.23617,0.073334,0.23921,-0.77187,-0.016396,0.15984,-0.32703,0.2873,-0.072101,0.20561,-0.29894,-0.16435,0.15258,0.44566,-0.0096326,-0.025574,-0.26784,-0.10782,-0.12176,0.19445,-0.40087,-0.046973,-0.33373,0.019505,0.14622,-0.45741,-0.13256,-0.18885,0.21306,0.073817,-0.18221,0.41553,0.5996,-0.24251,0.12869,-0.24547,0.23346,0.50124,0.15442,0.22541,0.16573,0.078859,-0.036607,0.45706,-0.1906,0.10625,-0.27278,0.22468,-0.28412,0.25021,0.10916,-0.083149,0.045378,0.22335,-0.091278,0.16542,-0.10873,0.22694,-0.16333,-0.1281,0.10185,0.18323,0.097843,-0.29304,-0.18734,0.17527,-0.032868,-0.50933,-0.25838,0.20961,-0.21486,0.41881,-0.052855,0.66789,0.1538,0.36173,0.043162,0.21054,-0.29782,0.0012212,-0.90566,0.21481,-0.9096,-0.10523,-0.59183,-0.14206,0.42896,0.22192,0.36022,-0.3341,-0.44929,-0.25957,0.38388,0.50585,-0.25186,0.16763,-0.3682,0.043939,0.038724,-0.30803,-0.22363,-0.30964,-0.022926,-0.11542,0.17846,-0.11342000000000001,0.27114,0.2861,-0.26665,-0.0323,0.032445,-0.24454,0.023373,0.49076,0.34906,-0.074801,0.41133,-0.18681,0.20095,-0.55309,-0.17048,0.019491,0.51933,-0.21909,0.037855,-0.024199,0.51898,-0.0445,0.47908,0.31308,-0.14048,-0.10934,0.37524,0.42949,0.1046,0.042356,-0.01633,-0.36427,-0.07049,0.20562,0.047233,-0.19453,-0.16309,-0.15268,-0.082593,-0.19014,-0.032235,-0.31263,0.38382,-0.3972,-0.083344,-0.56028,-0.1792,0.45059,0.1701,-0.35081,0.28372000000000003,0.22405,-0.36255,-0.27177,-0.40449,0.23833,-0.11651,0.17661,-0.10547,-0.06536,0.35677,0.02242,0.097426,0.027963,-0.23616,-0.36249,-0.19025,0.31877,0.15396,-0.1182,0.37769,0.050615,-0.18199,0.18835,-0.40541,0.087564,0.086653,0.1267,0.20979
ru,female,-0.571493,0.119792,0.06040999999999999,-0.173017,0.54508,0.33258200000000004,0.26848099999999997,0.058424000000000004,0.438,-0.3274694,1.17706,0.246639,0.167908,0.55016,-0.57761,-0.272502,0.286058,0.04604205,0.25234,0.96134,0.5279860000000001,-0.75297,-0.3926,0.32094,0.60982,-0.15528999999999998,0.17021000000000003,-0.15481999999999996,-0.69307,0.68157,0.078925,0.5016539999999999,0.372237,-0.31986000000000003,-0.23498000000000002,1.04318,-0.6308100000000001,-1.43252,0.225804,-0.9114,0.2030942,-0.19363999999999998,0.021946000000000007,-0.6073379999999999,-0.23816,-0.501746,-0.265707,-0.39832,0.78168,-0.87781,0.5637,-0.562557,-0.561,0.145789,0.319228,0.320144,0.3826,0.46871999999999997,0.086155,0.92577,-0.008959999999999996,0.24575,0.03638000000000002,0.37189000000000005,0.2569,-0.59065,0.5876399999999999,0.16132000000000002,0.09692999999999999,0.43925,0.303824,0.416658,-0.246,0.15228060000000002,-0.376605,-0.290181,-0.58321,-0.142306,-0.65752,-0.51782,0.30415600000000004,-0.328192,0.87175,-0.33082,0.48079999999999995,0.431201,0.256322,-0.317178,-0.589002,-0.49742,0.08911999999999998,-0.2105,0.13566999999999999,0.245112,0.536423,-0.09603,0.48149000000000003,0.211652,-0.018070000000000003,-0.90862,0.587373,-0.06460000000000002,-0.380134,-0.26574,0.08645999999999998,0.0656,-0.61358,-0.72662,-0.19693999999999998,-0.492266,-0.32631200000000005,0.342862,-0.07698999999999998,0.20475699999999997,0.13550600000000002,0.670317,-0.29316200000000003,0.39630699999999996,-0.1523115,-0.08565099999999999,0.25789999999999996,-0.057937,0.52085,-0.06683599999999999,0.14769000000000002,0.06208999999999998,0.0478339,-0.32086000000000003,0.38068,0.198209,0.047250000000000014,0.343245,-0.369402,-0.328584,0.33299999999999996,0.43948299999999996,-0.43981000000000003,-0.1256411,0.30959000000000003,0.54922,-0.85535,0.212178,0.26685,0.60729,-0.404013,-0.2575134,-0.89961,0.6919299999999999,0.45748999999999995,-0.4174,-0.5150699999999999,-0.10156000000000004,0.56642,-0.226324,-0.44932,0.64725,0.18371,-0.285281,0.10183400000000001,-0.012400999999999995,-0.18487199999999998,-0.10228800000000002,-0.56429,0.659544,-0.32784,0.48949,0.21679547,-0.502229,-0.05474,0.65107,-0.48927,0.163575,-0.38787499999999997,0.9641899999999999,0.08215,0.50493,-0.48693,-0.08767319999999999,-0.16903300000000002,0.203904,-0.32438300000000003,-3.599999999999992e-4,-1.2904900000000001,0.0014500000000000068,0.90628,0.51181,-0.243701,0.135362,0.5392,-0.331175,0.46163,-0.019790000000000002,1.10194,-0.30657419999999996,-0.21292,-0.583069,-0.0404598,0.01924999999999999,-0.009265999999999996,-0.704411,0.8977599999999999,0.51755,0.270361,-0.005040000000000003,0.53057,0.4891,0.10142999999999999,-1.19431,-0.398634,0.30624,-0.38598,-0.093142,0.29844,-0.34618899999999997,-0.354682,-0.5896399999999999,-1.19636,0.579076,0.360074,0.2795500000000001,0.172657,-0.02941000000000002,0.31762,0.97255,-0.39405000000000007,0.75781,-0.5819169999999999,-0.050699999999999995,-0.006449999999999956,-0.2962047,-0.7758700000000001,1.45929,-0.17423999999999998,-0.05260999999999999,-0.144467,0.237448,0.09295999999999999,0.40024000000000004,-0.24903499999999998,0.262304,0.528119,-0.3079806,-1.11913,-0.429172,1.15233,0.33858,0.357576,-0.51845,1.07924,-0.280499,0.386141,-1.16306,0.6416740000000001,0.64155,-0.032919000000000004,0.6627,0.05457000000000001,-0.523756,-0.15030999999999997,1.19526,-0.46094999999999997,-0.23427,-0.85181,-0.12809199999999998,-1.14488,0.43906799999999996,7.499999999999729e-4,-0.5330779999999999,-0.25202,-0.37951999999999997,0.027013999999999996,0.683967,0.5092300000000001,-0.209148,0.06435000000000002,-0.6149,0.14021999999999998,-0.193941,0.87019,0.6828,0.1779762,-0.552654,-0.38476,-0.174104,0.12710948,0.9800200000000001,-1.1314899999999999,-0.53381,-0.253438,-0.6706099999999999,0.39335,0.78145,-0.07772899999999999,0.244863,0.473033,-0.37278,-0.439258,0.3504952,-0.6222535,-0.38038000000000005
ru,girl,0.10218000000000001,-0.047649,-0.61342,0.13606,-0.05185,-0.19286,0.16115,-0.48136,0.093331,0.01709,0.24668,0.33015,-0.033224,0.031428,-0.12366,-0.12208,0.12679,-0.031532,0.11544,0.24945,0.58182,0.21837,-0.11466,-0.058692,0.026716,-0.075181,-0.16903,-0.20395,-0.14923,-0.086128,0.23108,0.34317,0.16673,-0.3535,0.45917,0.38567,0.22587,-0.38648,0.17304,-0.067258,0.1891,-0.073815,-0.047487,-0.48699,-0.13098,-0.41473,0.13109,0.2146,0.053714,-0.24133,-0.15424,-0.11614,-0.28385,-0.033706,0.17039,0.015315,-0.30702,-0.25508,-0.19729,0.21726,0.82958,0.26222,-0.34131,0.43971,0.12378,0.099088,0.50423,0.46972,0.31494,-0.30159,0.11341,0.037229,-0.14572,-0.081073,-0.041655,-0.11787,-0.021666,-0.27152,0.20009,-0.024535,0.4966,0.017375,0.061675,-0.079259,-0.0057188,0.23798,0.31954,0.052016,0.28127,-0.18293,-0.2247,-0.34886,-0.52168,0.24047,0.36083,0.054786,-0.14755,-0.077599,0.20724,-0.21397,0.028204,-0.17951,0.33003,-0.2655,0.26513,0.22029,0.052879,-0.29081,0.20217,0.043343,-0.55589,-0.13522,0.18462,0.0026287,-0.010268,0.3874,0.13969,0.67112,-0.095226,0.086858,0.23619,-0.19349,-0.024171,0.081953,-0.10126,-0.32309,-0.029437,0.045609,0.080293,0.034131,-5.301e-4,0.11352,-0.027272,-0.15638,0.22277,0.081108,0.047683,-0.23101,-0.0054632,0.31434,0.028885,-0.27777,-0.25589,0.53222,-0.117,0.041543,0.40382,0.44954,-0.013558,0.093642,-0.26254,-0.0029614,-0.084184,-0.118,0.041391,0.49055,0.19052,-0.14018,0.75278,0.15604,0.11776,0.36843,-0.062376,-0.41084,0.086488,-0.31334,-0.089224,-0.18593,-0.26392,0.012366,-0.30693,0.078568,-0.22311,0.43701,-0.11853,0.32038,0.091989,0.038053,0.31958,-0.20652,0.096441,0.15845,-0.2445,-0.35401,0.47514,0.21239,-0.07196,0.17225,-0.076235,-0.0079214,0.056873,-0.29978,0.26881,-0.27427,-0.03347,-0.41311,-0.68298,-0.4852,0.11948,-0.035982,-0.099588,0.28388,0.33938,0.4268,0.050047,0.69124,0.18277,-0.01212,0.33363,0.13261,0.15233,-0.019971,-0.45991,0.041764,0.10903,-0.018898,-0.18836,-0.13073,0.28651,0.037799,-0.10606,-0.21867,0.32874,0.049961,-0.39449,0.11081,0.0087329,0.15655,-0.17754,-0.3633,-0.17865,0.078269,0.064831,0.21352,-0.053836,0.053717,0.2157,-0.25626,0.0065739,-0.015045,-0.3426,0.33782,-0.18906,0.70849,0.20559,-0.13524,0.033657,0.28648,0.26526,0.031222,0.15457,-0.29447,2.6135e-4,0.063137,0.22679,0.17772,8.5119e-4,-0.097082,-0.13091,-0.29339,0.060966,-0.27598,-0.0012208,0.72731,-0.51421,0.20553,-0.28453,0.10479,0.58621,0.29842,0.26701,0.26301,-0.072045,0.1565,-0.13348,-0.20326,0.24295,-0.21455,-0.075184,-0.081827,-0.15887,0.48013,-0.14258,0.083842,0.6012,-0.019067,-0.23156,-0.55109,-0.16214,0.16529,0.12845,0.14526,-0.016863,-0.15086,0.052266,-0.37237,-0.18683,-0.014892,-0.14854,0.59959
ru,he,-0.10935,0.18008,0.014951,0.10534,0.12727,0.072972,0.1928,0.016523,-0.015347,0.24075,0.31997,0.37744,0.17813,0.17029,-0.0080769,-0.18862,0.0079068,0.016925,0.017017,0.2087,-0.21281,0.088797,-0.25772,-0.052216,-0.10572,-0.020291,-0.1973,0.17704,0.09867,-0.13767,0.085079,-0.11917,-0.18081,-0.05141,0.25496,-0.065665,0.075425,-0.30229,-0.0085423,0.16129,0.041111,-0.081594,0.059445,-0.17408,-0.015858,-0.046367,0.066962,0.20481,0.13842,-0.050413,-0.061499,-0.16659,-0.24694,-0.027815,0.10517,0.12981,-0.17935,-0.1988,-0.38646,0.097603,0.24978,-0.16686,-0.14166,0.21915,0.059706,-0.042448,-0.16426,0.079072,0.035641,0.14621,0.35407,0.13395,-0.083743,0.11172,-0.50249,-0.04034,-0.26521,-0.20448,0.55998,0.35698,0.16161,0.23744,0.062623,-0.12696,0.12482,-0.1447,-0.18143,0.067047,0.17156,0.12877,-0.061887,-0.011534,-0.29838,-0.093132,-0.26761,-0.13498,0.13132,-0.01085,0.20619,-0.2078,-0.003267,0.15753,0.15324,-0.026639,0.13263,0.083556,-0.057772,-0.18963,0.22707,0.42179,0.01867,0.078983,-0.08786,-9.5649e-4,0.21559,0.3782,0.2011,0.17289,-0.31371,-0.2157,-0.11699,0.092476,0.014391,-0.11175,0.2169,-0.2305,0.17999,-0.093796,0.22392,0.15898,0.24183,-0.14441,-0.17031,-0.058037,0.063755,0.061926,-0.15937,-0.033918,-0.065766,-0.17613,-0.17131,0.071303,-0.14967,0.21082,0.030636,-0.037284,0.13231,0.15722,-0.044914,-0.29254,-0.05977,-0.34488,-0.21966,0.11096,-0.12194,0.16193,-0.016185,0.14399,0.16985,0.059153,-0.099733,0.01743,0.11406,0.016916,-0.060882,0.073541,0.17606,-0.29013,0.019531,-0.036563,-0.28092,0.069115,0.001797,-0.136,0.14399,-0.012559,0.044893,0.28415,0.070703,0.19149,-0.048264,-0.1172,-0.28712,-0.37876,0.13261,0.13612,0.06935,-0.14754,-0.022922,0.24469,0.05112,-0.18438,-8.3908e-4,-0.099449,-0.06863,-0.20716,0.052106,0.096622,-0.038044,-0.17564,-0.025756,0.0028806,0.075955,-0.076139,0.011254,0.25361,-0.092835,-0.18545,-0.12191,-0.056178,-0.058809,0.033572,0.038248,0.20904,-0.09908,-0.33784,-0.096983,-0.010002,-0.11788,-0.087741,0.0052479,-0.0043103,-0.00093669999999999995,-0.049997,-0.045048,0.08753,-0.15827,0.20963,-0.084399,0.075449,0.067165,0.086106,0.21277,-0.030962,0.093258,0.18777,-0.094586,-0.058579,0.050948,0.043552,-0.1555,-0.074705,-0.12129,0.036595,0.12134,-0.18618,0.037799,-0.1516,0.067077,0.065587,-0.10547,-0.18205,-0.11175,-0.12148,-0.075181,0.10763,0.036624,-0.03774,-0.23101,0.22348,0.020566,-0.15778,0.038513,0.1916,-0.25235,0.20533,-0.30112,-0.070427,0.01135,0.1296,-0.0046163,0.20997,0.15976,-0.078248,-0.32671,-0.15497,0.033387,0.44504,0.11997,-0.073563,-0.42486,0.15125,-0.1816,-0.15776,-0.073774,0.053241,-0.16272,-0.19502,-0.13809,-0.29815,0.20686,0.19678,-0.27374,-0.091997,-0.025512,0.0037985,-0.078483,0.010688,-0.066139,-0.093102
ru,her,-0.069769,0.25681,0.036366,0.13559,0.14297,0.047185,-0.020624,0.23341,0.16097,0.16216,0.33457,0.35581,0.19927,0.31055,-0.031299,-0.14321,-0.15359,-0.080326,0.13524,0.52655,-0.046604,-0.031555,-0.042232,0.018753,0.10729,0.051651,0.30209,0.15337,0.07849,-0.095972,0.31064,-0.085776,-0.12362,-0.43156,0.1409,0.17856,-0.13813,0.22936,0.26335,-0.024858,0.45642,-0.11225,-0.16105,-0.14024,-0.16584,-0.40027,-0.33579,0.075982,-0.30763,-0.19651,0.060544,0.14682,0.1647,-0.12264,-0.063267,0.28125,0.09406,0.26106,-0.23236,-0.18306,0.29108,-0.18839,0.0046318,0.37518,0.17364,0.17537,0.066327,0.23214,0.095814,0.18388,0.15033,0.095292,-0.17302,0.063101,-0.33255,-0.15206,0.069561,0.10862,0.28854,0.21707,-0.0054161,-0.0076504,-0.0088977,-0.11527,-0.11553,-0.18129,-0.021956,-0.12476,-0.33576,0.32463,0.28044,-0.23028,0.11543,0.0033316,0.11751,-0.31696,0.15301,0.091803,-0.073373,-0.053106,0.060579,0.34094,0.034063,-0.11438,-0.089066,0.10151,-0.4155,-0.24677,-0.22759,-0.074789,0.26995,0.25857,0.037937,0.16005,-0.23597,-0.0068136,0.24515,0.26577,-0.078661,-0.13117,-0.099451,-0.24151,-0.11178,0.033685,0.027739,0.12229,0.16512,-0.12722,0.16605,0.08503,-0.049313,-0.13715,-0.4553,-0.0024295,-0.003323,0.42519,0.12143,-0.0035458,0.31461,0.49111,-0.27855,-0.19985,0.53232,0.076071,0.38851,-0.37379,-0.14893,-0.0058947,-0.022797,-0.15944,-0.08446,-0.33395,0.16894,0.052032,-0.1134,0.34553,-0.10954,0.22406,0.20403,0.35206,-0.018791,0.13855,-0.13908,-0.023873,-0.19912,-0.33192,0.56386,-0.54048,-0.17866,-0.27749,0.23713,0.089338,0.2439,0.26092,-0.08982,0.044841,-0.077586,0.15005,-0.053404,0.046135,0.073307,-0.0032519,-0.25174,-0.45391,0.18517,-0.10164,-0.19622,0.19438,0.20777,0.089171,-0.16007,0.20178,0.1459,-0.0093979,-0.10169,-0.043601,-0.16657,0.0020941,-0.17169,-0.0058251,-0.3009,-0.15357,-0.21318,0.41199,-0.11141,0.17797,-0.0088793,0.25252,-0.10776,0.060565,0.16641,-0.29649,-0.11641,-0.0068174,-0.13349,-0.13606,-0.25757,0.39792,-0.012987,-0.061307,0.13739,0.24169,0.18724,0.11404,-0.059354,0.1503,0.2039,0.11126,0.016893,0.23057,-0.13237,-0.034039,0.43766,0.22014,-0.23646,0.18772,0.12595,-0.27838,0.076009,-0.19442,-0.17765,-0.092155,-0.40979,0.21555,0.12392,-0.10345,0.12131,0.039323,0.16882,0.29832,0.17862,-0.28001,0.00386,0.26065,-0.20128,-0.07674,-0.094735,-0.17974,-0.25204,-0.23862,-0.24344,-0.25866,-0.021793,0.1476,0.19767,-0.17177,0.21322,-0.073057,0.008354,0.18665,0.14144,-0.18661,0.14582,-0.027422,0.0089273,-0.4883,0.0077379,0.22359,0.15498,0.10025,-0.20331,0.20115,-0.20735,0.30589,0.17458,0.15824,-0.18908,-0.21164,0.16014,0.045397,0.48883,0.097708,-0.24189,-0.18688,0.28813,0.29293,-0.21293,0.18631,0.088331,-0.25257
ru,hers,-0.069769,0.25681,0.036366,0.13559,0.14297,0.047185,-0.020624,0.23341,0.16097,0.16216,0.33457,0.35581,0.19927,0.31055,-0.031299,-0.14321,-0.15359,-0.080326,0.13524,0.52655,-0.046604,-0.031555,-0.042232,0.018753,0.10729,0.051651,0.30209,0.15337,0.07849,-0.095972,0.31064,-0.085776,-0.12362,-0.43156,0.1409,0.17856,-0.13813,0.22936,0.26335,-0.024858,0.45642,-0.11225,-0.16105,-0.14024,-0.16584,-0.40027,-0.33579,0.075982,-0.30763,-0.19651,0.060544,0.14682,0.1647,-0.12264,-0.063267,0.28125,0.09406,0.26106,-0.23236,-0.18306,0.29108,-0.18839,0.0046318,0.37518,0.17364,0.17537,0.066327,0.23214,0.095814,0.18388,0.15033,0.095292,-0.17302,0.063101,-0.33255,-0.15206,0.069561,0.10862,0.28854,0.21707,-0.0054161,-0.0076504,-0.0088977,-0.11527,-0.11553,-0.18129,-0.021956,-0.12476,-0.33576,0.32463,0.28044,-0.23028,0.11543,0.0033316,0.11751,-0.31696,0.15301,0.091803,-0.073373,-0.053106,0.060579,0.34094,0.034063,-0.11438,-0.089066,0.10151,-0.4155,-0.24677,-0.22759,-0.074789,0.26995,0.25857,0.037937,0.16005,-0.23597,-0.0068136,0.24515,0.26577,-0.078661,-0.13117,-0.099451,-0.24151,-0.11178,0.033685,0.027739,0.12229,0.16512,-0.12722,0.16605,0.08503,-0.049313,-0.13715,-0.4553,-0.0024295,-0.003323,0.42519,0.12143,-0.0035458,0.31461,0.49111,-0.27855,-0.19985,0.53232,0.076071,0.38851,-0.37379,-0.14893,-0.0058947,-0.022797,-0.15944,-0.08446,-0.33395,0.16894,0.052032,-0.1134,0.34553,-0.10954,0.22406,0.20403,0.35206,-0.018791,0.13855,-0.13908,-0.023873,-0.19912,-0.33192,0.56386,-0.54048,-0.17866,-0.27749,0.23713,0.089338,0.2439,0.26092,-0.08982,0.044841,-0.077586,0.15005,-0.053404,0.046135,0.073307,-0.0032519,-0.25174,-0.45391,0.18517,-0.10164,-0.19622,0.19438,0.20777,0.089171,-0.16007,0.20178,0.1459,-0.0093979,-0.10169,-0.043601,-0.16657,0.0020941,-0.17169,-0.0058251,-0.3009,-0.15357,-0.21318,0.41199,-0.11141,0.17797,-0.0088793,0.25252,-0.10776,0.060565,0.16641,-0.29649,-0.11641,-0.0068174,-0.13349,-0.13606,-0.25757,0.39792,-0.012987,-0.061307,0.13739,0.24169,0.18724,0.11404,-0.059354,0.1503,0.2039,0.11126,0.016893,0.23057,-0.13237,-0.034039,0.43766,0.22014,-0.23646,0.18772,0.12595,-0.27838,0.076009,-0.19442,-0.17765,-0.092155,-0.40979,0.21555,0.12392,-0.10345,0.12131,0.039323,0.16882,0.29832,0.17862,-0.28001,0.00386,0.26065,-0.20128,-0.07674,-0.094735,-0.17974,-0.25204,-0.23862,-0.24344,-0.25866,-0.021793,0.1476,0.19767,-0.17177,0.21322,-0.073057,0.008354,0.18665,0.14144,-0.18661,0.14582,-0.027422,0.0089273,-0.4883,0.0077379,0.22359,0.15498,0.10025,-0.20331,0.20115,-0.20735,0.30589,0.17458,0.15824,-0.18908,-0.21164,0.16014,0.045397,0.48883,0.097708,-0.24189,-0.18688,0.28813,0.29293,-0.21293,0.18631,0.088331,-0.25257
ru,him,-0.047275,0.085709,-0.025655,0.031142,-0.032374,-0.0085422,0.034998,0.30425,-0.18846,0.19352,0.067318,0.2356,0.03408,0.23356,0.21,-0.069613,-0.14071,0.0030257,0.051466,0.087926,0.054294,0.045786,-0.18031,-0.098889,-0.016977,0.30255,0.046435,0.44174,0.16614,-0.21632,5.6151e-4,-0.20485,-0.048766,-0.29279,0.11472,0.15931,0.083968,-0.25401,0.025047,-0.09298,0.24056,-0.010699,-0.063985,-0.1806,-0.11414,-0.24455,-0.33327,0.12076,-0.069751,-0.16737,0.12863,0.09539,-0.086098,-0.054898,-0.14303,0.066081,0.027703,0.095102,-0.023729,0.16642,0.19544,0.019551,0.23208,0.26531,0.17342,0.16956,0.14612,0.20193,0.093669,0.10922,0.21158,0.14886,-0.084029,-0.17601,-0.42443,-0.12206,-0.11753,0.011095,0.13611,0.085886,0.021766,0.073369,0.02647,-0.092451,0.07523,-0.15035,-0.1017,0.050344,0.067033,0.14697,0.19756,-0.081615,-0.25423,-0.025868,-0.13722,-0.17233,0.10357,-4.1832e-4,0.044191,-0.14944,0.1222,0.092688,-0.074986,-0.1012,0.062135,-0.21058,-0.18767,-0.30514,0.0050231,0.54013,0.090101,0.24145,0.028463,0.086794,0.09169,0.12256,0.15052,0.017809,-0.24196,-0.1401,-0.16755,0.24624,-0.016303,-0.034617,0.049205,0.05428,0.014577,-0.12403,0.28859,-0.014019,-0.070988,-0.15759,-0.19988,0.12872,-0.056642,0.31743,-0.043043,-0.066517,0.076707,0.044512,-0.1647,-0.13451,0.10038,0.18131,0.096992,-0.15023,-0.13084,0.15492,-0.057841,-0.30442,0.083997,-0.28651,0.091703,-0.016638,-0.15928,0.071322,-0.095476,0.016093,0.11362,-0.093687,0.062052,0.074853,0.028478,-0.072321,-0.093455,0.035076,0.25899,-0.21689,0.061585,-0.1239,0.065788,-0.001963,0.12087,-0.17481,-0.007744,0.0046687,1.0548e-4,0.20324,-0.027127,0.22654,0.037081,0.17615,-0.2089,-0.29037,-0.12108,-0.13774,0.15213,-0.065307,0.035928,0.091172,0.10443,-0.18535,0.03633,-0.14305,-0.2829,-0.19781,0.15094,-0.28323,-0.033828,-0.17278,-0.2503,0.16215,0.081999,0.18095,0.054384,0.095449,-0.041206,0.13404,0.13482,-0.040765,0.048223,-0.25047,-0.057631,0.097684000000000007,-0.1505,-0.21309,-0.23715,0.0026454,0.11772,-0.080993,0.1125,0.21163,0.14427,0.070278,-0.04649,0.098919000000000007,-0.015826,0.12126,0.078684,0.091723,-0.002384,0.020848,0.44681,0.12311,-0.016191,0.062753,0.035792,-0.0059926,0.058306,-0.22506,-0.18342,0.03096,-0.10483,0.049939,0.11938,0.06935,-0.10837,-0.084406,0.18092,0.045114,0.15068,-0.18926,-0.027921,0.10956,0.0083086,-0.1039,-0.043486,-0.17984,0.0023958,-0.031577,0.019499,-0.16751,-0.034681,0.12987,0.050142,0.026064,-0.067463,-0.049271,-0.084366,0.25621,0.06093,0.037944,-0.022829,-0.045999,0.0022827,-0.23713,0.1834,0.18559,0.24227,0.16919,-0.27922,0.049124,-0.09755,0.033021,0.071065,0.12411,-0.18609,-0.23494,-0.15247,-0.20637,0.19828,0.12418,-0.34362,-0.33713,0.28207,0.18121,-0.069336,0.17583,-0.023044,-0.11172
ru,his,-0.047275,0.085709,-0.025655,0.031142,-0.032374,-0.0085422,0.034998,0.30425,-0.18846,0.19352,0.067318,0.2356,0.03408,0.23356,0.21,-0.069613,-0.14071,0.0030257,0.051466,0.087926,0.054294,0.045786,-0.18031,-0.098889,-0.016977,0.30255,0.046435,0.44174,0.16614,-0.21632,5.6151e-4,-0.20485,-0.048766,-0.29279,0.11472,0.15931,0.083968,-0.25401,0.025047,-0.09298,0.24056,-0.010699,-0.063985,-0.1806,-0.11414,-0.24455,-0.33327,0.12076,-0.069751,-0.16737,0.12863,0.09539,-0.086098,-0.054898,-0.14303,0.066081,0.027703,0.095102,-0.023729,0.16642,0.19544,0.019551,0.23208,0.26531,0.17342,0.16956,0.14612,0.20193,0.093669,0.10922,0.21158,0.14886,-0.084029,-0.17601,-0.42443,-0.12206,-0.11753,0.011095,0.13611,0.085886,0.021766,0.073369,0.02647,-0.092451,0.07523,-0.15035,-0.1017,0.050344,0.067033,0.14697,0.19756,-0.081615,-0.25423,-0.025868,-0.13722,-0.17233,0.10357,-4.1832e-4,0.044191,-0.14944,0.1222,0.092688,-0.074986,-0.1012,0.062135,-0.21058,-0.18767,-0.30514,0.0050231,0.54013,0.090101,0.24145,0.028463,0.086794,0.09169,0.12256,0.15052,0.017809,-0.24196,-0.1401,-0.16755,0.24624,-0.016303,-0.034617,0.049205,0.05428,0.014577,-0.12403,0.28859,-0.014019,-0.070988,-0.15759,-0.19988,0.12872,-0.056642,0.31743,-0.043043,-0.066517,0.076707,0.044512,-0.1647,-0.13451,0.10038,0.18131,0.096992,-0.15023,-0.13084,0.15492,-0.057841,-0.30442,0.083997,-0.28651,0.091703,-0.016638,-0.15928,0.071322,-0.095476,0.016093,0.11362,-0.093687,0.062052,0.074853,0.028478,-0.072321,-0.093455,0.035076,0.25899,-0.21689,0.061585,-0.1239,0.065788,-0.001963,0.12087,-0.17481,-0.007744,0.0046687,1.0548e-4,0.20324,-0.027127,0.22654,0.037081,0.17615,-0.2089,-0.29037,-0.12108,-0.13774,0.15213,-0.065307,0.035928,0.091172,0.10443,-0.18535,0.03633,-0.14305,-0.2829,-0.19781,0.15094,-0.28323,-0.033828,-0.17278,-0.2503,0.16215,0.081999,0.18095,0.054384,0.095449,-0.041206,0.13404,0.13482,-0.040765,0.048223,-0.25047,-0.057631,0.097684000000000007,-0.1505,-0.21309,-0.23715,0.0026454,0.11772,-0.080993,0.1125,0.21163,0.14427,0.070278,-0.04649,0.098919000000000007,-0.015826,0.12126,0.078684,0.091723,-0.002384,0.020848,0.44681,0.12311,-0.016191,0.062753,0.035792,-0.0059926,0.058306,-0.22506,-0.18342,0.03096,-0.10483,0.049939,0.11938,0.06935,-0.10837,-0.084406,0.18092,0.045114,0.15068,-0.18926,-0.027921,0.10956,0.0083086,-0.1039,-0.043486,-0.17984,0.0023958,-0.031577,0.019499,-0.16751,-0.034681,0.12987,0.050142,0.026064,-0.067463,-0.049271,-0.084366,0.25621,0.06093,0.037944,-0.022829,-0.045999,0.0022827,-0.23713,0.1834,0.18559,0.24227,0.16919,-0.27922,0.049124,-0.09755,0.033021,0.071065,0.12411,-0.18609,-0.23494,-0.15247,-0.20637,0.19828,0.12418,-0.34362,-0.33713,0.28207,0.18121,-0.069336,0.17583,-0.023044,-0.11172
ru,home,-0.041165,0.087719,0.16986,-0.29799,-0.2925,0.17182,-0.18091,0.16971,0.24919,-0.27296,0.08201,-0.093021,-0.12185,0.18958,-0.084702,0.30308,-0.26149,-0.26696,0.43841,0.35814,0.35128,0.062205,-0.42741,-0.5263,-0.11195,-0.27857,0.31562,-0.31728,0.09859,0.17705,-0.29775,-0.037505,0.16758,-0.39326,0.05107,0.11548,-0.14655,0.0050723,0.27351,-0.25187,-0.15422,-0.21216,0.084172,-0.077516,-0.1426,-0.41086,0.030838,-0.1805,0.15406,0.052914,-0.17051,0.0098761,-0.046324,-0.089185,0.28084,0.15106,-0.2315,0.10709,-0.077012,-0.34966,0.48676,0.31921,0.20145,-0.17436,0.19165,0.30671,0.30906,0.29203,-0.10735,0.28246,0.17839,-0.43073,-0.25944,-0.20522,0.20282,-0.37181,-0.21966,0.30542,-0.065359,0.095491,-0.14873,-0.28811,0.44548,0.03567,0.096683,-0.13004,-0.12767,0.11757,0.49659,-0.31831,-0.29811,-0.16778,-0.017348,0.11898,0.070034,0.72872,-0.34606,0.23586,-0.15496,-0.29434,0.0033393,-0.24777,0.11904000000000001,-0.43535,0.36523,0.36034,0.0019754,-0.45059,0.28907,0.23539,0.15338,-0.34699,-0.1624,0.12221,-0.12875,0.12529,0.17866,0.41943,-0.14511,-0.1976,0.093691,0.15142,-0.12129,0.31562,-0.075718,0.22549,-0.065764,0.076134,0.35579,0.17682,0.18414,0.10252,-0.10574,-0.13331,0.090565,0.050373,-0.061468,-0.43381,0.067384,-0.052837,-0.18664,-0.38036,0.020844,0.32544,0.073938,-0.25752,-0.26925,0.40466,-0.13019,-0.010944,0.13772,0.10472,0.358,0.28591,0.050265,0.084659,0.39548,-0.12327,0.1621,-0.0040162,-0.44675,0.018403,-0.012578,-0.51331,-0.33765,0.058647,-0.2576,-0.073759,-0.28849,-0.11198,-0.10519,-0.094714,0.15535,0.0046791,-0.10738,0.45627,-0.22223,-0.19288,-0.16211,0.28228,0.012429,0.23348,-0.44044,-0.27663,0.36377,0.23528,0.21824,-0.035732,0.2432,-0.045226,0.2623,-0.20315,0.13647,-0.090178,-0.43333,-0.31687,0.060743,-0.088836,-0.31649,-0.13626,-0.34974,0.030948,0.011107,0.36912,0.18336,0.77373,0.33087,0.27229,-0.30027,-0.034618,-0.29562,-0.25721,-0.39783,-0.055099,0.29116,-0.13106,0.085207,0.065867,0.50685,0.10025,-0.40691,-0.26603,0.15893,0.043017,0.083686,-0.028502,0.27578,-0.056928,0.29042,0.098598,-0.046059,0.011054,0.23138,-0.087387,-0.097221,0.42669,0.070164,-0.19786,0.44283,-0.18337,-0.028227,-0.036707,5.9499e-4,0.33608,0.073224,-0.50489,0.010258,0.06214,0.39316,0.096553,0.31624,-0.37081,0.22755,0.017829,-0.24932000000000001,0.084445,-0.16257,-0.063245,-0.085538,-0.4357,-0.41388,-0.40963,-0.24464,0.045513,-0.029505,0.18458,-0.10222,0.38011,0.082589,0.40646,-0.10163,-0.073977,-0.093415,-0.045789,-0.18408,-0.1507,-0.032982,-0.090256,0.066442,-0.10509,0.4509,-0.28132,-0.21349,0.35267,-0.21164,0.25089,-0.17343,0.089222,0.060307,0.30389,0.091276,0.24771,-0.42779,0.36282,0.52112,-0.1112,-0.14977,0.18852,0.0024258,0.50224
ru,male,-0.58669,0.30106,-0.090514,0.039998,0.11541,0.087352,0.058499,0.32379,-0.078941,0.093439,-0.01523,0.036785,0.084106,0.13,-0.49505,-0.29689,0.11283,-0.05348,0.080346,0.6874,-0.069268,0.27059,0.11951,0.46394,0.46631,0.20377,0.35533,-0.53453,-0.32269,0.58118,0.22844,-0.037868,0.15265,0.16908,-0.6631,0.88017,-0.17228,-0.86623000000000006,0.45898,-0.1055,-0.011465,-0.43793,0.053042,-0.25756,-0.29634,0.055944,-0.26055,-0.23432,0.28462,-0.61258,0.13674,-0.28762,-0.1134,0.33472,-0.22615,-0.15147,0.23004,0.32143,0.29093,0.46001,-0.025196,0.095223,-0.38471,0.30638,0.25125,-0.27265,0.15782,-0.23402,0.43495,0.43352,0.11457,0.44498,0.18382,-0.11347,0.36875,-0.24857,0.013605,0.21572,-0.026781,-0.067251,0.29614,-0.25809,0.45322,0.11274,0.90173,0.11574,0.44206,-0.65787,-0.1589,-0.19066,-0.016699,-0.37757,0.033588,0.23012,0.0038487,0.049675,0.3499,-0.24338,-0.40715,-0.40521,0.48246,0.067697,-0.03671,0.10596,0.57355,0.053706,0.11421,-0.63526,0.075191,-0.17739,0.20001,-0.019571,-0.06677,-0.062433,-0.0016277,0.25081,0.15467,0.12665,-0.14683,0.0089816,0.35811,-0.16586,-0.1395,0.22662,-0.32683,-0.31925,-0.30461,-0.60304,0.15669,0.12447,0.24177,0.30362,-0.11113,0.044189,0.079507,0.040148,-0.14843,0.10054,-0.065331,0.074059,-0.53023,0.25807,-0.048868,0.38084,-0.082462,-0.33066,-0.43798,0.4178,0.33138,-0.058192,0.059491,0.059099,-0.040281,0.14494,-0.26352,0.34153,-0.32725,-0.54923,-0.33555,0.25102,-0.31565,-0.049392,-0.024903,0.30414,-0.38374,0.34758,-0.17561,-0.44506,0.02006,0.47949,-0.12871,-0.11642,-0.056497,0.32069,-0.5187,0.35274,-0.10642,0.065545,-0.17025,0.64139,-0.32802,0.016602,-0.45954,-0.062372,0.63723,0.09316,-0.46333,-0.072048,0.33425,-0.14011,0.18355,-0.60073,0.5688,-0.35192,-0.16764,-0.59183,0.37671,-0.15651,-0.22545,-0.79418,0.5281,0.5894,0.075363,0.29698,0.6063,0.22835,0.12067,-0.39714,-0.17384,-0.18961,0.081249,-0.3326,0.29524,0.010136,-0.017533,-0.19315,-0.80761,0.2239,0.29091,0.15032,-0.051608,-0.29464,0.37407,0.034016,-0.76254,0.14289,-0.026985,-0.18897,0.15616,-0.69121,-0.4525,0.64834,-0.12759,0.33815,-0.067457,0.4704,0.024767,0.50672,-0.030297,0.011977,0.2173,0.50513,-0.97203,-0.26926,0.54847,0.025337,0.21459,-0.41598,-0.15897,0.098385,0.28837,-0.46907,0.67735,-0.4078,-0.1722,0.18753,0.099549,0.0097761,-0.044248,0.78323,-0.43047,-0.42905,-0.58052,0.025524,-0.42441,0.029894,-0.20489,0.17648,0.063037,-0.1216,0.14475,0.21927,0.17175,-0.26533,0.046493,-0.45006,-0.10627,0.0010098,0.3068,0.53609,0.098852,-0.62674,-0.36775,-0.086835,-0.18345,0.56707,-0.66312,0.12678,-0.16084,-0.40846,0.41916,0.24034,0.081544,0.083352,0.80654,-0.073868,-0.086702,0.30457,-0.42952,0.087345
ru,man,-0.039538,-0.2272,0.19354,-0.055902,-0.13569,0.14504,-0.059801,0.103,0.0506,-0.055554,0.29323,-0.24564,-0.08559,-0.039986,0.14306,-0.28991,0.10094,0.0091067,0.024139,-0.13176,0.086583,0.23788,-0.2433,0.14384,-0.0038411,-0.095664,-0.067582,0.60159,0.031168,0.012002,-0.1049,-0.24206,0.094894,-0.18963,0.41846,0.17672,0.18514,0.090408,-0.13524,0.11153,0.51106,-0.20901,0.1528,-0.048587,0.22659,-0.11768,0.12673,0.19257,0.10799,-0.056729,-0.081286,-0.034919,-0.22528,-0.21411,0.2319,0.012634,0.34248,-0.07433,-0.14231,-0.39129,0.26236,-0.23704,0.022593,0.28153,0.41531,0.14507,0.11609,-0.01851,0.12084,0.029384,0.30636,-0.14188,-0.032019,0.2319,-0.34649,-0.26374,0.036227,-0.41785,0.21974,-0.091153,0.13053,-0.085293,0.43573,-0.026211,0.12062,-0.1012,-0.22359,0.36063,-0.037388,0.08519,-0.049488,-0.039147,0.038749,0.30587,-0.16495,0.023758,-0.41378,0.70126,0.053047,0.024237,0.23703,0.067497,-0.0022678,-0.5047,0.25867,-0.03558,-0.44258,-0.25411,0.35326,0.66247,0.070864,-0.38936,0.2115,-0.3929,-0.039482,0.53804,0.21438,0.095503,-0.22064,0.19417,-0.2119,0.10213,0.38722,-0.23769,0.13018,-0.32184,0.042282,0.20374,0.34014,0.29441,0.070656,-0.13621,-0.24269,0.28976,0.19481,0.056926,-0.27403,-0.16165,-0.11383,0.44248,-0.20703,-0.12328,0.18177,-0.33649,0.22095,-0.34545,0.098939,-0.41436,0.054647,-0.34665,-0.26738,-0.30488,0.18092,-0.13108,0.07475,0.099946,0.35998,-0.37274,0.23455,-0.060066,0.1917,-0.21462,-0.1482,-0.29448,0.58567,0.041266,0.042989,0.053583,0.484,0.3409,-0.27892,-0.034016,-0.019142,0.71259,-0.091523,0.074503,-0.28872,0.5154,0.28915,0.16927,-0.050505,0.15969,-0.10156,-0.25084,0.047452,-0.086238,-0.45663,0.12883,0.3671,-0.10012,0.11813,-0.46119,0.21639,-0.30291,-0.25951,-0.1272,-0.026348,0.24777,-0.13352,-0.090002,-0.34796,0.040448,0.0012406,0.40951,-0.036597,0.32097,0.098135,-0.42061,0.47151,0.020014,0.34186,-0.011741,0.48928,0.001528,0.4834,-0.26111,-0.43714,-0.49375,-0.39975,0.052024,-0.4027,-0.56068,0.11793,-0.29552,-0.75703,0.18938,0.048844,0.11978,-0.27151,0.48386,0.030463,0.41463,-0.17255,0.057958,-0.24382,0.0051258,-0.16494,0.21784,-0.076457,0.49155,-0.20394,0.21781,-0.047733,0.28313,0.28545,0.30993,0.099876,0.03753,0.17823,-0.038104,0.081837,-0.6407,0.44511,0.085441,0.064414,0.19225,0.35904,0.13966,-0.19631,-0.024253,-0.44724,-0.29603,0.45278,0.43184,-0.085052,0.19843,0.18778,0.043285,0.30648,0.084121,-0.17861,0.24597,-0.53424,0.10811,-0.28937,0.0050641,0.12306,0.15575,-0.064199,-0.50032,-0.26384,0.061104,-0.23278,0.14462,0.21591,0.14445,-0.28718,0.089413,0.17952,-0.51481,0.23887,0.082312,0.31905,0.0023395,0.19529,-0.40741,0.14268,-0.0099511,-0.14583,0.063343
ru,management,-0.20124,0.044162,0.14616,-0.17421,-0.12421,-0.089484,-0.58619,0.24151,0.10027,-3.4037e-4,-0.37935,0.24967,-0.29486,-0.040647,-0.063203,-0.44579,-0.17356,0.0055837,0.4448,-0.29617,-0.037554,0.1246,-0.13081,0.052558,0.25371,-0.52367,0.56112,0.083378,0.86314,-0.14059,0.27957,0.18361,0.22659,-0.3735,-0.2682,0.075376,0.1398,0.033852,-0.25595,0.16276,0.52605,-0.43444,-0.086724,0.091668,-0.059427,-0.25695,0.62303,-0.16626,0.50527,0.15509,0.087795,-0.45422,-0.19602,-0.40343,0.79054,0.04316,0.33269,0.24736,-0.43444,-0.12766,0.15976,0.40958,-0.039098,-0.40856,0.64228,-0.27779,-0.037055,0.28166,-0.042041,-0.36576,-0.10012,0.20591,-0.0059706,-0.15154,-0.53708,-0.34122,-0.37049,-0.12649,0.3103,-0.039311,0.47752,0.25895,0.6635,-0.29844,0.090678,-0.11928,-0.091429,0.29731,-0.21968,0.025535,-0.2757,-0.29361,-0.086323,0.39769,-0.30365,-0.25684,0.0019366,-0.016698,0.31825,0.01795,-0.24603,0.6049,0.48383,0.21625,-0.48748,-0.30368,-0.019887,-0.48398,0.3271,0.43143,0.12624,-0.31438,-0.10072,0.10945,0.30992,0.15376,0.09643,0.52508,-0.35078,-0.29169,0.083818,0.23136,-0.1698,-0.67673,-0.055837,0.13275,-0.47769,-0.2821,0.6048,-0.15287,0.26662,0.28339,-0.30963,0.30637,-0.28125,0.10561,-0.28742,-0.49112,0.73383,0.15593,-0.49187,-0.51564,0.26954,-0.5743,-0.073753,-0.34957,-0.045242,0.37087,0.47921,-0.49166,-0.47034,-0.34181,0.31033,0.20198,-0.50694,-0.35941,-0.25846,-0.076463,-0.29095,0.26913,-0.41485,0.0089151,0.28462,-0.2233,-0.13932,-0.28776,-0.0091707,0.090883,-0.49463,0.25327,-0.27786,-0.13163,0.55515,-0.17428,-0.30945,-0.0064234,0.20682,0.5198,0.076212,0.26655,-1.0241,-0.13718,-0.32972,0.25333,-0.16522,-0.11829,0.11232,0.12972,0.18064,-0.038907,0.16747,0.048853,0.1107,-0.49425,-0.84957,-0.13444,0.14264,0.53559,-9.9069e-4,-0.59635,-0.23228,-0.42249,0.059064,0.28498,0.61147,-0.24836,0.61309,-0.87561,0.23424,-0.069282,0.57414,-0.85274,-0.25824,-0.07332,-0.50452,-0.061811,-0.14431,-0.025996,-0.30271,0.13744,0.27526,-0.14128,0.21086,0.0034144,0.18873,-0.24244,0.026152,-0.12502,0.25208,0.13108,-0.37001,-0.21456,-0.37261,-0.099593,0.14397,0.064624,0.021329999999999998,-0.38004,0.35771,-0.24704,-0.10111,0.26903,0.079161,-0.29021,0.50751,0.016662,-0.27143,-0.087817,-0.0777,0.067882,-0.018073,-0.25009,-0.096112,0.024252,-0.27599,0.22414,-0.30334,-0.31672,-0.048196,-0.32217,-0.21348,-0.31642,-0.15447,-0.10096,-0.2789,0.11183,-0.027671,0.10082,0.31402,0.15024,-0.46302,-0.0096503,-0.09798,0.36068,-0.024534,-0.024055,0.19024,0.32537,0.18217,0.053653,0.16201,0.17937,0.19021,-0.072104,-0.12902,0.052174,-0.49085,0.071748,-0.32339,0.20371,-0.041708,0.6469,-0.37856,-0.20803,0.13214,-0.29748,0.41139,-0.19124,-0.14558,-0.12151
ru,marriage,0.11752,-0.059402,-0.17703,0.23991,0.21494,0.20869,0.011486,-0.58853,0.13996,-0.24217,0.35582,0.13926,0.21015,-0.029208,-0.43187,-0.2653,-0.60142,0.33535,0.047968,0.16826,0.16824,0.18402,0.14661,0.42033,3.9136e-4,0.096095,0.37626,-0.16486,-0.41405,-0.18319,-0.42237,0.13739,0.09356,-0.081264,0.22308,0.078114,0.40722,-0.41361,-0.087094,0.21955,0.47846,0.18278,-0.46131,-0.10081,0.16563,-0.092788,-0.034854,-0.61426,0.10969,-0.25359,0.0054636,0.24446,-0.42264,0.13369,0.17758,0.011959,-0.055832,-0.56328,0.20622,0.33568,0.33317,0.014417,-0.56526,0.44934,0.12318,0.28963,0.51986,0.040144,-0.2292,-0.30939,0.061557,-0.050859,-0.36648,0.36774,0.024231,-0.33315,-0.27159,0.18042,0.76008,0.026341,-0.25057,0.41927,-0.3754,-0.25285,0.18466,0.034951,0.67124,0.66232,0.15025,0.27767,-0.04794,-0.10761,0.48202,0.27721,-0.025098,0.026814,0.59738,0.21274,0.13993,-0.58766,0.36843,0.018487,0.18306,-0.52305,0.014515,-0.71079,-0.071552,-0.044262,0.13763,0.12192,-0.033646,-0.32726,0.061889,-0.073761,0.072785,0.06387,0.11533,0.016808,-0.05818,-0.80707,0.40304,-0.0262,0.074217,0.17249,0.16766,-0.53165,-0.066639,-0.080724,0.43242,0.010812,0.26297,-0.2266,0.0086351,-0.24849,0.12363,-0.15736,0.25491,-0.39664,-0.045494,0.29841,-0.2317,-0.19011,-0.48045,0.22983,-0.4423,0.19804,-0.13329,0.23356,0.75919,-0.35675,-0.12576,-0.17707,0.16775,-0.026685,-0.20688,0.38852,-0.19458,-0.33673,0.19364,0.51134,-0.13954,0.10362,0.26216,-0.1345,-0.5458,0.066556,0.14502,-1.0536,-0.19763,-0.46802,-0.48819,-0.58877,0.13923,-0.28689,0.24863,-0.086689,0.17544,0.15253,0.010582,0.2334,0.43678,-0.39264,0.20145,-0.19782,-0.19934,-0.18649,0.091728,0.059189,0.11159,-0.038593,0.17031,-0.30361,0.17144,-0.033717,-0.15877,-0.18072,0.079595,-0.6915,-0.19456,0.19309,0.11477,0.25812,-0.30504,0.46758,-0.10163,-0.18644,-0.18215,-0.29319,0.55702,0.08994,-0.30271,-0.63997,0.4812,-0.061196,-0.12153,0.086388,-0.69621,-0.44389,-0.36139,0.061866,4.0066e-4,-0.047005,-0.0029671,-0.086222,-0.070547,0.058309,-0.031306,0.5588,0.55152,0.26726,-0.6201,0.25932,0.36732,0.49567,-0.21605,-0.3208,0.2115,0.21651,0.17795,0.34532,-0.34406,0.053084,-0.20032,0.046103,0.087661,0.042369,-0.081674,0.11166,0.16091,-0.054783,-0.26925,-0.13272,-0.035303,0.059576,0.13641,-0.24544,-0.3506,-0.18432,-0.010554,0.3554,-0.25548,0.13808,-0.11831,0.49827,0.29402,0.13626,-0.43965,-0.4882,0.043826,0.44855,-0.41942,-0.075131,0.602,-0.0084866,-0.45321,-0.36559,0.31266,0.19093,0.010085,-0.25546,-0.0031041,0.30114,-0.22372,0.13256,0.31171,0.36686,-0.3837,-0.64379,-0.11876,0.054229,-0.4292,0.028882,-0.45716,-0.018208,0.52198,0.065499,-0.056579,-0.16737,0.049077,0.34438
ru,office,0.0012445,0.1887,0.41279,-0.17518,0.28451,-0.5475,0.13812,-0.15195,0.65863,-0.24568,0.015079,0.22494,-0.03184,0.19655,0.17561,-0.15442,-0.070513,0.081569,0.45236,0.19988,-0.037188,-0.036048,-0.73602,-0.38638,-0.3574,-0.14349,-0.13118,0.13492,0.46946,-0.39296,-0.14677,0.29151,0.47198,-0.60601,-0.31055,0.056722,0.13851,-0.29702,0.16147,0.063011,0.23111,0.032868,0.032632,0.17585,-0.017758,0.17646,0.011929,-0.13426,0.55664,-0.40868,0.043646,0.29481,-0.55349,0.20251,0.41741,-0.14911,-0.25235,-0.27006,-0.39847,0.086756,-0.27724,-0.42944,0.13804,-0.18584,-0.048338,0.069211,-0.0075431,-0.11593,0.27866,-0.15016,0.29135,-0.076139,-0.022322,-0.10218000000000001,-0.017939,0.19881,-0.23508,0.15327,0.22698,-0.02893,0.50549,0.27239,-0.091448,0.051628,0.1465,0.12903,-0.67648,0.3602,-0.028264,-0.27236,-0.38607,-0.33865,-0.24525,0.26218,-0.054666,0.14208,0.49268,0.15469,0.2822,-0.27795,-0.16965,0.20564,-0.032708,0.47204,0.53996,0.079555,-0.30237000000000003,-0.366,0.36847,0.41795,0.40098,0.20119,-0.035605,-0.21203,0.20239,0.2752,-0.057425,0.21903,-0.21905,-0.14321,-0.14455,-0.26697,0.25642,-0.30812,0.15838,-0.30538,0.15906,-0.029332,0.543,0.069419,0.42981,0.55223,0.029423,-0.24637,0.0044108,-0.15637,-0.053616,-0.061828,0.22713,0.41244,-0.10324,-0.2809,0.1328,0.12905,0.10424,-0.64722,-0.40401,0.74464,-0.36969,0.43179,-0.66783,-0.21826,0.22422,0.37831,0.065838,0.054226,-0.032139,-0.12002,0.10859,0.11309,-0.048305,-0.16416,0.077,-0.15352,-0.32365,0.37135,0.01284,-0.34914,-0.19376,-0.022497,-0.13371,0.21106,-0.051077,-0.28942,0.34139,0.084187,-0.080676,-0.015568,0.024611,-0.21881,-0.15456,-0.22266,-0.39409,-0.26747,0.69688,0.13293,0.086945,-0.071779,0.36553,-0.11584,-0.011189,-0.32569,0.092037,-0.73101,-0.039676,-0.40731,-0.59902,-1.641e-4,-0.12898,0.34884,0.0033375,0.25109,0.097018,0.049915,-0.073651,-0.36269,0.50294,0.13721,0.20983,0.38504,-0.4352,-0.18256,-0.26367,-0.12513,0.14832,-0.16681000000000001,0.060123,-0.18864,-0.17769,0.076637,-0.17962,-0.34795,0.0057545,0.015987,0.22957,0.36614,-0.14351,0.40357,0.046761,-0.0046471,0.24796,0.83412,-0.33879,0.18711,-0.15569,0.42828,0.043844,0.025656,0.12666,0.5349,0.49828,-0.0011586,-0.33212,0.2161,0.2228,-0.1587,0.088264,-0.10089,-0.032496,0.31984,0.32451,-0.35924,-0.26342,0.24562,0.24911,-0.14765,-0.33073,-0.23723,-0.29525,-0.26953,-0.20761,-0.43598,-0.007302,-0.073755,-0.13472,0.025289,0.093168,0.11361,-0.19596,0.35337,-0.25645,0.31634,-0.0039317,0.097094,0.023745,0.10753,-0.17419,0.39105,0.43884,-0.62579,0.27973,-0.023867,-0.093599,0.38419,-0.43219,-0.24647,-0.35916,-0.079414,-0.46799,0.25777,-0.49447,0.19361,-0.25442,-0.26969,0.15325,-0.3319,0.38299,0.11116,0.060314,-0.5952
ru,parents,0.050135,-0.066946,0.016801,0.1668,0.075712,6.5339e-4,0.25853,0.1287,-0.0052379,-0.23494,3.428e-4,0.13784,-0.30355,0.096382,0.20381,-0.38512,-0.80375,0.26541,0.1694,0.14712,0.073761,0.073583,-0.063986,0.0041088,-0.096106,0.48794,0.045634,-0.11502,-0.25743,-0.074241,0.042915,0.10557,-0.24913,-0.16835,0.21798,0.45343,0.2699,-0.29838,0.035995,-0.054068,0.48289,-0.074526,-0.35532,-0.57293,-0.078431,-0.25729,-7.6517e-4,-0.20374,-0.027555,-0.2545,-0.099699,0.22947,-0.37501,0.012683,0.57263,-0.26193,-0.24996,-0.048771,-0.030357,0.28174,0.063771,0.11446,-0.35941,0.42034,0.10475,0.20375,0.19834,0.24227,-0.09274,-0.29603,0.07932,-0.10986,-0.31714,-0.59259,0.22385,-0.064401,-0.52478,0.04648,0.44014,0.2613,0.22106,0.29374,-0.21896,-0.096757,0.0091869,-0.19842,0.49809,0.24813,0.211,0.10641,-0.075209,-0.0056098,0.012838,0.63161,-0.19054,-0.097514,-0.072002,0.13915,0.25566,-0.25087,-0.089062,-0.12248,0.19237,-0.71135,0.29347,-0.1154,-0.033187,-0.41393,0.0058864,0.15101,-0.19177,-0.13165,-0.15362,0.0669,0.24318,0.011322,0.57998,0.055965,-0.23512,-0.16602,0.42246,-0.43367,0.016519,-0.11161,0.065733,-0.0083954,0.047839,0.2245,0.37469,-0.0045326,-0.0074499,-0.34828,-0.050449,-0.030487,-0.050473,0.0088239,0.22367,-0.17291,-0.10988,-0.07659,-0.37872,-0.21558,0.19505,0.40712,0.16226,-0.079471,0.37312,-0.12868,-0.037235,0.073983,-0.10721,-0.070809,0.20542,-0.11679,-0.090999,0.1615,-0.18951,-0.21007,0.51462,0.10938,0.10874,-0.16479,0.085706,-0.20251,-0.31164,-0.053255,-0.25062,-0.011221,0.30811,-0.0287,-0.043387,0.12956,0.27052,-0.23139,0.022658,-0.03249,0.23363,-0.23701,-0.031619,0.073855,-0.055419,-0.1421,-0.053431,-0.35634,0.079092,-0.43546,-0.017006,-0.031759,0.47116,-0.28237,0.37674,0.0043009,-0.078152,-0.35839,-0.016268,-0.68557,0.10714,-0.54886,-0.46289,-0.31088,-0.29683,0.115,0.47657,0.39804,-0.16863,-0.37009,-0.31144,0.021396,0.56468,0.091098,0.33037,-0.10884,-0.20152,-0.03699,-0.34644,0.21785,-0.24047,-0.054437,0.08282,0.09832,-0.14137,0.13778,0.64875,0.33797,0.13311,0.38495,-0.38802,-0.19057,0.1084,-0.06078,0.12707,0.36108,0.32161,0.37327,-0.6275,-0.12246,-0.20466,0.48633,-0.16913,-0.23326,-0.10323,0.14586,-0.4401,0.40639,0.26578,-0.11631,-0.23526,0.54342,0.2207,0.079371,-0.074919,-0.15607,-0.41126,0.27949,0.5166,0.026612,-0.19856,-0.2454,0.030642,-0.24596,0.0057362,-0.19921,-0.26246,-0.076101,-0.39321,0.4759,-0.10896,-0.27706,0.24368,0.3653,-0.45998,0.28999,0.27185,-0.079852,-0.38388,-0.17749,0.33671,-0.41377,0.33324,0.095596,-0.012925,0.23502,-0.28908,0.015909,-0.27105,0.052052,-0.11696,-0.43169,0.3227,0.065639,0.43229,0.35174,0.023253,-0.19057,0.7739,0.0029002,-0.075737,0.18432,0.030278,0.21426
ru,professional,-0.015905,0.42775,0.23429,-0.14992,0.22168,0.24684,0.24094,-0.50233,0.13779,-0.27949,-0.08516,0.51267,0.17041,0.02669,0.24552,-0.43517,-0.5909,0.57627,0.42485,0.44848,0.038736,-0.36338,-0.35971,0.53126,0.13805,-0.56532,0.070086,0.020925,-0.092378,-0.12804,-0.2304,-0.21616,0.08707,-0.073861,-0.41209,0.28409,0.13,-0.89355,0.11693,-0.0023176,0.0769,-0.36913,0.44243,-0.089338,0.038471,-0.07592,-0.41025,0.11723,0.13732,-0.19312000000000001,0.023633,-0.61369,-0.53309,0.11704,0.45013,-0.29741,-0.28444,0.18295,0.47048,-0.0027753,-0.037227,-0.23801,0.19411,0.13,-0.18115,0.063885,-0.46373,-0.37824,0.060835,-0.030705,0.29692,0.10823,-0.3768,0.25381,-0.058108,0.09017,-0.4212,0.030988,0.48245,0.14602,-0.16733,0.16146,0.34877,0.36125,0.36208,0.51283,0.10506,0.41924,-0.020512,-0.13009,-0.32606,0.30721,0.26093,-0.097452,0.09097,-0.31248,-0.0575,0.11794,-0.11446,-0.1629,0.63699,-0.039325,-0.020227,-0.041331,0.19293,0.1084,-0.26888,0.045773,6.4265e-4,0.043204,-0.020349,-0.55249,0.13968,-0.11373,-0.30157,0.54881,-0.064592,-0.098266,-0.2502,-0.39392,0.51126,-0.05147,0.52083,-0.25556,0.0030082,0.36407,-0.12187,0.036778,-0.011667,-0.011273,0.58931,0.0090719,-0.43879,0.15322,0.2808,0.26838,0.0031765,0.099097,0.37516,0.018119,-0.073669,-0.26342,0.025454,0.50006,0.22133,-0.25811,-0.21263,0.011063,-0.32504,-0.065539,-0.031563,-0.056753,0.39103,-0.51447,-0.26363,0.14298,0.24412,-0.2453,0.076006,0.42188,-0.22138,-0.09456,-0.13609,0.051037,-0.16774,-0.16941,-0.064194,-0.52625,-0.18595,0.071611,0.031096,-0.19763,-0.40396,-0.041388,0.18455,0.062718,0.33492,-0.3269,0.0011391,-0.082794,-0.28617,0.059192,-0.4208,-0.066947,0.17281,-0.028911,0.50043,0.23886,-0.21569,-0.39347,0.41835,0.10659,0.39579,-0.30558,-0.092124,-0.7218,-0.30009,-0.079199,0.16961,-0.23705,0.19095,-0.1748,0.064593,0.07926,0.012769,-0.059955,0.21818,-0.31052,0.38381,0.12712,-0.070187,-0.23234,-0.013077,0.22071,-0.19707,0.11709,-0.51151,-0.29486,0.58631,-0.21618,-0.13484,-0.1567,0.14174,-0.27128,0.27812,0.15954,0.030783,0.37629,-0.081318,0.22048,-0.04344,0.44662,0.37816,-0.084411,0.24821,-0.15169,-0.0090954,-0.21987,-0.53381,0.31613,-0.042813,-0.078931,-0.55387,0.054865,0.62398,0.034068,0.152,0.2117,-0.075582,-0.027232,0.14897,-0.56329,0.51182,0.68131,0.50712,0.0071551,-0.08559,-0.083521,-0.41644,-0.0049346,-0.79347,-0.33789,-0.33061,-0.0021018,-0.57119,0.60167,-0.37751,-0.11124,0.3029,-0.2788,-0.044785,0.51998,-0.16199,-0.26813,0.035009,0.065509,0.22845,-0.2874,0.46222,0.080947,-0.17301,-0.10663,0.034281,0.13214,0.0010193,0.15519,-0.23145,-0.27243,-0.17851,-0.29685,0.31599,-0.026683,-0.0067764,-0.0078036,0.030412,0.13499,0.080256,-0.19379,-0.41739,0.045572
ru,relatives,-0.12634,0.10231,-0.0099951,-0.0031164,0.37994,0.2804,0.27748,0.042503,-0.22832,0.22986,0.27948,0.23454,0.13716,0.10871,0.25033,-0.33731,-0.27812,0.038923,0.188,-0.056783,0.29854,0.40254,-0.10655,-0.18568,-0.049937,0.57019,-0.21948,0.097963,0.27417,-0.038394,-0.10488,-0.018422,-0.47696,-0.41463,0.85482,0.26959,-0.1992,-0.27075,0.22292,-0.061568,0.32292,-0.24278,-0.19805,-0.61208,-0.14973,-0.21755,-0.14515,0.24518,-0.19469,-0.4815,-0.017345,0.27426,-0.044939,0.16738,0.12746,0.072849,-0.13445,0.25987,-0.12256,0.065542,0.2304,-0.1007,-0.22479,0.34905,0.43408,-8.6452e-5,0.027197,0.57215,-0.074316,-0.056591,-0.010626,-0.045698,-0.52379,-0.12372,0.018621,-0.18583,0.053395,0.17708,0.13292,0.25786,0.21661,0.46304,-0.036502,0.26342,-0.018334,-0.43014,0.27517,0.33149,0.16515,0.012203,0.019915,-0.049472,-0.5028,0.27219,0.010842,-0.26962,0.17652,0.2648,0.47532,0.026465,0.45765,-0.48279,-0.0022228,-0.17708,0.29211,-0.12014,-0.31114000000000003,-0.12697,-0.16012,0.12262,-0.042934,-0.29821,-0.54794,-0.44251,-0.069117,-0.012145,0.23603,0.36371,-0.25126,0.02009,0.42826,-0.12274,-0.30183,-0.038884,0.021269,0.090898,0.22799,-0.11158,0.24306,-0.0093912,0.10483,-0.20778,-0.57474,-0.0075618,0.9033,0.030961,0.26411,0.087014,-0.011808,-0.1554,0.26708,-0.48524,-0.23529,-0.17001,-0.18257,-0.39972,-0.047525,0.25646,0.057343,0.029791,0.041725,-0.175,0.11839,-0.10661,-0.028093,0.33888,-0.27267,0.15322,0.65589,0.45073,0.26171,-0.016251,-0.01965,-0.078428,0.019214,0.044608,0.22377,-0.23558,0.30938,0.15421,-0.048662,0.022533,0.16101,-0.27819,0.015118,-0.06064,-0.053951,0.13806,0.039224,0.056553,0.011543,0.047995,-0.18902,-0.16722,0.021526,-0.067057,0.089308,0.048979,0.16879,-0.19422,0.32746,-0.12883,-0.079278,-0.42464,-0.21097,-0.65513,0.1799,-0.46708,-0.17644,0.036433,-0.12554,0.2677,0.71135,0.22555,-0.01673,-0.28709,-0.017266,-0.10356,0.45417,0.094462,0.37944,0.032971,-0.36423,0.24348,-0.45576,-0.055511,-0.41404,-0.13617,0.13748,-0.077082,-0.18343,0.10483,0.43428,0.38591,0.27966,0.16647,-0.20258,0.1542,0.025425,0.23768,0.11054,0.16002,-0.28405,0.2318,-0.26958,-0.21298,-0.09948,0.69459,0.17897,0.1418,0.10944,0.36054,-0.14867,0.36974,0.69679,-0.24361,-0.32211,0.07188,-0.082915,-0.031828,0.13166,-0.15584,-0.19177,0.086247,0.17212,0.17721,0.01905,0.34487,-0.029565,-0.17458,-0.016015,0.035776,-0.1418,-0.083843,0.15666,0.15824,-0.19158,-0.22599,0.25476,0.34749,-0.18993,0.32171,-0.050739,-0.36741,-0.071681,-0.023296999999999998,-0.068302,0.16726,0.28224,0.027345,0.65745,0.065198,-0.32363,-0.24239,0.0093554,0.20077,0.14041,-0.1572,0.3183,0.060626,-0.089438,0.50577,-0.34929,0.30465,0.45942,-0.02563,-0.10395,-0.02131,-0.1345,-0.036117
ru,salary,-0.032004,-0.092647,0.054706,-0.14176,-0.33822,0.17195,-0.11655,0.29657,0.33579,-0.44624,0.58384,0.0052868,0.15429,0.015127,0.67175,-0.15967,-0.19081,0.039584,0.35365,0.19353,0.60318,0.31851,-0.43643,0.35713,0.26703,-0.33664,-0.13503,-0.072548,-0.40638,-0.097259,-0.40136,-0.1073,-0.086769,-0.21542,0.04002,0.10153,-0.083904,0.17253,0.49848,0.18667,0.07174,-0.56631,-0.46307,-0.68472,-0.21234,0.13504,-0.076673,-0.58986,0.28853,0.34771,0.13947,0.08279,0.01396,-0.10733,0.6654,0.62203,0.011008,0.36328,0.53549,-0.7249,0.1734,-0.49782,0.43598,0.40829,0.09005,-0.17816,-0.075249,0.47619,0.20243,-0.1168,-0.30572,-0.0021747,-0.58126,-0.082302,-0.084353,0.40875,-0.34614,0.20977,0.28964,0.41113,0.085399,0.38579,-0.2234,-0.25622,0.045215,-0.20459,-0.3884,-0.054495,-0.022823,0.23593,-0.17657,0.33789,-0.069399,-0.171,0.25332,-0.040043,0.18086,0.16461,0.22907,-0.33988,-0.048637,0.071803,0.17907,-0.52083,0.40142,-0.21069,0.32307,0.056138,0.13397,0.5849,0.0062079,-0.046941,-0.16441,0.51182,-0.047469,0.65199,-0.018813,-0.031727,-0.40458,-0.23788,-0.17059,-0.030897,0.73776,-0.33561,0.17113,0.088791,0.011972,-0.09265,0.026686,0.25347,0.59175,-0.11103,0.0066806,-0.13291,-0.40277,-0.079802,0.033128,-0.64277,0.18791,0.64998,-0.29975,-0.088966,0.37913,-0.077134,0.23686,-0.1456,0.19391,0.76657,-0.23743,-0.099179,-0.25668,-0.28961,0.27289,-0.12926,-0.1572,0.33318,-0.0095792,-0.43042,0.87605,0.50154,0.40054,0.12545,0.51576,-0.080527,-0.13126,0.033057,-0.54318,-0.26216,0.055552,0.27421,-0.14231,-0.047462,-0.21029,0.17911,0.37109,0.20148,-0.69723,0.4669,0.2055,0.096393,-0.34343,-0.16489,-0.14756,0.078391,0.47699,0.024703,0.25987,0.14494,-0.29375,-0.15309,0.12329,-0.24219,0.1568,0.089081,0.22366,-0.36543,0.12286,0.24447,0.0090175,-0.077085,-0.14842,0.20283,-0.26935,-0.10584,0.1361,-0.44655,-0.019891,-0.056273,0.38289,0.30845,0.094148,-0.24141,0.21906,0.11427,-0.23236,0.39124,-0.27263,-0.22199,0.24227,-0.29336,-0.062595,-0.42069,0.34017,-0.15372,-0.069305,-0.035064,0.15763,0.99476,-0.41829,-0.31572,0.15909,0.07647,0.28073,-0.1651,-0.18546,-0.027914,-0.06169,0.096833,-0.24829,0.56353,-0.59011,0.080078,0.2314,-0.16481,0.096316,0.031958,0.1122,-0.1332,0.1081,0.016431,-0.015468,-0.20854,0.11997,0.1589,0.58419,0.26746,-0.42462,-0.26638,-0.22633,-0.25532,0.047527,-0.89374,0.19067,0.37758,-0.36758,-0.21389,0.0039554,0.027739,0.68013,-0.034973,0.035032,0.1475,-0.42549,0.0014332,-0.068019,8.8739e-4,0.53819,-0.22669,-0.23624,-0.059161,0.16047,-0.14895,-0.56314,-0.05086,0.49395,0.088556,-0.27525,-0.25362,-0.3039,-0.066327,-0.17574,0.54387,0.070735,0.36782,0.0033387,0.105,0.0409,-0.42418,0.0025792,0.081481
ru,she,0.10071,0.20254,-0.079712,0.2824,0.10236,-0.056339,0.085678,-0.035039,0.14765,0.14618,0.40125,0.34279,-0.13071,0.47136,-0.19296,-0.22335,-0.19295,-0.30644,0.18871,0.38041,-0.018747,0.1816,-0.18888,-0.17638,-0.054192,-0.11592,0.10449,-7.5459e-4,0.13926,-0.037641,0.17895,-0.074325,-0.16038,-0.25104,0.2407,0.44824,0.01754,-0.24014,0.21852,0.2735,0.10586,-0.15659,-0.097953,-0.17538,0.0025116,-0.075148,-0.022739,0.11157,-0.05911,-0.022824,-0.11442,-0.071775,-0.092786,-0.067756,0.2069,0.32071,-0.22881,0.0071051,-0.32083,0.18963,0.48325,-0.1405,-0.19943,0.24579,-0.077732,-0.036785,0.21371,0.4066,0.040566,0.022535,0.256,0.082271,0.018249,0.23723,-0.22669,0.037543,-0.094771,-0.025603,0.24426,0.23082,0.23163,0.13973,-0.13986,-0.26318,-0.037891,-0.20892,-0.022532,-0.10158,-0.056381,-0.088895,-0.071987,-0.30362,0.0091136,-0.15465,0.0048698,0.15408,-0.15868,-0.11902,0.27478,0.10131,-0.14576,-9.2956e-4,-0.017043,-0.1694,0.03507,0.142,-0.011815,-0.36339,0.15157,0.035212,0.12155,-0.19642,-0.10207,0.038267,-0.053937,0.3285,-0.075095,0.30338,-0.16688,-0.24069,0.13483,0.001839,-0.11498,0.041202,0.040926,-0.12422,0.076445,-0.11566,0.27421,0.1323,0.16811,0.14003,-0.091952,-0.17341,-0.11574,0.24859,-0.2052,-0.2162,-0.07153,0.26626,-0.17698,0.062526,0.28444,0.26766,0.022429,-0.0088284,-0.089157,0.19502,0.1414,-0.11299,-0.40154,-0.20879,-0.080143,0.3185,0.067135,0.27165,0.061589,0.0052504,0.33737,0.11383,-0.022512,0.040263,0.078346,-0.17917,-0.033112,0.075321,0.12427,-0.1753,-0.065277,-0.065408,-0.010274,0.036194,0.13302,-0.05638,0.26852,0.10234,-0.039644,0.17772,0.014925,-0.2143,-0.0081796,0.010163,-0.073908,-0.63487,0.2861,0.15598,0.31374,0.17566,0.31663,0.47103,-0.13698,-0.2763,0.1413,-0.11593,0.010748,-0.37382,-0.098389,-0.24231,-0.019509,-0.18794,-0.018096,-0.03381,0.056905,0.36838,-0.20657,0.47093,0.18442,0.085928,-0.055759,0.076111,-0.10516,-0.012306,-0.10995,0.2458,-0.18234,-0.2453,-0.37281,0.087704,-0.042981,0.16206,0.22347,-0.036015,0.11352,-0.048101,-0.14274,0.21973,0.17685,0.14202,0.12905,0.21864,0.070103,0.16364,0.39309,0.19838,-0.071521,0.25429,0.060576,-0.3748,-0.066715,0.053267,-0.2189,-0.081142,-0.0082161,0.30081,-0.053812,0.15474,0.27219,0.11732,0.22209,0.13351,-0.020175,-0.08023,0.038685,-0.11204,-0.17915,0.040433,0.046336,-0.13463,-0.13246,-0.27439,0.12893,0.047642,-0.11756,0.28645,-0.32532,0.07924,-0.18236,-0.063087,0.41164,0.024043,0.10439,0.025637,0.21556,0.15935,-0.19,-0.26706,0.27387,0.0019641,-0.12869,-0.013891,-0.24002,0.35037,-0.16508,0.010166,0.33938,0.094431,-0.23492,-0.20063,-0.0261,-0.11638,0.53379,0.032267,-0.22123,-0.077166,-0.068485,0.082303,-0.28169,0.030367,-0.039905,0.23321
ru,sister,0.44237,0.0098047,-0.1582,-0.14487,0.064832,-0.28342,-0.061964,-0.45486,-0.037351,-0.07171,0.3667,-0.019044,-0.41432,0.26492,0.11083,0.25714,-0.38383,-0.042265,0.15835,-0.022975,0.20276,0.41595,0.11497,0.16768,-0.085469,-0.24738,-0.32654,-0.40219,-0.42331,0.078593,0.06475,0.0056732,-0.12987,-0.20932,0.21185,0.34212,0.18906,-0.37783,0.26398,0.034866,0.25726,-0.31039,-0.63689,-0.31467,-0.49056,-0.1539,0.27372,0.043533,-0.056728,-0.22388,-0.14567,0.3739,-0.73355,0.13327,0.3896,-0.034985,-0.1751,0.14676,-0.49486,0.37705,0.78017,0.4378,-0.21502,0.50731,-0.0031385,-0.32538,0.42508,0.45332,-0.047717,0.021815,0.3276,0.16618,-0.11894,0.15402,-0.026888,-0.11021,-0.37419,-0.029046,0.31225,0.015182,0.31952,-0.2152,-0.44393,-0.047931,0.26506,-0.38746,0.77529,0.22189,0.05308,-0.27139,0.04892,-0.33769,0.40588,0.34812,-0.084515,-0.041793,-0.64396,-0.11405,0.13264,-0.1277,0.024849,-0.36568,-0.15267,-0.69916,0.31122,0.0047558,-0.21584,-0.19356,-0.30101,0.25151,-0.29907,-0.16282,0.027911,0.14529,0.15837,0.28411,0.34982,0.12935,-0.16197,0.086072,0.4529,-0.11194,-0.27896,0.40817,0.0082277,-0.16061,0.1266,0.53092,0.27473,0.033104,0.0684,-0.4932,-0.37701,-0.2631,0.10585,0.13458,0.12478,0.092719,0.24274,0.20085,0.040875,-0.52459,0.12701,0.20465,-0.10776,-0.22268,0.035679,0.51987,0.099669,0.22167,-0.1215,0.3512,0.29821,-0.040602,0.36873,0.41548,-0.042254,0.023213,0.39377,-0.14179,0.37865,0.33917,-0.12496,-0.201,-0.13045,-0.15778,-0.33885,-0.17056,-0.20709,-0.28567,-0.47302,-0.13641,-0.20326,-0.11927,0.075857,0.61734,0.055789,0.025366,0.25559,0.23973,-0.045277,-0.29769,-0.35031,-0.44862,0.28153,-0.1187,0.70434,-0.17656,0.26727,-0.18978,0.27498,-0.063237,-0.28632,-0.10164,-0.19606,-0.73628,-0.086188,-0.61803,0.24817,-0.23067,-0.11765,0.098386,0.55491,0.1545,0.40459,-0.0065817,0.17329,0.20983,0.17519,0.37013,0.27662,-0.024741,-0.54553,0.040934,-0.523,-0.13598,-0.41375,-0.076588,0.065942,0.1603,-0.22153,-0.098719,0.16212,0.21548,-0.18278,0.15909,-0.18025,0.2548,0.52962,-0.17936,0.032544,0.29477,0.23634,0.42388,0.062741,-0.31895,-0.19055,0.40544,-0.16997,0.01909,-0.4485,0.2635,-0.020414,0.27304,0.14611,-0.18627,-0.1883,0.18471,0.34058,0.099594,0.41599,-0.10894,-0.39827,-0.090966,-0.11312,0.084685,-0.0415,-0.063003,-0.094474,-0.24179,-0.090927,-0.29763,-0.203,0.51148,-0.31244,0.30839,-0.3533,0.11769,0.43045,0.54059,-0.35079,0.45936,0.21862,-0.083782,-0.22045,-0.016204,0.47478,-0.19844,0.17615,0.2499,0.057949,0.43443,-0.15442,-0.0047697,0.10609,0.19458,-0.37015,-0.15747,0.225,0.14369,0.20957,0.14481,-0.061629,-0.0067257,0.56721,0.20254,-0.024519,-0.024854,-0.15502,0.32303
ru,son,0.35001,-0.0077524,-0.19116,-0.15841,0.19686,-0.2032,-0.51465,-0.61015,0.27946,-0.19657,-0.23056,0.17362,-0.24253,0.090045,-0.126,0.22131,-0.44669,0.29978,0.27889,0.012629,0.0060261,0.6174,-0.090958,0.28855,-0.18854,-0.13,-0.36533,-0.24873,-0.086483,-0.059994,0.20038,0.2854,-0.12476,-0.16877,0.53897,0.028904,0.23176,-0.26989,0.17974,0.16571,0.083365,-0.1663,-0.4006,-0.31963,-0.43861,-0.17451,0.064012,-0.1622,-0.1154,-0.086693,6.7995e-4,0.10913,-1.125,0.2396,0.17138,0.061338,-0.02237,-0.40608,-0.283,0.31215,0.5649,-0.26915,-0.14272,0.39171,0.063895,-0.25541,0.099377,-0.166,-0.42672,-0.15517,0.47211,-0.22988,-0.039892,-0.041066,-0.17038,-0.14569,-0.45574,-0.20118,0.18249,0.092657,0.14204,-0.024011,-0.15837,0.07925,0.1695,-0.13724,0.57234,0.5157,0.21548,0.11056,-0.084213,-0.072892,0.2649,0.17772,-0.16593,-0.33806,-0.096014,0.22094,0.16102,-0.29719,0.13017,0.061776,0.094122,-0.51192,0.36186,0.13586,-0.31068,-0.15066,-0.037914,0.5438,-0.50582,-0.19522,0.14027,-0.046825,0.11582,0.17299,0.66718,0.0079079,-0.34924,-0.3939,-0.4813,0.047643,-0.13387,0.50426,0.45347,-0.31441,-0.04638,0.62916,0.36976,0.14734,0.014746,-0.19692,0.099074,0.26912,0.23037,0.17316,0.19304,-0.038969,0.04978,-0.060632,0.32938,-0.055699,-0.02648,-0.33964,-0.047916,0.12296,-0.028607,0.38264,0.25755,-0.1009,-0.0019851,0.0070254,0.15034,-0.3012,0.15367,0.26661,-0.27993,0.087911,0.25033,-0.27744,0.12781,0.15934,0.063028,-0.19301,-0.26939,-0.0714,-0.1337,-0.010585,0.01589,-0.1067,-0.33684,-0.52864,-0.14921,-0.31145,0.21201,0.44788,-0.10526,-0.08227,-0.1324,0.41002,0.41281,-1.2181,-0.39614,-0.20205,-0.11992,-0.28691,0.11169,-0.22078,0.058679,0.036122,0.50894,-0.27426,0.21193,-0.18779,-0.2129,-0.47513,0.33169,-0.58051,-0.14715,-0.20541,-0.039592,0.35184,0.2517,0.40859,0.24584,-0.11623,0.1115,-0.20583,0.23587,0.2065,0.064406,-0.3515,-0.38527,0.079937,-0.29542,-0.0042609,-0.43084,0.047854,-0.18809,-0.25468,-0.33579,0.40312,0.56949,-0.15447,0.20636,0.12957,-0.19471,0.15071,0.0086175,-0.26733,-0.21257,0.3152,0.33147,0.34257,-0.30856,-0.40389,-0.077048,0.49467,-0.2199,0.19327,-0.33354,0.27366,-0.48729,-0.25549,0.0025492,-0.2021,0.10734,0.31007,0.071383,-0.20985,0.26537,-0.19852,-0.29346,0.14523,-0.32375,0.027208,-0.084876,0.15545,-0.21446,0.47703,-0.38235,-0.034329,-0.12837,0.13952,-0.30677,0.75223,-0.46644,-0.27849,0.03994,0.25325,-0.41107,0.50651,-0.14397,-0.48612,-0.52273,-0.36217,0.27865,0.37728,0.50321,0.18937,-0.29907,0.065902,-0.31553,-0.022178,-0.48854,0.3385,-0.14215,0.30362,-0.25104,0.06153,0.019954,-0.13127,0.21839,0.28892,0.41843,0.31918,0.099458,-0.1919,-0.42741,0.13875
ru,wedding,-0.15213,-0.089496,-0.28381,0.24486,0.1384,0.17479,-0.096559,-0.43506,0.19847,0.43622,0.11024,0.25519,0.35227,0.24286,-0.084181,0.069517,-0.081124,-0.09073,-0.15866,-0.079616,0.27272,0.3535,0.1981,0.11007,0.29108,-0.13002,0.009045,-0.12086,-0.34513,-0.40423,-0.39726,0.2262,-0.30112,-0.43032,0.3046,0.05428,-0.25784,-0.56562,-0.025461,-0.11177,0.31574,0.0018696,-0.12083,-0.24789,-0.35083,0.027996,-0.1855,-0.33835,-0.10748,-0.11969,0.16864,0.22578,-0.4899,-0.52756,0.6538,0.54089,0.10275,-0.39729,-0.21721,0.33178,0.37164,0.34648,-0.35064,0.53204,-0.099588,0.37337,0.46176,0.23108,-0.072464,-0.38282,-0.36853,0.17974,-0.31086,-0.14586,0.2997,-0.037525,0.1656,0.37019,0.70349,-0.099009,0.05741,-0.016677,-0.4847,-0.40529,0.41032,0.48398,0.41987,0.3158,0.49869,0.071708,-0.11706,0.11689,0.1583,0.18352,0.25964,-0.0064192,-0.014609,0.36684,0.36576,-0.49141,0.15183,-0.1414,0.19615,-0.20266,0.32125,-0.28991,0.033669,0.064377,0.4282,0.2718,-0.56818,0.080816,0.065022,0.42745,-0.01379,0.36597,0.32884,0.1944,0.4582,-0.26547,0.28882,-0.16053,-0.079186,0.23669,0.21008,-0.34241,-0.088474,-0.025874,0.51328,0.27343,0.44597,0.15389,0.31799,-0.14628,-0.35915,-0.11123,-0.14446,-0.16439,0.18489,0.206,0.072442,-0.48687,-0.24989,0.41726,-0.47909,0.080857,0.067037,0.057508,0.17972,-0.33349,0.085768,-0.058788,0.29588,0.10866,0.059928,-7.9044e-4,-0.17483,0.061243,0.26248,0.49936,-0.19857,-0.11894,-0.12138,-0.40795,-0.3579,0.15564,0.2335,-0.20514,-0.33612,-0.24699,-0.52208,0.18582,0.72047,-0.046604,0.65337,0.15148,-9.7225e-4,0.20076,0.10575,-0.078325,0.10381,-0.4089,-0.27754,0.072495,0.0084202,0.025195,0.45298,0.37255,0.12039,-0.12335,0.39714,-0.48964,0.22769,-0.2385,-0.035018,-0.5989,-0.12871,-0.8636,-0.12704,0.027355,-0.24107,0.30971,-0.053281,0.40031,-0.15594,-0.5116,0.11824,0.25126,0.26311,0.066062,-0.29476,-0.8212,-0.47257,0.37919,0.04091,-0.080959,0.062617,0.18524,0.45166,0.19497,0.059636,-0.41608,-0.27838,-0.22788,-0.015074,0.1621,-0.18545,0.40337,0.6522,0.080762,-0.31779,0.38748,0.026045,0.72414,-0.1435,0.048556,0.31689,0.38917,-0.17968,0.3633,-0.3543,0.29943,-0.24048,0.12627,0.17027,-0.37261,-0.27252,-0.2035,-0.32253,-0.4082,-0.17442,-0.30609,-0.22291,0.095549,0.0070978,0.30349,-0.21385,-0.040064,0.28513,0.48227,-0.3022,-0.3121,-0.23242,0.93134,0.20079,0.28542,-0.58613,-0.058933,0.3376,0.27072,-0.276,0.03544,-0.046372,0.2011,-0.4102,-0.075722,0.25342,-0.19691,-0.30429,0.037641,0.42639,0.71169,-0.19453,-0.26235,0.7058,0.023376,-0.38217,-0.3207,-0.15287,0.1737,-0.27266,0.28981,-0.08638,0.24411,0.48548,0.34384,-0.27652,0.11855,-0.21158,0.46485
ru,woman,0.26835,0.044353,-0.38895,0.15006,0.19524,0.2659,0.083637,-0.45791,0.10394,-0.19108,0.22884,0.33014,0.040573,-0.017134,-0.3517,0.013921,0.20771,-0.098806,-0.064996,0.013285,0.52972,0.4565,-0.13747,0.096472,0.3075,0.041424,-0.1309,0.057953,-0.44681,-0.19925,0.24784,0.45755,-0.062069,-0.26458,0.086232,0.25949,0.13504,-0.3341,0.032362,0.074297,0.3294,0.058993,-0.2309,-0.59917,0.15917,-0.28557,-0.1011,0.14181,0.3313,-0.31162,0.059802,-0.010771,-0.53763,0.37938,0.1856,0.22366,-0.19891,-0.21246,0.037304,0.24523,0.8758,0.025727,-0.16063,0.32332,0.32931,0.10532,0.31247,0.15067,0.097572,-0.61196,-0.11084,0.13658,-0.068256,0.27051,-0.054437,0.069473,-0.09909,-0.5143,0.33303,-0.2873,0.4668,-0.0028029,0.0019908,0.25067,0.0098946,0.13507,0.41982,0.08804,-0.012416,-0.10521,-0.20828,-0.18121,-0.12414,0.057209,0.079596,0.25552,-0.20477,0.30795,0.30846,-0.13973,-0.12313,0.0023923,0.076727,-0.44053,0.19278,-0.0015923,-0.30828,-0.52011,0.0030868,-0.10291,-0.46006,-0.14797,0.24151,-0.10802,0.25229,0.24463,0.076145,0.2103,-0.42321,0.048932,0.24405,-0.16704,0.4254,-0.13836,-0.2755,-0.24317,-0.11129,-0.11158,0.66511,0.076437,-0.22913,0.17276,-0.087877,-0.012732,-0.043142,-0.16439,-0.018884,-0.23526,0.060526,0.75639,-0.39855,-0.4408,-0.21252,0.093859,-0.25913,0.19308,-0.036201,0.32986,0.21486,-0.12946,-0.37828,-0.14008,0.29757,0.065439,0.47009,0.27313,0.25494,-0.46452,0.38676,0.017018,0.47851,0.4246,-0.18072,-0.34808,0.36592,-0.31089,-0.1259,-0.13452,-0.29918,0.048005,-0.25606,0.026082,-0.33132,0.68639,-0.10589,0.59022,-0.0064965,0.22991,0.091625,-0.16956,-0.065683,0.42407,-0.2745,-0.18652,0.27558,0.23041,-0.46366,0.17316,0.25744,-0.15164,-0.1581,-0.39443,0.25204,-0.088886,-0.25188,-0.76346,-0.74619,-0.4109,0.36092,-0.31537,-0.11275,0.38494,0.23542,0.26744,-0.26918,0.60799,0.64057,0.29764,0.47523,-0.002982,0.30737,0.036004,-0.17582,0.044222,0.3016,-0.31464,-0.48511,0.082593,-0.16755,0.052979,-0.097714,-0.13676,0.049734,-0.0024498,-0.87445,-0.050375,-0.026158,0.2782,-0.346,-0.1283,-0.044463,0.19209,-0.16312,-0.053204,-0.25013,0.17178,0.3548,-0.07111,-0.17258,0.062493,-0.65782,0.52676,-0.32544,0.53571,0.35784,0.29797,0.41953,0.19094,0.23866,0.077321,0.26558,-0.30612,0.16186,-0.37124,0.060897,-0.082463,0.47416,0.0028178,0.18627,-0.049374,-0.097757,-0.19978,0.20565,0.75247,-0.31543,0.30087,-0.088591,0.29848,0.20379,0.21167,0.21423,0.11385,0.16154,0.24136,-0.36441,-0.167,0.29846,-0.19153,-0.1658,-0.11561,-0.46002,0.16536,-0.13534,0.0084194,0.58401,0.11744,-0.57608,-0.090785,-0.20552,-0.011223,-0.26368,0.21341,0.057173,0.17077,0.3828,-0.61745,0.25471,0.022115,0.13914,0.52042
