Language IAT (Subtitles),Language IAT (Subtitles)_1,-0.06130520015525053,0.7973694987975286,-0.020800951813048613,0.9196626246896132,200,TRUE,22,26
Language IAT (Wikipedia),Language IAT (Wikipedia),0.312161825782621,0.12872334231432564,0.36117883651353677,0.06985701585801415,200,TRUE,22,26
Language IAT (Subtitles),Residualized Explicit Bias,-0.06130520015525053,0.7973694987975286,-0.020800951813048613,0.9196626246896132,200,TRUE,22,26
Language IAT (Wikipedia),Residualized Explicit Bias,0.312161825782621,0.12872334231432564,0.3611788365135368,0.06985701585801411,200,TRUE,22,26
Residualized Explicit Bias,Residualized Explicit Bias,1,-0,1,-0,200,TRUE,22,26
Residualized Behavioral IAT,Residualized Explicit Bias,0.07245436895061681,0.7194890107834543,0.20536435547888796,0.3142057668273328,200,TRUE,22,26
Percent Women in STEM,Residualized Explicit Bias,0.08851719495239543,0.68085006476486,0.042241174361287284,0.8376607191901042,200,TRUE,22,26
Median Country Age,Residualized Explicit Bias,-0.13436584500424675,0.5040133310981033,NA,NA,200,TRUE,22,26
Language IAT (Subtitles),Residualized Behavioral IAT,0.5229754382826401,0.017979539652081163,0.443639721926287,0.023196924885377532,200,TRUE,22,26
Language IAT (Wikipedia),Residualized Behavioral IAT,0.455567649490767,0.022106380978285652,0.39410969633899307,0.04634831206003574,200,TRUE,22,26
Residualized Behavioral IAT,Residualized Behavioral IAT,0.07245436895061681,0.7194890107834543,0.20536435547888796,0.3142057668273328,200,TRUE,22,26
Percent Women in STEM,Residualized Behavioral IAT,-0.5683708153154281,0.0037587491418552632,-0.46511428304184665,0.01665531084480001,200,TRUE,22,26
Median Country Age,Residualized Behavioral IAT,0.6331115173444032,3.935336177443472e-4,NA,NA,200,TRUE,22,26
Language IAT (Subtitles),Percent Women in STEM,-0.5518308551892459,0.01758321644474957,-0.4948982057162719,0.010159016264334483,200,TRUE,22,26
Language IAT (Wikipedia),Percent Women in STEM,-0.18830779505592085,0.40133947431865247,-0.10535837718639454,0.6084882313486949,200,TRUE,22,26
Percent Women in STEM,Percent Women in STEM,0.08851719495239543,0.68085006476486,0.042241174361287284,0.8376607191901042,200,TRUE,22,26
Median Country Age,Percent Women in STEM,-0.36927202672502135,0.07575616136491223,NA,NA,200,TRUE,22,26
Median Country Age,Median Country Age,-0.13436584500424675,0.5040133310981033,NA,NA,200,TRUE,22,26
Language IAT (Subtitles),Language IAT (Subtitles),-0.061208515817210186,0.7976827133698002,-0.020951356780408846,0.9190835923531512,250,TRUE,22,26
Language IAT (Wikipedia),Language IAT (Wikipedia),0.31224921212393303,0.12861065781708908,0.36102704784248885,0.06998328665969233,250,TRUE,22,26
Language IAT (Subtitles),Residualized Explicit Bias,-0.061208515817210186,0.7976827133698002,-0.020951356780408843,0.9190835923531513,250,TRUE,22,26
Language IAT (Wikipedia),Residualized Explicit Bias,0.31224921212393303,0.12861065781708908,0.3610270478424888,0.06998328665969247,250,TRUE,22,26
Residualized Explicit Bias,Residualized Explicit Bias,1,-0,1,-0,250,TRUE,22,26
Residualized Behavioral IAT,Residualized Explicit Bias,0.07339646217312645,0.7159893155934371,0.20618763899538567,0.31222707326242327,250,TRUE,22,26
Percent Women in STEM,Residualized Explicit Bias,0.08923603756600249,0.6783930360736513,0.043155511265858475,0.8341940575888185,250,TRUE,22,26
Median Country Age,Residualized Explicit Bias,-0.13359128151094937,0.5064973805934241,NA,NA,250,TRUE,22,26
Language IAT (Subtitles),Residualized Behavioral IAT,0.523030431909476,0.017965296979804604,0.4437454189666267,0.023160258226938124,250,TRUE,22,26
Language IAT (Wikipedia),Residualized Behavioral IAT,0.45575137283711104,0.02204598348463977,0.39440640688906076,0.0461693359305199,250,TRUE,22,26
Residualized Behavioral IAT,Residualized Behavioral IAT,0.07339646217312645,0.7159893155934371,0.20618763899538567,0.31222707326242327,250,TRUE,22,26
Percent Women in STEM,Residualized Behavioral IAT,-0.572486088049464,0.0034614299218450125,-0.4698990376576586,0.015427099215823102,250,TRUE,22,26
Median Country Age,Residualized Behavioral IAT,0.6337646230751242,3.8645528440612377e-4,NA,NA,250,TRUE,22,26
Language IAT (Subtitles),Percent Women in STEM,-0.5518308551892459,0.01758321644474957,-0.4947084267199359,0.010192455883186555,250,TRUE,22,26
Language IAT (Wikipedia),Percent Women in STEM,-0.18830779505592085,0.40133947431865247,-0.105035875434886,0.609592039055486,250,TRUE,22,26
Percent Women in STEM,Percent Women in STEM,0.08923603756600249,0.6783930360736513,0.04315551126585847,0.8341940575888185,250,TRUE,22,26
Median Country Age,Percent Women in STEM,-0.37063320758500823,0.07460025464248136,NA,NA,250,TRUE,22,26
Median Country Age,Median Country Age,-0.13359128151094937,0.5064973805934241,NA,NA,250,TRUE,22,26
Language IAT (Subtitles),Language IAT (Subtitles),-0.06113611213835791,0.7979172888223539,-0.021182470059987406,0.9181939257526729,300,TRUE,22,26
Language IAT (Wikipedia),Language IAT (Wikipedia),0.31231386611752077,0.1285273326681756,0.36079912490853633,0.07017322149583674,300,TRUE,22,26
Language IAT (Subtitles),Residualized Explicit Bias,-0.06113611213835791,0.7979172888223539,-0.021182470059987406,0.9181939257526729,300,TRUE,22,26
Language IAT (Wikipedia),Residualized Explicit Bias,0.31231386611752077,0.1285273326681756,0.36079912490853633,0.07017322149583674,300,TRUE,22,26
Residualized Explicit Bias,Residualized Explicit Bias,1,-0,1,-0,300,TRUE,22,26
Residualized Behavioral IAT,Residualized Explicit Bias,0.07426996901762167,0.7127493999060713,0.20680598499453423,0.31074599493731836,300,TRUE,22,26
Percent Women in STEM,Residualized Explicit Bias,0.09048429717621505,0.6741339993448046,0.04477429678902468,0.8280639447022148,300,TRUE,22,26
Median Country Age,Residualized Explicit Bias,-0.13264846129860952,0.509529165024525,NA,NA,300,TRUE,22,26
Language IAT (Subtitles),Residualized Behavioral IAT,0.5230376537304037,0.017963427287230844,0.4437903257328381,0.023144694172203082,300,TRUE,22,26
Language IAT (Wikipedia),Residualized Behavioral IAT,0.455806025939787,0.02202804258932461,0.39453720478842735,0.04609061158527063,300,TRUE,22,26
Residualized Behavioral IAT,Residualized Behavioral IAT,0.07426996901762167,0.7127493999060713,0.2068059849945342,0.31074599493731836,300,TRUE,22,26
Percent Women in STEM,Residualized Behavioral IAT,-0.5733353378428068,0.003402615491659583,-0.4704618709971132,0.015287658858981545,300,TRUE,22,26
Median Country Age,Residualized Behavioral IAT,0.6344904582083839,3.7871973310907574e-4,NA,NA,300,TRUE,22,26
Language IAT (Subtitles),Percent Women in STEM,-0.5518308551892459,0.01758321644474957,-0.4945847154916248,0.0102143034586069,300,TRUE,22,26
Language IAT (Wikipedia),Percent Women in STEM,-0.18830779505592085,0.40133947431865247,-0.10482465376994049,0.6103154260524902,300,TRUE,22,26
Percent Women in STEM,Percent Women in STEM,0.09048429717621505,0.6741339993448046,0.04477429678902468,0.8280639447022148,300,TRUE,22,26
Median Country Age,Percent Women in STEM,-0.37152444525342226,0.07385070829263048,NA,NA,300,TRUE,22,26
Median Country Age,Median Country Age,-0.13264846129860952,0.509529165024525,NA,NA,300,TRUE,22,26
Language IAT (Subtitles),Language IAT (Subtitles),-0.06108246499389172,0.7980911070899838,-0.021460037126698448,0.9171255628822246,350,TRUE,22,26
Language IAT (Wikipedia),Language IAT (Wikipedia),0.31236983166449567,0.12845523667221104,0.3605370782017351,0.07039208139967587,350,TRUE,22,26
Language IAT (Subtitles),Residualized Explicit Bias,-0.06108246499389172,0.7980911070899838,-0.021460037126698448,0.9171255628822246,350,TRUE,22,26
Language IAT (Wikipedia),Residualized Explicit Bias,0.31236983166449567,0.12845523667221104,0.3605370782017351,0.07039208139967587,350,TRUE,22,26
Residualized Explicit Bias,Residualized Explicit Bias,1,-0,1,-0,350,TRUE,22,26
Residualized Behavioral IAT,Residualized Explicit Bias,0.07789307069370018,0.6993634102206513,0.211119683057036,0.300534710231408,350,TRUE,22,26
Percent Women in STEM,Residualized Explicit Bias,0.08648877804453232,0.687800195318213,0.04057594784452305,0.8439818812274744,350,TRUE,22,26
Median Country Age,Residualized Explicit Bias,-0.13162422096424656,0.5128328419273076,NA,NA,350,TRUE,22,26
Language IAT (Subtitles),Residualized Behavioral IAT,0.5230542031465587,0.01795914331448661,0.4438706731681642,0.023116868074388636,350,TRUE,22,26
Language IAT (Wikipedia),Residualized Behavioral IAT,0.4558486636513352,0.022014054193074194,0.3946884071619092,0.0459997380568581,350,TRUE,22,26
Residualized Behavioral IAT,Residualized Behavioral IAT,0.07789307069370018,0.6993634102206513,0.211119683057036,0.300534710231408,350,TRUE,22,26
Percent Women in STEM,Residualized Behavioral IAT,-0.5778278012815067,0.0031053529210393134,-0.47527437531242767,0.01413721530721585,350,TRUE,22,26
Median Country Age,Residualized Behavioral IAT,0.6356553931092193,3.6658781782120093e-4,NA,NA,350,TRUE,22,26
Language IAT (Subtitles),Percent Women in STEM,-0.5518308551892459,0.01758321644474957,-0.49429401948150564,0.010265794233864499,350,TRUE,22,26
Language IAT (Wikipedia),Percent Women in STEM,-0.18830779505592085,0.40133947431865247,-0.10432517822505732,0.6120274348825219,350,TRUE,22,26
Percent Women in STEM,Percent Women in STEM,0.08648877804453232,0.687800195318213,0.04057594784452305,0.8439818812274744,350,TRUE,22,26
Median Country Age,Percent Women in STEM,-0.3736311063370158,0.0721017286353999,NA,NA,350,TRUE,22,26
Median Country Age,Median Country Age,-0.13162422096424656,0.5128328419273076,NA,NA,350,TRUE,22,26
Language IAT (Subtitles),Language IAT (Subtitles),-0.0776437843846845,0.7520463783341811,-0.04523723509796537,0.8337514853695825,400,TRUE,21,25
Language IAT (Wikipedia),Language IAT (Wikipedia),0.4278320413569755,0.03702131000038168,0.46216634016657093,0.02298070950145567,400,TRUE,21,25
Language IAT (Subtitles),Residualized Explicit Bias,-0.0776437843846845,0.7520463783341811,-0.045237235097965366,0.8337514853695825,400,TRUE,21,25
Language IAT (Wikipedia),Residualized Explicit Bias,0.4278320413569755,0.03702131000038168,0.46216634016657093,0.02298070950145567,400,TRUE,21,25
Residualized Explicit Bias,Residualized Explicit Bias,1,-0,1,-0,400,TRUE,21,25
Residualized Behavioral IAT,Residualized Explicit Bias,0.14959243483680196,0.47541225241676477,0.27640270511880743,0.19105976560954033,400,TRUE,21,25
Percent Women in STEM,Residualized Explicit Bias,0.10925069470761908,0.6284053446559905,0.07409019782252119,0.7307987085722345,400,TRUE,21,25
Median Country Age,Residualized Explicit Bias,-0.10530389681044229,0.6163990760002028,NA,NA,400,TRUE,21,25
Language IAT (Subtitles),Residualized Behavioral IAT,0.6147714630862748,0.005093623122371747,0.5510302156940527,0.005259529956143587,400,TRUE,21,25
Language IAT (Wikipedia),Residualized Behavioral IAT,0.38620219789993543,0.06231232503757318,0.33605294253439916,0.10837859984946074,400,TRUE,21,25
Residualized Behavioral IAT,Residualized Behavioral IAT,0.14959243483680196,0.47541225241676477,0.27640270511880743,0.19105976560954033,400,TRUE,21,25
Percent Women in STEM,Residualized Behavioral IAT,-0.6287430729632131,0.0017232098674283525,-0.532761338765531,0.0073547526645974986,400,TRUE,21,25
Median Country Age,Residualized Behavioral IAT,0.6224117303458172,8.92380813892718e-4,NA,NA,400,TRUE,21,25
Language IAT (Subtitles),Percent Women in STEM,-0.5523143725376044,0.021504716239525115,-0.48532832912844437,0.016216463940275885,400,TRUE,21,25
Language IAT (Wikipedia),Percent Women in STEM,-0.2309265710180079,0.3138689702186154,-0.16599946328039714,0.4382116807293108,400,TRUE,21,25
Percent Women in STEM,Percent Women in STEM,0.10925069470761908,0.6284053446559905,0.07409019782252119,0.7307987085722345,400,TRUE,21,25
Median Country Age,Percent Women in STEM,-0.39457670474584866,0.06917934630945916,NA,NA,400,TRUE,21,25
Median Country Age,Median Country Age,-0.10530389681044229,0.6163990760002028,NA,NA,400,TRUE,21,25
Language IAT (Subtitles),Language IAT (Subtitles),-0.07535322190617987,0.7591520490992117,-0.04204403390873479,0.8453435714737616,450,TRUE,21,25
Language IAT (Wikipedia),Language IAT (Wikipedia),0.42935380509004384,0.03628151841696634,0.4636986542524903,0.02247243119484967,450,TRUE,21,25
Language IAT (Subtitles),Residualized Explicit Bias,-0.07535322190617987,0.7591520490992117,-0.04204403390873478,0.8453435714737616,450,TRUE,21,25
Language IAT (Wikipedia),Residualized Explicit Bias,0.42935380509004384,0.03628151841696634,0.4636986542524903,0.02247243119484967,450,TRUE,21,25
Residualized Explicit Bias,Residualized Explicit Bias,1,-0,1,-0,450,TRUE,21,25
Residualized Behavioral IAT,Residualized Explicit Bias,0.144693742953913,0.49014704876380677,0.2713896567747664,0.19956432685716582,450,TRUE,21,25
Percent Women in STEM,Residualized Explicit Bias,0.11103112947802353,0.6227838992883454,0.07469885304647035,0.7286681858099616,450,TRUE,21,25
Median Country Age,Residualized Explicit Bias,-0.10791003307741255,0.6076500934895523,NA,NA,450,TRUE,21,25
Language IAT (Subtitles),Residualized Behavioral IAT,0.6164195521264552,0.004943592955259883,0.554121219117473,0.004960251660817172,450,TRUE,21,25
Language IAT (Wikipedia),Residualized Behavioral IAT,0.3815765685248098,0.06578775578941436,0.33238807025748535,0.11252684055013767,450,TRUE,21,25
Residualized Behavioral IAT,Residualized Behavioral IAT,0.144693742953913,0.49014704876380677,0.27138965677476634,0.19956432685716588,450,TRUE,21,25
Percent Women in STEM,Residualized Behavioral IAT,-0.6345962994031751,0.0015121381844061972,-0.5391788585866241,0.006551220594551904,450,TRUE,21,25
Median Country Age,Residualized Behavioral IAT,0.6202847705448953,9.403647310357002e-4,NA,NA,450,TRUE,21,25
Language IAT (Subtitles),Percent Women in STEM,-0.5515139090900628,0.02173411082023801,-0.48442776540526294,0.016444888381227585,450,TRUE,21,25
Language IAT (Wikipedia),Percent Women in STEM,-0.22979749007788275,0.3163070339025741,-0.16569654010378904,0.43905973118146624,450,TRUE,21,25
Percent Women in STEM,Percent Women in STEM,0.11103112947802353,0.6227838992883454,0.07469885304647036,0.7286681858099615,450,TRUE,21,25
Median Country Age,Percent Women in STEM,-0.397411700855499,0.06702701199287772,NA,NA,450,TRUE,21,25
Median Country Age,Median Country Age,-0.10791003307741255,0.6076500934895523,NA,NA,450,TRUE,21,25
Language IAT (Subtitles),Language IAT (Subtitles),-0.07883574386808528,0.7558433552157757,-0.04554392666185152,0.8365198473997194,500,TRUE,20,24
Language IAT (Wikipedia),Language IAT (Wikipedia),0.428030709423612,0.0415953388561073,0.4608146214078492,0.02690019702524616,500,TRUE,20,24
Language IAT (Subtitles),Residualized Explicit Bias,-0.07883574386808528,0.7558433552157757,-0.04554392666185152,0.8365198473997194,500,TRUE,20,24
Language IAT (Wikipedia),Residualized Explicit Bias,0.428030709423612,0.0415953388561073,0.4608146214078492,0.02690019702524616,500,TRUE,20,24
Residualized Explicit Bias,Residualized Explicit Bias,1,-0,1,-0,500,TRUE,20,24
Residualized Behavioral IAT,Residualized Explicit Bias,0.14315752193236844,0.5045570003837296,0.2723331104557545,0.2086976076444203,500,TRUE,20,24
Percent Women in STEM,Residualized Explicit Bias,0.10463126601231115,0.6517279322847285,0.061242495269101714,0.7813271098742215,500,TRUE,20,24
Median Country Age,Residualized Explicit Bias,-0.11256509746333028,0.6004977405316905,NA,NA,500,TRUE,20,24
Language IAT (Subtitles),Residualized Behavioral IAT,0.6162827040080713,0.006457578017113111,0.5622925849532177,0.005226524250360049,500,TRUE,20,24
Language IAT (Wikipedia),Residualized Behavioral IAT,0.37708143055655763,0.07611046460672406,0.33595332024854,0.11704984498961725,500,TRUE,20,24
Residualized Behavioral IAT,Residualized Behavioral IAT,0.14315752193236844,0.5045570003837296,0.27233311045575453,0.20869760764442025,500,TRUE,20,24
Percent Women in STEM,Residualized Behavioral IAT,-0.6739561353938216,8.084902393146959e-4,-0.5663434834289557,0.004843091365612062,500,TRUE,20,24
Median Country Age,Residualized Behavioral IAT,0.6180578406479292,0.001288111350258609,NA,NA,500,TRUE,20,24
Language IAT (Subtitles),Percent Women in STEM,-0.6818377159978345,0.003623299983281929,-0.6359697517968591,0.0011072224125577715,500,TRUE,20,24
Language IAT (Wikipedia),Percent Women in STEM,-0.2696968221711808,0.2501743865342466,-0.21023501387829643,0.3356257291931528,500,TRUE,20,24
Percent Women in STEM,Percent Women in STEM,0.10463126601231115,0.6517279322847285,0.061242495269101714,0.7813271098742215,500,TRUE,20,24
Median Country Age,Percent Women in STEM,-0.4455327031871315,0.04295901019539094,NA,NA,500,TRUE,20,24
Median Country Age,Median Country Age,-0.11256509746333028,0.6004977405316905,NA,NA,500,TRUE,20,24
Language IAT (Subtitles),Language IAT (Subtitles),-0.08129645960359712,0.7484519446286239,-0.046314056774457886,0.833792547196424,550,TRUE,20,24
Language IAT (Wikipedia),Language IAT (Wikipedia),0.4263256989524355,0.042503871367852476,0.45974549719501123,0.027302594557386848,550,TRUE,20,24
Language IAT (Subtitles),Residualized Explicit Bias,-0.08129645960359712,0.7484519446286239,-0.046314056774457886,0.833792547196424,550,TRUE,20,24
Language IAT (Wikipedia),Residualized Explicit Bias,0.4263256989524355,0.042503871367852476,0.45974549719501123,0.027302594557386848,550,TRUE,20,24
Residualized Explicit Bias,Residualized Explicit Bias,1,-0,1,-0,550,TRUE,20,24
Residualized Behavioral IAT,Residualized Explicit Bias,0.14103731988018026,0.5109544280046592,0.2740760191106376,0.20568387223009849,550,TRUE,20,24
Percent Women in STEM,Residualized Explicit Bias,0.09730444697082787,0.6747784270880638,0.04912416840131002,0.8238568849826539,550,TRUE,20,24
Median Country Age,Residualized Explicit Bias,-0.11889456810909567,0.580032615262281,NA,NA,550,TRUE,20,24
Language IAT (Subtitles),Residualized Behavioral IAT,0.6163764497189794,0.0064471886829203144,0.5637189101473138,0.005088723385398924,550,TRUE,20,24
Language IAT (Wikipedia),Residualized Behavioral IAT,0.3765140443925255,0.07658909748470503,0.3381687795195556,0.11450428785107915,550,TRUE,20,24
Residualized Behavioral IAT,Residualized Behavioral IAT,0.14103731988018026,0.5109544280046592,0.2740760191106376,0.20568387223009849,550,TRUE,20,24
Percent Women in STEM,Residualized Behavioral IAT,-0.6792534105088696,7.084349892657043e-4,-0.5700684563305579,0.004511569516871088,550,TRUE,20,24
Median Country Age,Residualized Behavioral IAT,0.616284938413888,0.001342377073386396,NA,NA,550,TRUE,20,24
Language IAT (Subtitles),Percent Women in STEM,-0.6846561325339315,0.003433411919956672,-0.639924745535232,0.0010073821399817693,550,TRUE,20,24
Language IAT (Wikipedia),Percent Women in STEM,-0.2773331200375313,0.23648832157307084,-0.2202714950504483,0.3125198956391363,550,TRUE,20,24
Percent Women in STEM,Percent Women in STEM,0.09730444697082787,0.6747784270880638,0.04912416840131003,0.8238568849826539,550,TRUE,20,24
Median Country Age,Percent Women in STEM,-0.4525870986518639,0.03938842419421556,NA,NA,550,TRUE,20,24
Median Country Age,Median Country Age,-0.11889456810909567,0.580032615262281,NA,NA,550,TRUE,20,24
Language IAT (Subtitles),Language IAT (Subtitles),0.1372245024988868,0.5994506996380795,0.13631101055766845,0.5557493631247729,600,TRUE,18,22
Language IAT (Wikipedia),Language IAT (Wikipedia),0.33772278728091004,0.13432283562896993,0.34588078727528976,0.12458203498390767,600,TRUE,18,22
Language IAT (Subtitles),Residualized Explicit Bias,0.1372245024988868,0.5994506996380795,0.13631101055766848,0.5557493631247727,600,TRUE,18,22
Language IAT (Wikipedia),Residualized Explicit Bias,0.33772278728091004,0.13432283562896993,0.34588078727528976,0.12458203498390767,600,TRUE,18,22
Residualized Explicit Bias,Residualized Explicit Bias,1,-0,1,-0,600,TRUE,18,22
Residualized Behavioral IAT,Residualized Explicit Bias,0.36816104869406985,0.09182686887879381,0.4400180548525871,0.0459211156107829,600,TRUE,18,22
Percent Women in STEM,Residualized Explicit Bias,0.0891126018119247,0.716765082622514,0.11095820743089095,0.6320652252916918,600,TRUE,18,22
Median Country Age,Residualized Explicit Bias,0.021192442664722488,0.9254195951756037,NA,NA,600,TRUE,18,22
Language IAT (Subtitles),Residualized Behavioral IAT,0.5726187696149027,0.016289581515535372,0.5423895274182846,0.011077346002295633,600,TRUE,18,22
Language IAT (Wikipedia),Residualized Behavioral IAT,0.5006311474962349,0.020804348876594016,0.4312846665096267,0.05093218755567034,600,TRUE,18,22
Residualized Behavioral IAT,Residualized Behavioral IAT,0.36816104869406985,0.09182686887879381,0.4400180548525871,0.0459211156107829,600,TRUE,18,22
Percent Women in STEM,Residualized Behavioral IAT,-0.6582767224035231,0.0021826262768583835,-0.5422170429443467,0.011108015706503493,600,TRUE,18,22
Median Country Age,Residualized Behavioral IAT,0.5884470894159848,0.003966897506962946,NA,NA,600,TRUE,18,22
Language IAT (Subtitles),Percent Women in STEM,-0.6369624225237047,0.010657991288870138,-0.6061593599581405,0.003582625181498147,600,TRUE,18,22
Language IAT (Wikipedia),Percent Women in STEM,-0.3299872479282218,0.18111361667992357,-0.2358585746280735,0.3033527568709445,600,TRUE,18,22
Percent Women in STEM,Percent Women in STEM,0.0891126018119247,0.716765082622514,0.11095820743089095,0.6320652252916918,600,TRUE,18,22
Median Country Age,Percent Women in STEM,-0.4553848270956607,0.05008258699808174,NA,NA,600,TRUE,18,22
Median Country Age,Median Country Age,0.021192442664722488,0.9254195951756037,NA,NA,600,TRUE,18,22
Language IAT (Subtitles),Language IAT (Subtitles),0.1372245024988868,0.5994506996380795,0.13631101055766845,0.5557493631247729,650,TRUE,18,22
Language IAT (Wikipedia),Language IAT (Wikipedia),0.33772278728091004,0.13432283562896993,0.34588078727528976,0.12458203498390767,650,TRUE,18,22
Language IAT (Subtitles),Residualized Explicit Bias,0.1372245024988868,0.5994506996380795,0.13631101055766848,0.5557493631247727,650,TRUE,18,22
Language IAT (Wikipedia),Residualized Explicit Bias,0.33772278728091004,0.13432283562896993,0.34588078727528976,0.12458203498390767,650,TRUE,18,22
Residualized Explicit Bias,Residualized Explicit Bias,1,-0,1,-0,650,TRUE,18,22
Residualized Behavioral IAT,Residualized Explicit Bias,0.36816104869406985,0.09182686887879381,0.4400180548525871,0.0459211156107829,650,TRUE,18,22
Percent Women in STEM,Residualized Explicit Bias,0.0891126018119247,0.716765082622514,0.11095820743089095,0.6320652252916918,650,TRUE,18,22
Median Country Age,Residualized Explicit Bias,0.021192442664722488,0.9254195951756037,NA,NA,650,TRUE,18,22
Language IAT (Subtitles),Residualized Behavioral IAT,0.5726187696149027,0.016289581515535372,0.5423895274182846,0.011077346002295633,650,TRUE,18,22
Language IAT (Wikipedia),Residualized Behavioral IAT,0.5006311474962349,0.020804348876594016,0.4312846665096267,0.05093218755567034,650,TRUE,18,22
Residualized Behavioral IAT,Residualized Behavioral IAT,0.36816104869406985,0.09182686887879381,0.4400180548525871,0.0459211156107829,650,TRUE,18,22
Percent Women in STEM,Residualized Behavioral IAT,-0.6582767224035231,0.0021826262768583835,-0.5422170429443467,0.011108015706503493,650,TRUE,18,22
Median Country Age,Residualized Behavioral IAT,0.5884470894159848,0.003966897506962946,NA,NA,650,TRUE,18,22
Language IAT (Subtitles),Percent Women in STEM,-0.6369624225237047,0.010657991288870138,-0.6061593599581405,0.003582625181498147,650,TRUE,18,22
Language IAT (Wikipedia),Percent Women in STEM,-0.3299872479282218,0.18111361667992357,-0.2358585746280735,0.3033527568709445,650,TRUE,18,22
Percent Women in STEM,Percent Women in STEM,0.0891126018119247,0.716765082622514,0.11095820743089095,0.6320652252916918,650,TRUE,18,22
Median Country Age,Percent Women in STEM,-0.4553848270956607,0.05008258699808174,NA,NA,650,TRUE,18,22
Median Country Age,Median Country Age,0.021192442664722488,0.9254195951756037,NA,NA,650,TRUE,18,22
Language IAT (Subtitles),Language IAT (Subtitles),0.041167970432250046,0.8841811798910822,0.024019206581453633,0.9246309842869511,700,TRUE,16,19
Language IAT (Wikipedia),Language IAT (Wikipedia),0.3069139201938252,0.2012139447834071,0.30120681442141456,0.22450820123157703,700,TRUE,16,19
Language IAT (Subtitles),Residualized Explicit Bias,0.041167970432250046,0.8841811798910822,0.02401920658145363,0.9246309842869511,700,TRUE,16,19
Language IAT (Wikipedia),Residualized Explicit Bias,0.3069139201938252,0.2012139447834071,0.30120681442141456,0.22450820123157703,700,TRUE,16,19
Residualized Explicit Bias,Residualized Explicit Bias,1,-0,1,-0,700,TRUE,16,19
Residualized Behavioral IAT,Residualized Explicit Bias,0.4015258307229679,0.08838824982386122,0.44981303049120147,0.06107643709856736,700,TRUE,16,19
Percent Women in STEM,Residualized Explicit Bias,0.1299883081980554,0.6313551883014399,0.1973844110446024,0.43240557766026366,700,TRUE,16,19
Median Country Age,Residualized Explicit Bias,0.07021355905657752,0.7751626914087089,NA,NA,700,TRUE,16,19
Language IAT (Subtitles),Residualized Behavioral IAT,0.5365649988045983,0.0391947086901412,0.49467465202805266,0.03688932463427999,700,TRUE,16,19
Language IAT (Wikipedia),Residualized Behavioral IAT,0.5069719778573363,0.02673496477030872,0.41130959860438376,0.08992927981966167,700,TRUE,16,19
Residualized Behavioral IAT,Residualized Behavioral IAT,0.4015258307229679,0.08838824982386122,0.44981303049120147,0.06107643709856736,700,TRUE,16,19
Percent Women in STEM,Residualized Behavioral IAT,-0.6766669420325462,0.0039936132768543615,-0.5297585588122078,0.023749420184441223,700,TRUE,16,19
Median Country Age,Residualized Behavioral IAT,0.5983607155445049,0.006801460750045155,NA,NA,700,TRUE,16,19
Language IAT (Subtitles),Percent Women in STEM,-0.679654206821245,0.010602662337592468,-0.6631512547264575,0.002700731936681178,700,TRUE,16,19
Language IAT (Wikipedia),Percent Women in STEM,-0.4119704063225008,0.11283612136298969,-0.29818434245416775,0.22942271909314457,700,TRUE,16,19
Percent Women in STEM,Percent Women in STEM,0.1299883081980554,0.6313551883014399,0.19738441104460241,0.43240557766026355,700,TRUE,16,19
Median Country Age,Percent Women in STEM,-0.5287928319707996,0.03520498192267983,NA,NA,700,TRUE,16,19
Median Country Age,Median Country Age,0.07021355905657752,0.7751626914087089,NA,NA,700,TRUE,16,19
Language IAT (Subtitles),Language IAT (Subtitles),0.003942069164399498,0.9893289719623265,-0.05239407105539723,0.8417091344708981,750,TRUE,15,18
Language IAT (Wikipedia),Language IAT (Wikipedia),0.31878757700936683,0.19727311599239086,0.2850999052522686,0.2673526354128518,750,TRUE,15,18
Language IAT (Subtitles),Residualized Explicit Bias,0.003942069164399498,0.9893289719623265,-0.052394071055397236,0.841709134470898,750,TRUE,15,18
Language IAT (Wikipedia),Residualized Explicit Bias,0.31878757700936683,0.19727311599239086,0.2850999052522686,0.2673526354128518,750,TRUE,15,18
Residualized Explicit Bias,Residualized Explicit Bias,1,-0,1,-0,750,TRUE,15,18
Residualized Behavioral IAT,Residualized Explicit Bias,0.36579004706456336,0.13548822178569578,0.35117071998382443,0.16693463037786851,750,TRUE,15,18
Percent Women in STEM,Residualized Explicit Bias,0.07849737202777117,0.7726081335056696,0.1993052614951134,0.4431368537456481,750,TRUE,15,18
Median Country Age,Residualized Explicit Bias,0.159009125898222,0.5285526967707963,NA,NA,750,TRUE,15,18
Language IAT (Subtitles),Residualized Behavioral IAT,0.5154496013275776,0.059232556291789584,0.41835057741714815,0.09468353646062512,750,TRUE,15,18
Language IAT (Wikipedia),Residualized Behavioral IAT,0.5089685759762047,0.030992708409025477,0.40253544464701785,0.10917596638998794,750,TRUE,15,18
Residualized Behavioral IAT,Residualized Behavioral IAT,0.36579004706456336,0.13548822178569578,0.3511707199838244,0.16693463037786851,750,TRUE,15,18
Percent Women in STEM,Residualized Behavioral IAT,-0.6824880092527079,0.003578754668124931,-0.5135526033379118,0.03498427523278793,750,TRUE,15,18
Median Country Age,Residualized Behavioral IAT,0.6573833692501213,0.003030012673729405,NA,NA,750,TRUE,15,18
Language IAT (Subtitles),Percent Women in STEM,-0.7163661080624212,0.0058744795608347555,-0.6770721650800684,0.0028309493649338285,750,TRUE,15,18
Language IAT (Wikipedia),Percent Women in STEM,-0.4226580966986716,0.1028917842681335,-0.3009476918283025,0.24048081592583598,750,TRUE,15,18
Percent Women in STEM,Percent Women in STEM,0.07849737202777117,0.7726081335056696,0.1993052614951134,0.4431368537456481,750,TRUE,15,18
Median Country Age,Percent Women in STEM,-0.5443769900059343,0.02924390887293845,NA,NA,750,TRUE,15,18
Median Country Age,Median Country Age,0.159009125898222,0.5285526967707963,NA,NA,750,TRUE,15,18
Language IAT (Subtitles),Language IAT (Subtitles),0.003942069164399498,0.9893289719623265,-0.05239407105539723,0.8417091344708981,800,TRUE,15,18
Language IAT (Wikipedia),Language IAT (Wikipedia),0.31878757700936683,0.19727311599239086,0.2850999052522686,0.2673526354128518,800,TRUE,15,18
Language IAT (Subtitles),Residualized Explicit Bias,0.003942069164399498,0.9893289719623265,-0.052394071055397236,0.841709134470898,800,TRUE,15,18
Language IAT (Wikipedia),Residualized Explicit Bias,0.31878757700936683,0.19727311599239086,0.2850999052522686,0.2673526354128518,800,TRUE,15,18
Residualized Explicit Bias,Residualized Explicit Bias,1,-0,1,-0,800,TRUE,15,18
Residualized Behavioral IAT,Residualized Explicit Bias,0.36579004706456336,0.13548822178569578,0.35117071998382443,0.16693463037786851,800,TRUE,15,18
Percent Women in STEM,Residualized Explicit Bias,0.07849737202777117,0.7726081335056696,0.1993052614951134,0.4431368537456481,800,TRUE,15,18
Median Country Age,Residualized Explicit Bias,0.159009125898222,0.5285526967707963,NA,NA,800,TRUE,15,18
Language IAT (Subtitles),Residualized Behavioral IAT,0.5154496013275776,0.059232556291789584,0.41835057741714815,0.09468353646062512,800,TRUE,15,18
Language IAT (Wikipedia),Residualized Behavioral IAT,0.5089685759762047,0.030992708409025477,0.40253544464701785,0.10917596638998794,800,TRUE,15,18
Residualized Behavioral IAT,Residualized Behavioral IAT,0.36579004706456336,0.13548822178569578,0.3511707199838244,0.16693463037786851,800,TRUE,15,18
Percent Women in STEM,Residualized Behavioral IAT,-0.6824880092527079,0.003578754668124931,-0.5135526033379118,0.03498427523278793,800,TRUE,15,18
Median Country Age,Residualized Behavioral IAT,0.6573833692501213,0.003030012673729405,NA,NA,800,TRUE,15,18
Language IAT (Subtitles),Percent Women in STEM,-0.7163661080624212,0.0058744795608347555,-0.6770721650800684,0.0028309493649338285,800,TRUE,15,18
Language IAT (Wikipedia),Percent Women in STEM,-0.4226580966986716,0.1028917842681335,-0.3009476918283025,0.24048081592583598,800,TRUE,15,18
Percent Women in STEM,Percent Women in STEM,0.07849737202777117,0.7726081335056696,0.1993052614951134,0.4431368537456481,800,TRUE,15,18
Median Country Age,Percent Women in STEM,-0.5443769900059343,0.02924390887293845,NA,NA,800,TRUE,15,18
Median Country Age,Median Country Age,0.159009125898222,0.5285526967707963,NA,NA,800,TRUE,15,18
Language IAT (Subtitles),Language IAT (Subtitles),-0.0174339974660025,0.9571134043297114,-0.1775921626319254,0.5265990394951774,850,TRUE,13,16
Language IAT (Wikipedia),Language IAT (Wikipedia),0.2986752007097376,0.26114847927010043,0.2017097885489232,0.4709667261349477,850,TRUE,13,16
Language IAT (Subtitles),Residualized Explicit Bias,-0.0174339974660025,0.9571134043297114,-0.1775921626319254,0.5265990394951774,850,TRUE,13,16
Language IAT (Wikipedia),Residualized Explicit Bias,0.2986752007097376,0.26114847927010043,0.2017097885489232,0.4709667261349477,850,TRUE,13,16
Residualized Explicit Bias,Residualized Explicit Bias,1,-0,1,-0,850,TRUE,13,16
Residualized Behavioral IAT,Residualized Explicit Bias,0.37801261630524746,0.1488478918773362,0.2792466952406447,0.3134887793897183,850,TRUE,13,16
Percent Women in STEM,Residualized Explicit Bias,0.08500874553282832,0.7632467129725823,0.29130348443573595,0.2921565652936656,850,TRUE,13,16
Median Country Age,Residualized Explicit Bias,0.26554855369040986,0.32020854712060204,NA,NA,850,TRUE,13,16
Language IAT (Subtitles),Residualized Behavioral IAT,0.5152082737719876,0.08648786730704869,0.263240219133263,0.3431582442983674,850,TRUE,13,16
Language IAT (Wikipedia),Residualized Behavioral IAT,0.5230099482162602,0.037636060958544035,0.28716301304405845,0.2993832570332147,850,TRUE,13,16
Residualized Behavioral IAT,Residualized Behavioral IAT,0.37801261630524746,0.1488478918773362,0.2792466952406447,0.3134887793897183,850,TRUE,13,16
Percent Women in STEM,Residualized Behavioral IAT,-0.6821680690004641,0.005084053372882999,-0.48690676936628396,0.0656633951314775,850,TRUE,13,16
Median Country Age,Residualized Behavioral IAT,0.7210402295532791,0.0016218924706309249,NA,NA,850,TRUE,13,16
Language IAT (Subtitles),Percent Women in STEM,-0.7095703856752116,0.009745886335358327,-0.6011921661308031,0.017762861732761905,850,TRUE,13,16
Language IAT (Wikipedia),Percent Women in STEM,-0.4247188571117734,0.1145609350336105,-0.21319439615528224,0.4455222913834459,850,TRUE,13,16
Percent Women in STEM,Percent Women in STEM,0.08500874553282832,0.7632467129725823,0.29130348443573595,0.2921565652936656,850,TRUE,13,16
Median Country Age,Percent Women in STEM,-0.5577178391662325,0.030751497456812743,NA,NA,850,TRUE,13,16
Median Country Age,Median Country Age,0.26554855369040986,0.32020854712060204,NA,NA,850,TRUE,13,16
Language IAT (Subtitles),Language IAT (Subtitles),-0.007191716573290828,0.9832571877875517,-0.043635457558620756,0.8822514501388885,900,TRUE,12,15
Language IAT (Wikipedia),Language IAT (Wikipedia),0.33370593510646945,0.22416000320441198,0.24859046059020024,0.3914494599991235,900,TRUE,12,15
Language IAT (Subtitles),Residualized Explicit Bias,-0.007191716573290828,0.9832571877875517,-0.043635457558620756,0.8822514501388885,900,TRUE,12,15
Language IAT (Wikipedia),Residualized Explicit Bias,0.33370593510646945,0.22416000320441198,0.24859046059020024,0.3914494599991235,900,TRUE,12,15
Residualized Explicit Bias,Residualized Explicit Bias,1,-0,1,-0,900,TRUE,12,15
Residualized Behavioral IAT,Residualized Explicit Bias,0.40937600536520874,0.12970079236396762,0.30021128374568773,0.2970106559038856,900,TRUE,12,15
Percent Women in STEM,Residualized Explicit Bias,0.08741662368855331,0.7663468483003784,0.2758168649371624,0.3398370371603985,900,TRUE,12,15
Median Country Age,Residualized Explicit Bias,0.29246519928772496,0.2901476081549105,NA,NA,900,TRUE,12,15
Language IAT (Subtitles),Residualized Behavioral IAT,0.23374337702236517,0.4890912149501481,0.2116676081602879,0.46756750496433647,900,TRUE,12,15
Language IAT (Wikipedia),Residualized Behavioral IAT,0.4464722998421291,0.09525687505428812,0.26498017530906676,0.35990530426554784,900,TRUE,12,15
Residualized Behavioral IAT,Residualized Behavioral IAT,0.40937600536520874,0.12970079236396762,0.30021128374568773,0.2970106559038856,900,TRUE,12,15
Percent Women in STEM,Residualized Behavioral IAT,-0.6369716278158739,0.014291854528124877,-0.47661344428775027,0.08487930668110327,900,TRUE,12,15
Median Country Age,Residualized Behavioral IAT,0.6802122366201182,0.005262795320497977,NA,NA,900,TRUE,12,15
Language IAT (Subtitles),Percent Women in STEM,-0.47120615514959024,0.14346454903391287,-0.47769724146888204,0.08407311951459978,900,TRUE,12,15
Language IAT (Wikipedia),Percent Women in STEM,-0.31112574385699265,0.2789185004946923,-0.1481302631813485,0.6132913187570372,900,TRUE,12,15
Percent Women in STEM,Percent Women in STEM,0.08741662368855331,0.7663468483003784,0.27581686493716234,0.3398370371603985,900,TRUE,12,15
Median Country Age,Percent Women in STEM,-0.4881796922317092,0.07655134918687277,NA,NA,900,TRUE,12,15
Median Country Age,Median Country Age,0.29246519928772496,0.2901476081549105,NA,NA,900,TRUE,12,15
Language IAT (Subtitles),Language IAT (Subtitles),-0.007192137190815725,0.983256208679126,-0.0335046787518079,0.9134725392949923,950,TRUE,12,14
Language IAT (Wikipedia),Language IAT (Wikipedia),0.2739134904728583,0.34331586039703227,0.25605761505874347,0.39843697583973847,950,TRUE,12,14
Language IAT (Subtitles),Residualized Explicit Bias,-0.007192137190815725,0.983256208679126,-0.0335046787518079,0.9134725392949923,950,TRUE,12,14
Language IAT (Wikipedia),Residualized Explicit Bias,0.2739134904728583,0.34331586039703227,0.25605761505874347,0.39843697583973847,950,TRUE,12,14
Residualized Explicit Bias,Residualized Explicit Bias,1,-0,1,-0,950,TRUE,12,14
Residualized Behavioral IAT,Residualized Explicit Bias,0.3639481487344081,0.2008160272005666,0.30205930719634294,0.31584125335841506,950,TRUE,12,14
Percent Women in STEM,Residualized Explicit Bias,0.13691579355764802,0.6555781201222911,0.279990210352901,0.3541747955822215,950,TRUE,12,14
Median Country Age,Residualized Explicit Bias,0.21601724621532423,0.4582499115859405,NA,NA,950,TRUE,12,14
Language IAT (Subtitles),Residualized Behavioral IAT,0.23373536516098095,0.48910653835410683,0.20370894739886636,0.5044331272315822,950,TRUE,12,14
Language IAT (Wikipedia),Residualized Behavioral IAT,0.23875079593523107,0.4110625520801654,0.20858423786948835,0.49406001487685225,950,TRUE,12,14
Residualized Behavioral IAT,Residualized Behavioral IAT,0.3639481487344081,0.2008160272005666,0.30205930719634294,0.31584125335841506,950,TRUE,12,14
Percent Women in STEM,Residualized Behavioral IAT,-0.6409451212455363,0.018245714525513813,-0.5251150349623184,0.06537197178063692,950,TRUE,12,14
Median Country Age,Residualized Behavioral IAT,0.5122201590341736,0.061120274285038856,NA,NA,950,TRUE,12,14
Language IAT (Subtitles),Percent Women in STEM,-0.47120615514959024,0.14346454903391287,-0.47598870770661905,0.10013612560017511,950,TRUE,12,14
Language IAT (Wikipedia),Percent Women in STEM,-0.2410205960981232,0.4276319793397423,-0.21121882650708,0.4884954378216673,950,TRUE,12,14
Percent Women in STEM,Percent Women in STEM,0.13691579355764802,0.6555781201222911,0.27999021035290106,0.35417479558222115,950,TRUE,12,14
Median Country Age,Percent Women in STEM,-0.4778726528881671,0.0986103673989262,NA,NA,950,TRUE,12,14
Median Country Age,Median Country Age,0.21601724621532423,0.4582499115859405,NA,NA,950,TRUE,12,14
Language IAT (Subtitles),Language IAT (Subtitles),-0.007192137190815725,0.983256208679126,-0.0335046787518079,0.9134725392949923,1000,TRUE,12,14
Language IAT (Wikipedia),Language IAT (Wikipedia),0.2739134904728583,0.34331586039703227,0.25605761505874347,0.39843697583973847,1000,TRUE,12,14
Language IAT (Subtitles),Residualized Explicit Bias,-0.007192137190815725,0.983256208679126,-0.0335046787518079,0.9134725392949923,1000,TRUE,12,14
Language IAT (Wikipedia),Residualized Explicit Bias,0.2739134904728583,0.34331586039703227,0.25605761505874347,0.39843697583973847,1000,TRUE,12,14
Residualized Explicit Bias,Residualized Explicit Bias,1,-0,1,-0,1000,TRUE,12,14
Residualized Behavioral IAT,Residualized Explicit Bias,0.3639481487344081,0.2008160272005666,0.30205930719634294,0.31584125335841506,1000,TRUE,12,14
Percent Women in STEM,Residualized Explicit Bias,0.13691579355764802,0.6555781201222911,0.279990210352901,0.3541747955822215,1000,TRUE,12,14
Median Country Age,Residualized Explicit Bias,0.21601724621532423,0.4582499115859405,NA,NA,1000,TRUE,12,14
Language IAT (Subtitles),Residualized Behavioral IAT,0.23373536516098095,0.48910653835410683,0.20370894739886636,0.5044331272315822,1000,TRUE,12,14
Language IAT (Wikipedia),Residualized Behavioral IAT,0.23875079593523107,0.4110625520801654,0.20858423786948835,0.49406001487685225,1000,TRUE,12,14
Residualized Behavioral IAT,Residualized Behavioral IAT,0.3639481487344081,0.2008160272005666,0.30205930719634294,0.31584125335841506,1000,TRUE,12,14
Percent Women in STEM,Residualized Behavioral IAT,-0.6409451212455363,0.018245714525513813,-0.5251150349623184,0.06537197178063692,1000,TRUE,12,14
Median Country Age,Residualized Behavioral IAT,0.5122201590341736,0.061120274285038856,NA,NA,1000,TRUE,12,14
Language IAT (Subtitles),Percent Women in STEM,-0.47120615514959024,0.14346454903391287,-0.47598870770661905,0.10013612560017511,1000,TRUE,12,14
Language IAT (Wikipedia),Percent Women in STEM,-0.2410205960981232,0.4276319793397423,-0.21121882650708,0.4884954378216673,1000,TRUE,12,14
Percent Women in STEM,Percent Women in STEM,0.13691579355764802,0.6555781201222911,0.27999021035290106,0.35417479558222115,1000,TRUE,12,14
Median Country Age,Percent Women in STEM,-0.4778726528881671,0.0986103673989262,NA,NA,1000,TRUE,12,14
Median Country Age,Median Country Age,0.21601724621532423,0.4582499115859405,NA,NA,1000,TRUE,12,14
Language IAT (Subtitles),Language IAT (Subtitles),-0.06130520015525053,0.7973694987975286,-0.020800951813048613,0.9196626246896132,200,FALSE,22,26
Language IAT (Wikipedia),Language IAT (Wikipedia),0.312161825782621,0.12872334231432564,0.36117883651353677,0.06985701585801415,200,FALSE,22,26
Language IAT (Subtitles),Residualized Explicit Bias,-0.06130520015525053,0.7973694987975286,-0.020800951813048613,0.9196626246896132,200,FALSE,22,26
Language IAT (Wikipedia),Residualized Explicit Bias,0.312161825782621,0.12872334231432564,0.3611788365135368,0.06985701585801411,200,FALSE,22,26
Residualized Explicit Bias,Residualized Explicit Bias,1,-0,1,-0,200,FALSE,22,26
Residualized Behavioral IAT,Residualized Explicit Bias,0.09756939538953835,0.6282769320096011,0.2318306921852391,0.2544604704863268,200,FALSE,22,26
Percent Women in STEM,Residualized Explicit Bias,0.08851719495239543,0.68085006476486,0.042241174361287284,0.8376607191901042,200,FALSE,22,26
Median Country Age,Residualized Explicit Bias,-0.13436584500424675,0.5040133310981033,NA,NA,200,FALSE,22,26
Language IAT (Subtitles),Residualized Behavioral IAT,0.5383113663707995,0.014342916608504853,0.46359959885991775,0.017060443419690347,200,FALSE,22,26
Language IAT (Wikipedia),Residualized Behavioral IAT,0.4645803126521315,0.019297429002326442,0.40492224079965833,0.04016987717375003,200,FALSE,22,26
Residualized Behavioral IAT,Residualized Behavioral IAT,0.09756939538953835,0.6282769320096011,0.2318306921852391,0.2544604704863268,200,FALSE,22,26
Percent Women in STEM,Residualized Behavioral IAT,-0.5864122957705907,0.0025981589582835824,-0.49027683770124886,0.010999762229451879,200,FALSE,22,26
Median Country Age,Residualized Behavioral IAT,0.6179998462105842,5.922821598356627e-4,NA,NA,200,FALSE,22,26
Language IAT (Subtitles),Percent Women in STEM,-0.5518308551892459,0.01758321644474957,-0.4948982057162719,0.010159016264334483,200,FALSE,22,26
Language IAT (Wikipedia),Percent Women in STEM,-0.18830779505592085,0.40133947431865247,-0.10535837718639454,0.6084882313486949,200,FALSE,22,26
Percent Women in STEM,Percent Women in STEM,0.08851719495239543,0.68085006476486,0.042241174361287284,0.8376607191901042,200,FALSE,22,26
Median Country Age,Percent Women in STEM,-0.36927202672502135,0.07575616136491223,NA,NA,200,FALSE,22,26
Median Country Age,Median Country Age,-0.13436584500424675,0.5040133310981033,NA,NA,200,FALSE,22,26
Language IAT (Subtitles),Language IAT (Subtitles),-0.0612707062198542,0.7974812405015713,-0.020825165517048206,0.9195694035414902,250,FALSE,22,26
Language IAT (Wikipedia),Language IAT (Wikipedia),0.3121909663853948,0.12868575762050516,0.3611508087916063,0.06988031853532367,250,FALSE,22,26
Language IAT (Subtitles),Residualized Explicit Bias,-0.0612707062198542,0.7974812405015713,-0.020825165517048206,0.9195694035414902,250,FALSE,22,26
Language IAT (Wikipedia),Residualized Explicit Bias,0.3121909663853948,0.12868575762050516,0.3611508087916063,0.06988031853532367,250,FALSE,22,26
Residualized Explicit Bias,Residualized Explicit Bias,1,-0,1,-0,250,FALSE,22,26
Residualized Behavioral IAT,Residualized Explicit Bias,0.0978454830719974,0.6273003558894475,0.23214825567412867,0.25379201956859104,250,FALSE,22,26
Percent Women in STEM,Residualized Explicit Bias,0.08853955241192919,0.6807735985728823,0.042284167572439586,0.8374976460046166,250,FALSE,22,26
Median Country Age,Residualized Explicit Bias,-0.13417964486947973,0.5046099293951479,NA,NA,250,FALSE,22,26
Language IAT (Subtitles),Residualized Behavioral IAT,0.5383280036026675,0.014339321332399008,0.4636358293050899,0.01705065934670269,250,FALSE,22,26
Language IAT (Wikipedia),Residualized Behavioral IAT,0.4646547968157835,0.019275489507113375,0.4050409362985215,0.04010587882518923,250,FALSE,22,26
Residualized Behavioral IAT,Residualized Behavioral IAT,0.0978454830719974,0.6273003558894475,0.23214825567412864,0.25379201956859115,250,FALSE,22,26
Percent Women in STEM,Residualized Behavioral IAT,-0.5882724886216991,0.0024980675439357225,-0.4925459326119377,0.01058000786387045,250,FALSE,22,26
Median Country Age,Residualized Behavioral IAT,0.6182886133159389,5.877879078953107e-4,NA,NA,250,FALSE,22,26
Language IAT (Subtitles),Percent Women in STEM,-0.5518308551892459,0.01758321644474957,-0.4948381458084653,0.01016958910425347,250,FALSE,22,26
Language IAT (Wikipedia),Percent Women in STEM,-0.18830779505592085,0.40133947431865247,-0.10525651177118743,0.6088367900680166,250,FALSE,22,26
Percent Women in STEM,Percent Women in STEM,0.08853955241192919,0.6807735985728823,0.042284167572439586,0.8374976460046166,250,FALSE,22,26
Median Country Age,Percent Women in STEM,-0.36970202160524807,0.07538955427122988,NA,NA,250,FALSE,22,26
Median Country Age,Median Country Age,-0.13417964486947973,0.5046099293951479,NA,NA,250,FALSE,22,26
Language IAT (Subtitles),Language IAT (Subtitles),-0.06113611213835791,0.7979172888223539,-0.021182470059987406,0.9181939257526729,300,FALSE,22,26
Language IAT (Wikipedia),Language IAT (Wikipedia),0.31231386611752077,0.1285273326681756,0.36079912490853633,0.07017322149583674,300,FALSE,22,26
Language IAT (Subtitles),Residualized Explicit Bias,-0.06113611213835791,0.7979172888223539,-0.021182470059987406,0.9181939257526729,300,FALSE,22,26
Language IAT (Wikipedia),Residualized Explicit Bias,0.31231386611752077,0.1285273326681756,0.36079912490853633,0.07017322149583674,300,FALSE,22,26
Residualized Explicit Bias,Residualized Explicit Bias,1,-0,1,-0,300,FALSE,22,26
Residualized Behavioral IAT,Residualized Explicit Bias,0.09922074303648189,0.6224449431547342,0.23302802606354145,0.25194613780898156,300,FALSE,22,26
Percent Women in STEM,Residualized Explicit Bias,0.09048429717621505,0.6741339993448046,0.04477429678902468,0.8280639447022148,300,FALSE,22,26
Median Country Age,Residualized Explicit Bias,-0.13264846129860952,0.509529165024525,NA,NA,300,FALSE,22,26
Language IAT (Subtitles),Residualized Behavioral IAT,0.5383582679987903,0.014332783110217545,0.4637224009213746,0.017027299226788348,300,FALSE,22,26
Language IAT (Wikipedia),Residualized Behavioral IAT,0.46481676872889327,0.019227850421621336,0.4053221380360101,0.03995458304145797,300,FALSE,22,26
Residualized Behavioral IAT,Residualized Behavioral IAT,0.09922074303648189,0.6224449431547342,0.23302802606354145,0.25194613780898156,300,FALSE,22,26
Percent Women in STEM,Residualized Behavioral IAT,-0.5914124122670882,0.002336545395258723,-0.49567899307151936,0.01002239851239252,300,FALSE,22,26
Median Country Age,Residualized Behavioral IAT,0.6192245244962825,5.734255739817103e-4,NA,NA,300,FALSE,22,26
Language IAT (Subtitles),Percent Women in STEM,-0.5518308551892459,0.01758321644474957,-0.4945847154916248,0.0102143034586069,300,FALSE,22,26
Language IAT (Wikipedia),Percent Women in STEM,-0.18830779505592085,0.40133947431865247,-0.10482465376994049,0.6103154260524902,300,FALSE,22,26
Percent Women in STEM,Percent Women in STEM,0.09048429717621505,0.6741339993448046,0.04477429678902468,0.8280639447022148,300,FALSE,22,26
Median Country Age,Percent Women in STEM,-0.37152444525342226,0.07385070829263048,NA,NA,300,FALSE,22,26
Median Country Age,Median Country Age,-0.13264846129860952,0.509529165024525,NA,NA,300,FALSE,22,26
Language IAT (Subtitles),Language IAT (Subtitles),-0.06108246499389172,0.7980911070899838,-0.021460037126698448,0.9171255628822246,350,FALSE,22,26
Language IAT (Wikipedia),Language IAT (Wikipedia),0.31236983166449567,0.12845523667221104,0.3605370782017351,0.07039208139967587,350,FALSE,22,26
Language IAT (Subtitles),Residualized Explicit Bias,-0.06108246499389172,0.7980911070899838,-0.021460037126698448,0.9171255628822246,350,FALSE,22,26
Language IAT (Wikipedia),Residualized Explicit Bias,0.31236983166449567,0.12845523667221104,0.3605370782017351,0.07039208139967587,350,FALSE,22,26
Residualized Explicit Bias,Residualized Explicit Bias,1,-0,1,-0,350,FALSE,22,26
Residualized Behavioral IAT,Residualized Explicit Bias,0.10244818832294948,0.6111109502726039,0.23694269280825286,0.243839027394051,350,FALSE,22,26
Percent Women in STEM,Residualized Explicit Bias,0.08648877804453232,0.687800195318213,0.04057594784452305,0.8439818812274744,350,FALSE,22,26
Median Country Age,Residualized Explicit Bias,-0.13162422096424656,0.5128328419273076,NA,NA,350,FALSE,22,26
Language IAT (Subtitles),Residualized Behavioral IAT,0.5383720707586251,0.014329802003456906,0.46381766058243645,0.017001625116004667,350,FALSE,22,26
Language IAT (Wikipedia),Residualized Behavioral IAT,0.46485733283367714,0.0192159347645913,0.4054878098569576,0.03986565840234627,350,FALSE,22,26
Residualized Behavioral IAT,Residualized Behavioral IAT,0.10244818832294948,0.6111109502726039,0.2369426928082529,0.24383902739405075,350,FALSE,22,26
Percent Women in STEM,Residualized Behavioral IAT,-0.5954896220408576,0.0021401286359669473,-0.4999228687953633,0.009306306201212207,350,FALSE,22,26
Median Country Age,Residualized Behavioral IAT,0.6207341406884888,5.509041720926767e-4,NA,NA,350,FALSE,22,26
Language IAT (Subtitles),Percent Women in STEM,-0.5518308551892459,0.01758321644474957,-0.49429401948150564,0.010265794233864499,350,FALSE,22,26
Language IAT (Wikipedia),Percent Women in STEM,-0.18830779505592085,0.40133947431865247,-0.10432517822505732,0.6120274348825219,350,FALSE,22,26
Percent Women in STEM,Percent Women in STEM,0.08648877804453232,0.687800195318213,0.04057594784452305,0.8439818812274744,350,FALSE,22,26
Median Country Age,Percent Women in STEM,-0.3736311063370158,0.0721017286353999,NA,NA,350,FALSE,22,26
Median Country Age,Median Country Age,-0.13162422096424656,0.5128328419273076,NA,NA,350,FALSE,22,26
Language IAT (Subtitles),Language IAT (Subtitles),-0.060716745896656446,0.7992762906731384,-0.02006426939446915,0.9241603070053483,400,FALSE,22,26
Language IAT (Wikipedia),Language IAT (Wikipedia),0.3127209680453861,0.1280035643281864,0.3618697308185123,0.07548307496924905,400,FALSE,22,26
Language IAT (Subtitles),Residualized Explicit Bias,-0.060716745896656446,0.7992762906731384,-0.02006426939446915,0.9241603070053483,400,FALSE,22,26
Language IAT (Wikipedia),Residualized Explicit Bias,0.3127209680453861,0.1280035643281864,0.3618697308185123,0.07548307496924905,400,FALSE,22,26
Residualized Explicit Bias,Residualized Explicit Bias,1,-0,1,-0,400,FALSE,22,26
Residualized Behavioral IAT,Residualized Explicit Bias,0.09876486451937952,0.6312184003714731,0.2339102051417978,0.2604303144829978,400,FALSE,22,26
Percent Women in STEM,Residualized Explicit Bias,0.09217410973379793,0.675733420948637,0.04598455573448187,0.8272213330824648,400,FALSE,22,26
Median Country Age,Residualized Explicit Bias,-0.1347084993830682,0.5117594839597781,NA,NA,400,FALSE,22,26
Language IAT (Subtitles),Residualized Behavioral IAT,0.538446580304739,0.014313718120417398,0.46381194190824726,0.01952494423060852,400,FALSE,22,26
Language IAT (Wikipedia),Residualized Behavioral IAT,0.46514601359352925,0.019131308806359246,0.4057129464609128,0.04419939371587884,400,FALSE,22,26
Residualized Behavioral IAT,Residualized Behavioral IAT,0.09876486451937952,0.6312184003714731,0.2339102051417978,0.2604303144829978,400,FALSE,22,26
Percent Women in STEM,Residualized Behavioral IAT,-0.5906860813534877,0.00300083689885572,-0.49565698813909914,0.01174896161622694,400,FALSE,22,26
Median Country Age,Residualized Behavioral IAT,0.6186440729601511,7.547207024086027e-4,NA,NA,400,FALSE,22,26
Language IAT (Subtitles),Percent Women in STEM,-0.5518308551892459,0.01758321644474957,-0.49479629283246795,0.01191873612592054,400,FALSE,22,26
Language IAT (Wikipedia),Percent Women in STEM,-0.18830779505592085,0.40133947431865247,-0.10518541858534314,0.616798038442259,400,FALSE,22,26
Percent Women in STEM,Percent Women in STEM,0.09217410973379793,0.675733420948637,0.04598455573448187,0.8272213330824648,400,FALSE,22,26
Median Country Age,Percent Women in STEM,-0.3700020920686873,0.08224642116555174,NA,NA,400,FALSE,22,26
Median Country Age,Median Country Age,-0.1347084993830682,0.5117594839597781,NA,NA,400,FALSE,22,26
Language IAT (Subtitles),Language IAT (Subtitles),-0.0776437843846845,0.7520463783341811,-0.04523723509796537,0.8337514853695825,450,FALSE,21,25
Language IAT (Wikipedia),Language IAT (Wikipedia),0.4278320413569755,0.03702131000038168,0.46216634016657093,0.02298070950145567,450,FALSE,21,25
Language IAT (Subtitles),Residualized Explicit Bias,-0.0776437843846845,0.7520463783341811,-0.045237235097965366,0.8337514853695825,450,FALSE,21,25
Language IAT (Wikipedia),Residualized Explicit Bias,0.4278320413569755,0.03702131000038168,0.46216634016657093,0.02298070950145567,450,FALSE,21,25
Residualized Explicit Bias,Residualized Explicit Bias,1,-0,1,-0,450,FALSE,21,25
Residualized Behavioral IAT,Residualized Explicit Bias,0.16642988278699525,0.42654648240444004,0.29071288700646075,0.16815767034720724,450,FALSE,21,25
Percent Women in STEM,Residualized Explicit Bias,0.10925069470761908,0.6284053446559905,0.07409019782252119,0.7307987085722345,450,FALSE,21,25
Median Country Age,Residualized Explicit Bias,-0.10530389681044229,0.6163990760002028,NA,NA,450,FALSE,21,25
Language IAT (Subtitles),Residualized Behavioral IAT,0.6148902188828802,0.005082689214239467,0.5496019467480696,0.0054028514205248955,450,FALSE,21,25
Language IAT (Wikipedia),Residualized Behavioral IAT,0.40636657577770924,0.04878299944481524,0.3608658770771693,0.08319797414817079,450,FALSE,21,25
Residualized Behavioral IAT,Residualized Behavioral IAT,0.16642988278699525,0.42654648240444004,0.29071288700646075,0.16815767034720724,450,FALSE,21,25
Percent Women in STEM,Residualized Behavioral IAT,-0.6372259320496052,0.0014247072495085769,-0.5446868559545878,0.0059213396242645015,450,FALSE,21,25
Median Country Age,Residualized Behavioral IAT,0.6051455194039577,0.0013508676345307018,NA,NA,450,FALSE,21,25
Language IAT (Subtitles),Percent Women in STEM,-0.5523143725376044,0.021504716239525115,-0.48532832912844437,0.016216463940275885,450,FALSE,21,25
Language IAT (Wikipedia),Percent Women in STEM,-0.2309265710180079,0.3138689702186154,-0.16599946328039714,0.4382116807293108,450,FALSE,21,25
Percent Women in STEM,Percent Women in STEM,0.10925069470761908,0.6284053446559905,0.07409019782252119,0.7307987085722345,450,FALSE,21,25
Median Country Age,Percent Women in STEM,-0.39457670474584866,0.06917934630945916,NA,NA,450,FALSE,21,25
Median Country Age,Median Country Age,-0.10530389681044229,0.6163990760002028,NA,NA,450,FALSE,21,25
Language IAT (Subtitles),Language IAT (Subtitles),-0.07883574386808528,0.7558433552157757,-0.04554392666185152,0.8365198473997194,500,FALSE,20,24
Language IAT (Wikipedia),Language IAT (Wikipedia),0.428030709423612,0.0415953388561073,0.4608146214078492,0.02690019702524616,500,FALSE,20,24
Language IAT (Subtitles),Residualized Explicit Bias,-0.07883574386808528,0.7558433552157757,-0.04554392666185152,0.8365198473997194,500,FALSE,20,24
Language IAT (Wikipedia),Residualized Explicit Bias,0.428030709423612,0.0415953388561073,0.4608146214078492,0.02690019702524616,500,FALSE,20,24
Residualized Explicit Bias,Residualized Explicit Bias,1,-0,1,-0,500,FALSE,20,24
Residualized Behavioral IAT,Residualized Explicit Bias,0.1602312007758742,0.45450991609412483,0.28664418187760105,0.18481832454190303,500,FALSE,20,24
Percent Women in STEM,Residualized Explicit Bias,0.10463126601231115,0.6517279322847285,0.061242495269101714,0.7813271098742215,500,FALSE,20,24
Median Country Age,Residualized Explicit Bias,-0.11256509746333028,0.6004977405316905,NA,NA,500,FALSE,20,24
Language IAT (Subtitles),Residualized Behavioral IAT,0.6164809027782713,0.006435628664233313,0.5604428160667593,0.005409867857054758,500,FALSE,20,24
Language IAT (Wikipedia),Residualized Behavioral IAT,0.39736673013685675,0.060437388278529285,0.36036907025293374,0.09118295338973412,500,FALSE,20,24
Residualized Behavioral IAT,Residualized Behavioral IAT,0.1602312007758742,0.45450991609412483,0.28664418187760105,0.18481832454190303,500,FALSE,20,24
Percent Women in STEM,Residualized Behavioral IAT,-0.68328642809403,6.395124329818224e-4,-0.5807660368106579,0.0036633593294426955,500,FALSE,20,24
Median Country Age,Residualized Behavioral IAT,0.6002686189158035,0.001927962495910518,NA,NA,500,FALSE,20,24
Language IAT (Subtitles),Percent Women in STEM,-0.6818377159978345,0.003623299983281929,-0.6359697517968591,0.0011072224125577715,500,FALSE,20,24
Language IAT (Wikipedia),Percent Women in STEM,-0.2696968221711808,0.2501743865342466,-0.21023501387829643,0.3356257291931528,500,FALSE,20,24
Percent Women in STEM,Percent Women in STEM,0.10463126601231115,0.6517279322847285,0.061242495269101714,0.7813271098742215,500,FALSE,20,24
Median Country Age,Percent Women in STEM,-0.4455327031871315,0.04295901019539094,NA,NA,500,FALSE,20,24
Median Country Age,Median Country Age,-0.11256509746333028,0.6004977405316905,NA,NA,500,FALSE,20,24
Language IAT (Subtitles),Language IAT (Subtitles),-0.08129645960359712,0.7484519446286239,-0.046314056774457886,0.833792547196424,550,FALSE,20,24
Language IAT (Wikipedia),Language IAT (Wikipedia),0.4263256989524355,0.042503871367852476,0.45974549719501123,0.027302594557386848,550,FALSE,20,24
Language IAT (Subtitles),Residualized Explicit Bias,-0.08129645960359712,0.7484519446286239,-0.046314056774457886,0.833792547196424,550,FALSE,20,24
Language IAT (Wikipedia),Residualized Explicit Bias,0.4263256989524355,0.042503871367852476,0.45974549719501123,0.027302594557386848,550,FALSE,20,24
Residualized Explicit Bias,Residualized Explicit Bias,1,-0,1,-0,550,FALSE,20,24
Residualized Behavioral IAT,Residualized Explicit Bias,0.15860717038495475,0.4591551878361749,0.288758041842159,0.18145713273804928,550,FALSE,20,24
Percent Women in STEM,Residualized Explicit Bias,0.09730444697082787,0.6747784270880638,0.04912416840131002,0.8238568849826539,550,FALSE,20,24
Median Country Age,Residualized Explicit Bias,-0.11889456810909567,0.580032615262281,NA,NA,550,FALSE,20,24
Language IAT (Subtitles),Residualized Behavioral IAT,0.6165434364505523,0.006428715983521894,0.5617632884910355,0.005278447982313103,550,FALSE,20,24
Language IAT (Wikipedia),Residualized Behavioral IAT,0.3972183695023234,0.06054220782318896,0.3629216226497322,0.08874762519373108,550,FALSE,20,24
Residualized Behavioral IAT,Residualized Behavioral IAT,0.15860717038495475,0.4591551878361749,0.288758041842159,0.18145713273804928,550,FALSE,20,24
Percent Women in STEM,Residualized Behavioral IAT,-0.6885497338891866,5.582224577527511e-4,-0.5846919830187852,0.0033877949291756465,550,FALSE,20,24
Median Country Age,Residualized Behavioral IAT,0.5982724746357856,0.00201429261420654,NA,NA,550,FALSE,20,24
Language IAT (Subtitles),Percent Women in STEM,-0.6846561325339315,0.003433411919956672,-0.639924745535232,0.0010073821399817693,550,FALSE,20,24
Language IAT (Wikipedia),Percent Women in STEM,-0.2773331200375313,0.23648832157307084,-0.2202714950504483,0.3125198956391363,550,FALSE,20,24
Percent Women in STEM,Percent Women in STEM,0.09730444697082787,0.6747784270880638,0.04912416840131003,0.8238568849826539,550,FALSE,20,24
Median Country Age,Percent Women in STEM,-0.4525870986518639,0.03938842419421556,NA,NA,550,FALSE,20,24
Median Country Age,Median Country Age,-0.11889456810909567,0.580032615262281,NA,NA,550,FALSE,20,24
Language IAT (Subtitles),Language IAT (Subtitles),0.1371089828852196,0.5997610056423756,0.15536347907419293,0.4899471522022255,600,FALSE,19,23
Language IAT (Wikipedia),Language IAT (Wikipedia),0.3997900237710211,0.06526092042049596,0.42275301183106045,0.049976329349807946,600,FALSE,19,23
Language IAT (Subtitles),Residualized Explicit Bias,0.1371089828852196,0.5997610056423756,0.15536347907419296,0.48994715220222534,600,FALSE,19,23
Language IAT (Wikipedia),Residualized Explicit Bias,0.3997900237710211,0.06526092042049596,0.42275301183106045,0.049976329349807946,600,FALSE,19,23
Residualized Explicit Bias,Residualized Explicit Bias,1,-0,1,-0,600,FALSE,19,23
Residualized Behavioral IAT,Residualized Explicit Bias,0.27296314074082545,0.20760479538494436,0.3743485535023449,0.08608699565335808,600,FALSE,19,23
Percent Women in STEM,Residualized Explicit Bias,0.07985675593491365,0.737874098513155,0.06353254332524502,0.778800032939543,600,FALSE,19,23
Median Country Age,Residualized Explicit Bias,-0.05178600524413898,0.8144695118439724,NA,NA,600,FALSE,19,23
Language IAT (Subtitles),Residualized Behavioral IAT,0.5783046556654619,0.015024227206202978,0.5490404314446485,0.008136829374381694,600,FALSE,19,23
Language IAT (Wikipedia),Residualized Behavioral IAT,0.4483768241820655,0.036357875912587566,0.40117102782090286,0.06425178737399323,600,FALSE,19,23
Residualized Behavioral IAT,Residualized Behavioral IAT,0.27296314074082545,0.20760479538494436,0.37434855350234497,0.086086995653358,600,FALSE,19,23
Percent Women in STEM,Residualized Behavioral IAT,-0.6505638031855878,0.0018965859455647078,-0.5374920846977703,0.009886012068645748,600,FALSE,19,23
Median Country Age,Residualized Behavioral IAT,0.5848251432253186,0.0033787633842888368,NA,NA,600,FALSE,19,23
Language IAT (Subtitles),Percent Women in STEM,-0.6369624225237047,0.010657991288870138,-0.6056178518409693,0.002818098275471029,600,FALSE,19,23
Language IAT (Wikipedia),Percent Women in STEM,-0.31825483624498924,0.18421017834195802,-0.2502732081188825,0.26128562722755055,600,FALSE,19,23
Percent Women in STEM,Percent Women in STEM,0.07985675593491365,0.737874098513155,0.06353254332524502,0.778800032939543,600,FALSE,19,23
Median Country Age,Percent Women in STEM,-0.444654269840264,0.04948749759463308,NA,NA,600,FALSE,19,23
Median Country Age,Median Country Age,-0.05178600524413898,0.8144695118439724,NA,NA,600,FALSE,19,23
Language IAT (Subtitles),Language IAT (Subtitles),0.1372245024988868,0.5994506996380795,0.13631101055766845,0.5557493631247729,650,FALSE,18,22
Language IAT (Wikipedia),Language IAT (Wikipedia),0.33772278728091004,0.13432283562896993,0.34588078727528976,0.12458203498390767,650,FALSE,18,22
Language IAT (Subtitles),Residualized Explicit Bias,0.1372245024988868,0.5994506996380795,0.13631101055766848,0.5557493631247727,650,FALSE,18,22
Language IAT (Wikipedia),Residualized Explicit Bias,0.33772278728091004,0.13432283562896993,0.34588078727528976,0.12458203498390767,650,FALSE,18,22
Residualized Explicit Bias,Residualized Explicit Bias,1,-0,1,-0,650,FALSE,18,22
Residualized Behavioral IAT,Residualized Explicit Bias,0.3708141829457991,0.08933194387239586,0.4374675031646811,0.04734337542761097,650,FALSE,18,22
Percent Women in STEM,Residualized Explicit Bias,0.0891126018119247,0.716765082622514,0.11095820743089095,0.6320652252916918,650,FALSE,18,22
Median Country Age,Residualized Explicit Bias,0.021192442664722488,0.9254195951756037,NA,NA,650,FALSE,18,22
Language IAT (Subtitles),Residualized Behavioral IAT,0.5783073551400276,0.015023645427141274,0.5470581149472575,0.010273060106237995,650,FALSE,18,22
Language IAT (Wikipedia),Residualized Behavioral IAT,0.5120225395789471,0.01764967167036186,0.44550401302508946,0.04297402707681807,650,FALSE,18,22
Residualized Behavioral IAT,Residualized Behavioral IAT,0.3708141829457991,0.08933194387239586,0.43746750316468114,0.047343375427610926,650,FALSE,18,22
Percent Women in STEM,Residualized Behavioral IAT,-0.6621859802053877,0.0020096121023516367,-0.5500466469077593,0.009783712790922109,650,FALSE,18,22
Median Country Age,Residualized Behavioral IAT,0.5722170137767316,0.005389741674157609,NA,NA,650,FALSE,18,22
Language IAT (Subtitles),Percent Women in STEM,-0.6369624225237047,0.010657991288870138,-0.6061593599581405,0.003582625181498147,650,FALSE,18,22
Language IAT (Wikipedia),Percent Women in STEM,-0.3299872479282218,0.18111361667992357,-0.2358585746280735,0.3033527568709445,650,FALSE,18,22
Percent Women in STEM,Percent Women in STEM,0.0891126018119247,0.716765082622514,0.11095820743089095,0.6320652252916918,650,FALSE,18,22
Median Country Age,Percent Women in STEM,-0.4553848270956607,0.05008258699808174,NA,NA,650,FALSE,18,22
Median Country Age,Median Country Age,0.021192442664722488,0.9254195951756037,NA,NA,650,FALSE,18,22
Language IAT (Subtitles),Language IAT (Subtitles),0.041167970432250046,0.8841811798910822,0.024019206581453633,0.9246309842869511,700,FALSE,16,19
Language IAT (Wikipedia),Language IAT (Wikipedia),0.3069139201938252,0.2012139447834071,0.30120681442141456,0.22450820123157703,700,FALSE,16,19
Language IAT (Subtitles),Residualized Explicit Bias,0.041167970432250046,0.8841811798910822,0.02401920658145363,0.9246309842869511,700,FALSE,16,19
Language IAT (Wikipedia),Residualized Explicit Bias,0.3069139201938252,0.2012139447834071,0.30120681442141456,0.22450820123157703,700,FALSE,16,19
Residualized Explicit Bias,Residualized Explicit Bias,1,-0,1,-0,700,FALSE,16,19
Residualized Behavioral IAT,Residualized Explicit Bias,0.40166206066817156,0.08827016596552825,0.44759204227412125,0.06252295737665986,700,FALSE,16,19
Percent Women in STEM,Residualized Explicit Bias,0.1299883081980554,0.6313551883014399,0.1973844110446024,0.43240557766026366,700,FALSE,16,19
Median Country Age,Residualized Explicit Bias,0.07021355905657752,0.7751626914087089,NA,NA,700,FALSE,16,19
Language IAT (Subtitles),Residualized Behavioral IAT,0.5372316895748002,0.03890480016134724,0.4946136954511829,0.03691618950822816,700,FALSE,16,19
Language IAT (Wikipedia),Residualized Behavioral IAT,0.5131482716717517,0.024645249410954386,0.4197886068965929,0.08286110046464279,700,FALSE,16,19
Residualized Behavioral IAT,Residualized Behavioral IAT,0.40166206066817156,0.08827016596552825,0.4475920422741212,0.06252295737665996,700,FALSE,16,19
Percent Women in STEM,Residualized Behavioral IAT,-0.6813246962075791,0.003658755967141605,-0.5386677516261013,0.02108456204390126,700,FALSE,16,19
Median Country Age,Residualized Behavioral IAT,0.5910109779864272,0.0077044733419217165,NA,NA,700,FALSE,16,19
Language IAT (Subtitles),Percent Women in STEM,-0.679654206821245,0.010602662337592468,-0.6631512547264575,0.002700731936681178,700,FALSE,16,19
Language IAT (Wikipedia),Percent Women in STEM,-0.4119704063225008,0.11283612136298969,-0.29818434245416775,0.22942271909314457,700,FALSE,16,19
Percent Women in STEM,Percent Women in STEM,0.1299883081980554,0.6313551883014399,0.19738441104460241,0.43240557766026355,700,FALSE,16,19
Median Country Age,Percent Women in STEM,-0.5287928319707996,0.03520498192267983,NA,NA,700,FALSE,16,19
Median Country Age,Median Country Age,0.07021355905657752,0.7751626914087089,NA,NA,700,FALSE,16,19
Language IAT (Subtitles),Language IAT (Subtitles),0.06152168503387409,0.8275799772993528,0.041056317412456626,0.8715032080201516,750,FALSE,16,19
Language IAT (Wikipedia),Language IAT (Wikipedia),0.3109956880797312,0.19497853576981308,0.30079294772820414,0.22517710036112398,750,FALSE,16,19
Language IAT (Subtitles),Residualized Explicit Bias,0.06152168503387409,0.8275799772993528,0.04105631741245663,0.8715032080201515,750,FALSE,16,19
Language IAT (Wikipedia),Residualized Explicit Bias,0.3109956880797312,0.19497853576981308,0.3007929477282041,0.22517710036112423,750,FALSE,16,19
Residualized Explicit Bias,Residualized Explicit Bias,1,-0,1,-0,750,FALSE,16,19
Residualized Behavioral IAT,Residualized Explicit Bias,0.39566885932889206,0.09357512773952366,0.42928538733986005,0.07543640514361055,750,FALSE,16,19
Percent Women in STEM,Residualized Explicit Bias,0.07853647476963255,0.7724976369977482,0.149294917916093,0.5543453480767597,750,FALSE,16,19
Median Country Age,Residualized Explicit Bias,0.08495117947365811,0.7295075412182397,NA,NA,750,FALSE,16,19
Language IAT (Subtitles),Residualized Behavioral IAT,0.531719770902808,0.04135023354246581,0.48572088280083014,0.04099910595354943,750,FALSE,16,19
Language IAT (Wikipedia),Residualized Behavioral IAT,0.5114367427533397,0.0252110115340243,0.4170670235883138,0.08508399989147421,750,FALSE,16,19
Residualized Behavioral IAT,Residualized Behavioral IAT,0.39566885932889206,0.09357512773952366,0.42928538733986005,0.07543640514361055,750,FALSE,16,19
Percent Women in STEM,Residualized Behavioral IAT,-0.6867048254899298,0.0033004811678838566,-0.5399592568907674,0.020718592415180558,750,FALSE,16,19
Median Country Age,Residualized Behavioral IAT,0.5891455225590174,0.007948518918454151,NA,NA,750,FALSE,16,19
Language IAT (Subtitles),Percent Women in STEM,-0.7163661080624212,0.0058744795608347555,-0.7100990343434482,9.607145911510719e-4,750,FALSE,16,19
Language IAT (Wikipedia),Percent Women in STEM,-0.4226580966986716,0.1028917842681335,-0.3082365699316981,0.21334219384356023,750,FALSE,16,19
Percent Women in STEM,Percent Women in STEM,0.07853647476963255,0.7724976369977482,0.14929491791609303,0.5543453480767598,750,FALSE,16,19
Median Country Age,Percent Women in STEM,-0.5443769900059343,0.02924390887293845,NA,NA,750,FALSE,16,19
Median Country Age,Median Country Age,0.08495117947365811,0.7295075412182397,NA,NA,750,FALSE,16,19
Language IAT (Subtitles),Language IAT (Subtitles),0.003942069164399498,0.9893289719623265,-0.05239407105539723,0.8417091344708981,800,FALSE,15,18
Language IAT (Wikipedia),Language IAT (Wikipedia),0.31878757700936683,0.19727311599239086,0.2850999052522686,0.2673526354128518,800,FALSE,15,18
Language IAT (Subtitles),Residualized Explicit Bias,0.003942069164399498,0.9893289719623265,-0.052394071055397236,0.841709134470898,800,FALSE,15,18
Language IAT (Wikipedia),Residualized Explicit Bias,0.31878757700936683,0.19727311599239086,0.2850999052522686,0.2673526354128518,800,FALSE,15,18
Residualized Explicit Bias,Residualized Explicit Bias,1,-0,1,-0,800,FALSE,15,18
Residualized Behavioral IAT,Residualized Explicit Bias,0.3625938042585067,0.13919734661050537,0.34631064673995876,0.17329283574266965,800,FALSE,15,18
Percent Women in STEM,Residualized Explicit Bias,0.07849737202777117,0.7726081335056696,0.1993052614951134,0.4431368537456481,800,FALSE,15,18
Median Country Age,Residualized Explicit Bias,0.159009125898222,0.5285526967707963,NA,NA,800,FALSE,15,18
Language IAT (Subtitles),Residualized Behavioral IAT,0.5149422980767476,0.05952627812872562,0.4175916885474917,0.09534561365572745,800,FALSE,15,18
Language IAT (Wikipedia),Residualized Behavioral IAT,0.5162721510965137,0.02827629774721004,0.412856154168506,0.09955216260219052,800,FALSE,15,18
Residualized Behavioral IAT,Residualized Behavioral IAT,0.3625938042585067,0.13919734661050537,0.3463106467399588,0.17329283574266957,800,FALSE,15,18
Percent Women in STEM,Residualized Behavioral IAT,-0.6867003273387081,0.0033007684187970118,-0.5210080268520514,0.03199046408384366,800,FALSE,15,18
Median Country Age,Residualized Behavioral IAT,0.65434461079217765,0.0032163205971799647,NA,NA,800,FALSE,15,18
Language IAT (Subtitles),Percent Women in STEM,-0.7163661080624212,0.0058744795608347555,-0.6770721650800684,0.0028309493649338285,800,FALSE,15,18
Language IAT (Wikipedia),Percent Women in STEM,-0.4226580966986716,0.1028917842681335,-0.3009476918283025,0.24048081592583598,800,FALSE,15,18
Percent Women in STEM,Percent Women in STEM,0.07849737202777117,0.7726081335056696,0.1993052614951134,0.4431368537456481,800,FALSE,15,18
Median Country Age,Percent Women in STEM,-0.5443769900059343,0.02924390887293845,NA,NA,800,FALSE,15,18
Median Country Age,Median Country Age,0.159009125898222,0.5285526967707963,NA,NA,800,FALSE,15,18
Language IAT (Subtitles),Language IAT (Subtitles),0.003942069164399498,0.9893289719623265,-0.05239407105539723,0.8417091344708981,850,FALSE,15,18
Language IAT (Wikipedia),Language IAT (Wikipedia),0.31878757700936683,0.19727311599239086,0.2850999052522686,0.2673526354128518,850,FALSE,15,18
Language IAT (Subtitles),Residualized Explicit Bias,0.003942069164399498,0.9893289719623265,-0.052394071055397236,0.841709134470898,850,FALSE,15,18
Language IAT (Wikipedia),Residualized Explicit Bias,0.31878757700936683,0.19727311599239086,0.2850999052522686,0.2673526354128518,850,FALSE,15,18
Residualized Explicit Bias,Residualized Explicit Bias,1,-0,1,-0,850,FALSE,15,18
Residualized Behavioral IAT,Residualized Explicit Bias,0.3625938042585067,0.13919734661050537,0.34631064673995876,0.17329283574266965,850,FALSE,15,18
Percent Women in STEM,Residualized Explicit Bias,0.07849737202777117,0.7726081335056696,0.1993052614951134,0.4431368537456481,850,FALSE,15,18
Median Country Age,Residualized Explicit Bias,0.159009125898222,0.5285526967707963,NA,NA,850,FALSE,15,18
Language IAT (Subtitles),Residualized Behavioral IAT,0.5149422980767476,0.05952627812872562,0.4175916885474917,0.09534561365572745,850,FALSE,15,18
Language IAT (Wikipedia),Residualized Behavioral IAT,0.5162721510965137,0.02827629774721004,0.412856154168506,0.09955216260219052,850,FALSE,15,18
Residualized Behavioral IAT,Residualized Behavioral IAT,0.3625938042585067,0.13919734661050537,0.3463106467399588,0.17329283574266957,850,FALSE,15,18
Percent Women in STEM,Residualized Behavioral IAT,-0.6867003273387081,0.0033007684187970118,-0.5210080268520514,0.03199046408384366,850,FALSE,15,18
Median Country Age,Residualized Behavioral IAT,0.65434461079217765,0.0032163205971799647,NA,NA,850,FALSE,15,18
Language IAT (Subtitles),Percent Women in STEM,-0.7163661080624212,0.0058744795608347555,-0.6770721650800684,0.0028309493649338285,850,FALSE,15,18
Language IAT (Wikipedia),Percent Women in STEM,-0.4226580966986716,0.1028917842681335,-0.3009476918283025,0.24048081592583598,850,FALSE,15,18
Percent Women in STEM,Percent Women in STEM,0.07849737202777117,0.7726081335056696,0.1993052614951134,0.4431368537456481,850,FALSE,15,18
Median Country Age,Percent Women in STEM,-0.5443769900059343,0.02924390887293845,NA,NA,850,FALSE,15,18
Median Country Age,Median Country Age,0.159009125898222,0.5285526967707963,NA,NA,850,FALSE,15,18
Language IAT (Subtitles),Language IAT (Subtitles),-0.007191716573290828,0.9832571877875517,-0.043635457558620756,0.8822514501388885,900,FALSE,12,15
Language IAT (Wikipedia),Language IAT (Wikipedia),0.33370593510646945,0.22416000320441198,0.24859046059020024,0.3914494599991235,900,FALSE,12,15
Language IAT (Subtitles),Residualized Explicit Bias,-0.007191716573290828,0.9832571877875517,-0.043635457558620756,0.8822514501388885,900,FALSE,12,15
Language IAT (Wikipedia),Residualized Explicit Bias,0.33370593510646945,0.22416000320441198,0.24859046059020024,0.3914494599991235,900,FALSE,12,15
Residualized Explicit Bias,Residualized Explicit Bias,1,-0,1,-0,900,FALSE,12,15
Residualized Behavioral IAT,Residualized Explicit Bias,0.4054857968774818,0.1337461534064942,0.29504655691141246,0.3058034141679647,900,FALSE,12,15
Percent Women in STEM,Residualized Explicit Bias,0.08741662368855331,0.7663468483003784,0.2758168649371624,0.3398370371603985,900,FALSE,12,15
Median Country Age,Residualized Explicit Bias,0.29246519928772496,0.2901476081549105,NA,NA,900,FALSE,12,15
Language IAT (Subtitles),Residualized Behavioral IAT,0.22810054913059097,0.4999359525083824,0.20316263145148322,0.48604612797334795,900,FALSE,12,15
Language IAT (Wikipedia),Residualized Behavioral IAT,0.4536218142499904,0.0894458466628221,0.27750264973287775,0.336772363780466,900,FALSE,12,15
Residualized Behavioral IAT,Residualized Behavioral IAT,0.4054857968774818,0.1337461534064942,0.29504655691141246,0.3058034141679647,900,FALSE,12,15
Percent Women in STEM,Residualized Behavioral IAT,-0.6411634847386465,0.01346954010438882,-0.48442708509442334,0.07918708663004509,900,FALSE,12,15
Median Country Age,Residualized Behavioral IAT,0.6721551921515495,0.006052222693172214,NA,NA,900,FALSE,12,15
Language IAT (Subtitles),Percent Women in STEM,-0.47120615514959024,0.14346454903391287,-0.47769724146888204,0.08407311951459978,900,FALSE,12,15
Language IAT (Wikipedia),Percent Women in STEM,-0.31112574385699265,0.2789185004946923,-0.1481302631813485,0.6132913187570372,900,FALSE,12,15
Percent Women in STEM,Percent Women in STEM,0.08741662368855331,0.7663468483003784,0.27581686493716234,0.3398370371603985,900,FALSE,12,15
Median Country Age,Percent Women in STEM,-0.4881796922317092,0.07655134918687277,NA,NA,900,FALSE,12,15
Median Country Age,Median Country Age,0.29246519928772496,0.2901476081549105,NA,NA,900,FALSE,12,15
Language IAT (Subtitles),Language IAT (Subtitles),-0.007191716573290828,0.9832571877875517,-0.043635457558620756,0.8822514501388885,950,FALSE,12,15
Language IAT (Wikipedia),Language IAT (Wikipedia),0.33370593510646945,0.22416000320441198,0.24859046059020024,0.3914494599991235,950,FALSE,12,15
Language IAT (Subtitles),Residualized Explicit Bias,-0.007191716573290828,0.9832571877875517,-0.043635457558620756,0.8822514501388885,950,FALSE,12,15
Language IAT (Wikipedia),Residualized Explicit Bias,0.33370593510646945,0.22416000320441198,0.24859046059020024,0.3914494599991235,950,FALSE,12,15
Residualized Explicit Bias,Residualized Explicit Bias,1,-0,1,-0,950,FALSE,12,15
Residualized Behavioral IAT,Residualized Explicit Bias,0.4054857968774818,0.1337461534064942,0.29504655691141246,0.3058034141679647,950,FALSE,12,15
Percent Women in STEM,Residualized Explicit Bias,0.08741662368855331,0.7663468483003784,0.2758168649371624,0.3398370371603985,950,FALSE,12,15
Median Country Age,Residualized Explicit Bias,0.29246519928772496,0.2901476081549105,NA,NA,950,FALSE,12,15
Language IAT (Subtitles),Residualized Behavioral IAT,0.22810054913059097,0.4999359525083824,0.20316263145148322,0.48604612797334795,950,FALSE,12,15
Language IAT (Wikipedia),Residualized Behavioral IAT,0.4536218142499904,0.0894458466628221,0.27750264973287775,0.336772363780466,950,FALSE,12,15
Residualized Behavioral IAT,Residualized Behavioral IAT,0.4054857968774818,0.1337461534064942,0.29504655691141246,0.3058034141679647,950,FALSE,12,15
Percent Women in STEM,Residualized Behavioral IAT,-0.6411634847386465,0.01346954010438882,-0.48442708509442334,0.07918708663004509,950,FALSE,12,15
Median Country Age,Residualized Behavioral IAT,0.6721551921515495,0.006052222693172214,NA,NA,950,FALSE,12,15
Language IAT (Subtitles),Percent Women in STEM,-0.47120615514959024,0.14346454903391287,-0.47769724146888204,0.08407311951459978,950,FALSE,12,15
Language IAT (Wikipedia),Percent Women in STEM,-0.31112574385699265,0.2789185004946923,-0.1481302631813485,0.6132913187570372,950,FALSE,12,15
Percent Women in STEM,Percent Women in STEM,0.08741662368855331,0.7663468483003784,0.27581686493716234,0.3398370371603985,950,FALSE,12,15
Median Country Age,Percent Women in STEM,-0.4881796922317092,0.07655134918687277,NA,NA,950,FALSE,12,15
Median Country Age,Median Country Age,0.29246519928772496,0.2901476081549105,NA,NA,950,FALSE,12,15
Language IAT (Subtitles),Language IAT (Subtitles),-0.007192137190815725,0.983256208679126,-0.0335046787518079,0.9134725392949923,1000,FALSE,12,14
Language IAT (Wikipedia),Language IAT (Wikipedia),0.2739134904728583,0.34331586039703227,0.25605761505874347,0.39843697583973847,1000,FALSE,12,14
Language IAT (Subtitles),Residualized Explicit Bias,-0.007192137190815725,0.983256208679126,-0.0335046787518079,0.9134725392949923,1000,FALSE,12,14
Language IAT (Wikipedia),Residualized Explicit Bias,0.2739134904728583,0.34331586039703227,0.25605761505874347,0.39843697583973847,1000,FALSE,12,14
Residualized Explicit Bias,Residualized Explicit Bias,1,-0,1,-0,1000,FALSE,12,14
Residualized Behavioral IAT,Residualized Explicit Bias,0.35915642015468796,0.20725452797616403,0.2970063064711224,0.3244040414494651,1000,FALSE,12,14
Percent Women in STEM,Residualized Explicit Bias,0.13691579355764802,0.6555781201222911,0.279990210352901,0.3541747955822215,1000,FALSE,12,14
Median Country Age,Residualized Explicit Bias,0.21601724621532423,0.4582499115859405,NA,NA,1000,FALSE,12,14
Language IAT (Subtitles),Residualized Behavioral IAT,0.22809462824416304,0.4999473863519434,0.19712692046959435,0.5185915160580351,1000,FALSE,12,14
Language IAT (Wikipedia),Residualized Behavioral IAT,0.24894338666881347,0.39075530340994136,0.22040048255671268,0.4693315801112258,1000,FALSE,12,14
Residualized Behavioral IAT,Residualized Behavioral IAT,0.35915642015468796,0.20725452797616403,0.29700630647112236,0.3244040414494651,1000,FALSE,12,14
Percent Women in STEM,Residualized Behavioral IAT,-0.6458717180359963,0.017094972877503126,-0.5348869323162511,0.05963946064977155,1000,FALSE,12,14
Median Country Age,Residualized Behavioral IAT,0.500118468064856,0.06857894124373431,NA,NA,1000,FALSE,12,14
Language IAT (Subtitles),Percent Women in STEM,-0.47120615514959024,0.14346454903391287,-0.47598870770661905,0.10013612560017511,1000,FALSE,12,14
Language IAT (Wikipedia),Percent Women in STEM,-0.2410205960981232,0.4276319793397423,-0.21121882650708,0.4884954378216673,1000,FALSE,12,14
Percent Women in STEM,Percent Women in STEM,0.13691579355764802,0.6555781201222911,0.27999021035290106,0.35417479558222115,1000,FALSE,12,14
Median Country Age,Percent Women in STEM,-0.4778726528881671,0.0986103673989262,NA,NA,1000,FALSE,12,14
Median Country Age,Median Country Age,0.21601724621532423,0.4582499115859405,NA,NA,1000,FALSE,12,14
