language_code,word,gender,V2,V3,V4,V5,V6,V7,V8,V9,V10,V11,V12,V13,V14,V15,V16,V17,V18,V19,V20,V21,V22,V23,V24,V25,V26,V27,V28,V29,V30,V31,V32,V33,V34,V35,V36,V37,V38,V39,V40,V41,V42,V43,V44,V45,V46,V47,V48,V49,V50,V51,V52,V53,V54,V55,V56,V57,V58,V59,V60,V61,V62,V63,V64,V65,V66,V67,V68,V69,V70,V71,V72,V73,V74,V75,V76,V77,V78,V79,V80,V81,V82,V83,V84,V85,V86,V87,V88,V89,V90,V91,V92,V93,V94,V95,V96,V97,V98,V99,V100,V101,V102,V103,V104,V105,V106,V107,V108,V109,V110,V111,V112,V113,V114,V115,V116,V117,V118,V119,V120,V121,V122,V123,V124,V125,V126,V127,V128,V129,V130,V131,V132,V133,V134,V135,V136,V137,V138,V139,V140,V141,V142,V143,V144,V145,V146,V147,V148,V149,V150,V151,V152,V153,V154,V155,V156,V157,V158,V159,V160,V161,V162,V163,V164,V165,V166,V167,V168,V169,V170,V171,V172,V173,V174,V175,V176,V177,V178,V179,V180,V181,V182,V183,V184,V185,V186,V187,V188,V189,V190,V191,V192,V193,V194,V195,V196,V197,V198,V199,V200,V201,V202,V203,V204,V205,V206,V207,V208,V209,V210,V211,V212,V213,V214,V215,V216,V217,V218,V219,V220,V221,V222,V223,V224,V225,V226,V227,V228,V229,V230,V231,V232,V233,V234,V235,V236,V237,V238,V239,V240,V241,V242,V243,V244,V245,V246,V247,V248,V249,V250,V251,V252,V253,V254,V255,V256,V257,V258,V259,V260,V261,V262,V263,V264,V265,V266,V267,V268,V269,V270,V271,V272,V273,V274,V275,V276,V277,V278,V279,V280,V281,V282,V283,V284,V285,V286,V287,V288,V289,V290,V291,V292,V293,V294,V295,V296,V297,V298,V299,V300,V301
zh,artistic,N,0,0,0,0,0,0,0,0,0,0,0,0,0,0,0,0,0,0,0,0,0,0,0,0,0,0,0,0,0,0,0,0,0,0,0,0,0,0,0,0,0,0,0,0,0,0,0,0,0,0,0,0,0,0,0,0,0,0,0,0,0,0,0,0,0,0,0,0,0,0,0,0,0,0,0,0,0,0,0,0,0,0,0,0,0,0,0,0,0,0,0,0,0,0,0,0,0,0,0,0,0,0,0,0,0,0,0,0,0,0,0,0,0,0,0,0,0,0,0,0,0,0,0,0,0,0,0,0,0,0,0,0,0,0,0,0,0,0,0,0,0,0,0,0,0,0,0,0,0,0,0,0,0,0,0,0,0,0,0,0,0,0,0,0,0,0,0,0,0,0,0,0,0,0,0,0,0,0,0,0,0,0,0,0,0,0,0,0,0,0,0,0,0,0,0,0,0,0,0,0,0,0,0,0,0,0,0,0,0,0,0,0,0,0,0,0,0,0,0,0,0,0,0,0,0,0,0,0,0,0,0,0,0,0,0,0,0,0,0,0,0,0,0,0,0,0,0,0,0,0,0,0,0,0,0,0,0,0,0,0,0,0,0,0,0,0,0,0,0,0,0,0,0,0,0,0,0,0,0,0,0,0,0,0,0,0,0,0,0,0,0,0,0,0,0,0,0,0,0,0
zh,boy,N,-0.39371,0.47099,-0.51971,0.15708,1.0959,-0.74467,-0.67105,-0.011309,0.24981,0.040047,0.99901,-0.096692,0.71648,-0.61634,0.13267,-0.62939,0.61542,-0.17924,-0.83307,-0.49003,-0.72797,0.93511,0.99627,-0.092746,0.51566,-0.18369,0.75566,0.37624,0.66715,0.3937,0.32917,-0.98849,-0.72667,-0.33662,-0.83572,0.89153,1.0714,-0.4036,0.26955,1.1235,0.57377,1.0112,0.74752,-0.73095,-0.094904,-0.1428,-0.76914,-0.20821,-0.13778,-0.77857,0.7664,-0.075859,-0.45582,-0.43026,-0.082331,-0.8738,-0.80115,-0.90303,-2.6916,0.23622,0.79116,-0.24788,0.74208,1.0307,0.12081,0.64237,-0.63676,-0.29084,-0.37545,-0.10608,1.2736,-0.57657,0.75178,-0.5803,-0.44461,0.29769,0.11133,-0.70317,-0.32632,-0.90146,-0.45348,0.13525,0.67034,-0.4648,-0.52412,-0.55101,0.024816,0.52653,-0.18251,-0.29141,-0.33895,0.44535,-0.33431,-0.31981,-0.48299,0.86595,0.48303,0.53811,-0.036653,0.32569,0.56169,0.90213,-0.30419,0.89013,-0.54743,0.81196,-0.13657,-0.61465,-0.619,-0.099812,0.1695,-0.51112,-0.13814,0.10626,0.11863,0.40026,-0.31776,0.17021,-0.73213,-0.34814,-0.59882,0.65345,0.39529,0.19874,-0.60873,-0.89527,0.32688,0.51971,-0.84829,0.14549,0.70526,0.12422,-0.67861,0.80274,-1.413,0.45291,-0.21283,0.020782,-0.66276,-0.2338,-0.030873,0.34474,0.88762,-0.92188,-0.8444,0.052228,-1.4395,0.072534,-0.95467,-0.40303,0.21169,0.56377,-0.37796,-0.091461,0.86495,-0.61733,0.30538,-0.39529,-0.28357,0.48846,0.36605,0.38527,-0.27067,-0.20658,-0.054712,0.10687,-0.38262,0.99206,0.39847,0.28144,0.59742,0.5746,0.73114,0.10763,0.19426,0.13761,0.68368,0.71421,-0.03101,-0.25796,0.0057817,-0.2869,0.18312,0.36635,-0.29315,0.67871,0.22832,-0.56982,-0.67953,0.82309,-0.54421,-0.32311,-0.18618,-0.52982,-0.13607,-0.59528,-0.44844,-0.72646,0.11547,0.087656,-0.072553,-0.3756,-0.21173,-0.51634,0.062597,0.30819,0.1494,-0.29897,0.027194,0.27182,-0.74715,0.20513,-0.31813,0.2067,-0.7944,0.16312,0.45495,-0.024145,0.72412,0.17414,-0.54347,0.40981,0.27011,0.10541,-0.56859,0.57815,-0.16354,-0.64367,-0.94868,0.045271,-0.56299,-0.4051,0.029663,-0.35423,0.20641,0.77949,0.21795,-1.0329,-0.086026,-0.40161,0.95395,-0.18343,0.38732,-0.30626,-0.025751,-0.21139,-0.38316,-0.039246,-0.58727,0.17996,-0.56718,-0.12878,-0.69286,0.15946,-0.50795,0.009527,0.13526,0.32599,-1.1276,0.14846,0.40409,-0.10976,-0.061143,0.016155,-0.47494,-0.27163,-0.34637,-0.57897,-1.4682,-0.93874,-0.20403,0.539,0.7925,-0.64409,-0.047913,-0.14353,0.23568,0.64086,0.3236,-0.27851,0.37557,0.79399,-0.027677,0.55504,-0.28147,-0.12237,0.16999,0.25952,-0.5884,0.34709,-0.35822,-1.0012,-0.4196,-0.40677,-0.13256,-0.71209,-0.061512,0.58157,0.84224,-0.0013317
zh,brilliant,N,0.10211,0.69572,-0.43058,0.0014759,0.34272,-0.1784,-0.50121,0.17566,0.44885,-0.23887,0.77929,-0.10844,1.0755,-0.73713,0.13289,-0.34762,0.86311,-0.52694,-1.1283,-0.6067,-0.55788,0.97811,0.87464,0.049157,0.62679,-0.66795,0.69876,0.20465,0.49187,0.42218,0.37391,-0.42463,-0.81063,-0.45972,-0.73581,0.95698,0.92886,-0.21715,-0.018394,1.2715,1.0596,0.79443,0.82393,-0.89989,-0.26815,-0.26087,-0.93728,-0.51424,0.33250999999999997,-1.0893,1.3408,-0.2188,-0.33065,-0.58069,0.27821,-0.33013,-0.89918,-0.93709,-1.9011,0.46207,0.77991,-0.30647,0.46807,0.84946,0.15589,0.54063,-0.73016,-0.49194,-0.19924,-0.14629,1.0004,-0.29468,1.1541,-0.67012,-0.82931,0.55111,-0.13714,-0.63706,-0.65063,-0.70257,-0.46695,0.099935,0.71996,-0.47295,-0.80975,-0.47056,0.25429,0.67801,0.30906,-1.0089,-0.90897,0.83982,-0.21978,0.069025,-0.67328,0.92102,0.42215,0.25417,0.0047316,0.025008,0.43379,0.61023,-0.68851,0.72354,-0.34255,0.27165,0.067784,-0.63351,-0.93505,-0.16833,-0.059072,-0.56214,0.11105,0.23438,0.056158,0.40316,-0.39424,0.276,-0.98037,-0.8353,-0.37285,0.45455,0.24855,-0.16751,-0.52662,-0.27315,0.47747,0.56727,-0.8629,0.3812,0.91909,0.10081,-0.90466,0.95286,-0.76749,0.45157,-0.27744,-0.15204,-0.56494,0.0032515,0.30791,0.75467,0.75022,-0.86317,-0.38557,0.24727,-1.1458,0.29767,-0.66875,-0.11847,0.5232,0.4363,-0.39279,0.47312,0.61902,-0.71766,0.37726,-0.071572,-0.41673,0.3103,0.4478,0.18211,0.30364,0.40308,-0.44277,0.013639,0.25589,0.92087,0.38147,0.10255,0.5978,0.77436,0.92673,-0.13564,-0.053156,-0.079723,0.48727,0.96877,-0.12565,-0.38305,-0.48032,-0.81336,0.075273,0.26451,-0.58146,0.4463,-0.0072642,-0.43889,-0.67314,0.42972,-0.24896,-0.11831,-0.3048,-0.29449,-0.08594,-0.49049,-0.46419,-0.66769,-0.027216,0.41679,0.013702,-0.58378,0.0071855,-0.64707,-0.14435,0.027824,0.6791,-0.43762,-0.16195,0.62302,-0.67168,0.14854,-0.60307,0.86024,-1.1406,0.17302,0.31038,-0.086159,0.66738,0.95377,-0.49017,0.61282,0.27443,-0.076731,-0.91493,0.87706,-0.25854,0.13707,-0.42889,0.06639,-0.39171,-0.22198,0.42532,-0.47771,-0.089244,0.67001,0.3311,-1.0124,-0.1088,-0.37483,0.85158,-0.33698,0.53337,-0.12279,-0.11907,-0.23425,-0.40121,0.15862,-0.61622,0.5081,-0.28845,-0.34218,-1.19,0.20897,-0.24742,0.068101,0.57149,0.74486,-1.2757,-0.54605,0.013492,0.25515,-0.31928,-0.055853,-0.22556,-0.27857,-0.45269,-0.94728,-1.2969,-0.70548,0.022089,0.10224,0.79441,-0.39993,-0.10691,-0.11842,0.065198999999999993,0.48535,0.15205,-0.64799,0.7639,1.3513,-0.12316,0.2835,0.25486,-0.18919,0.068293,0.020069,-1.058,-0.056849,-0.88713,-0.53403,-0.28138,-0.25029,-0.2151,-0.80477,0.73476,0.55285,0.56295,-0.23909
zh,brother,N,0.13855,0.52398,-0.50291,0.06746,0.5136,-0.40425,-0.75524,0.11137,0.21102,-0.284,0.89748000000000006,0.10925,0.82236,-0.85676,0.25278,-0.61258,0.88857,-0.13171,-0.91852,-0.42245,-0.56374,0.92619,0.72642,0.042166,0.58495,-0.46871,0.99984,-0.086298,0.29082,0.37738,0.75566,-0.76349,-0.87621,-0.60569,-0.53289,0.75954,0.69914,-0.24244,0.3168,0.92243,0.62749,0.58722,0.89286,-0.75777,-0.25301,-0.50421,-0.66387,-0.14671,-0.11034,-0.54783,1.04,-0.032065,-0.44647,-0.35085,0.10078,-0.74492,-0.72491,-1.1622,-2.6679,0.39524,0.71632,0.045307,0.45485,1.1019,0.34828,0.73251,-0.58431,-0.66824,-0.38316,-0.21421,1.0323,-0.8707,0.83908,-0.47465,-0.60717,0.3011,0.079473,-0.91577,-0.1691,-0.87306,-0.1333,0.12989,0.72102,-0.35395,-0.61062,-0.73308,0.10775,0.35208,0.029363,-0.70834,-0.53205,0.51634,0.1635,0.18789,-0.65927,0.84278,0.71219,0.3691,-0.06073,-0.13841,0.58735,0.62559,-0.52859,0.85649,-0.52798,0.59975,-0.14758,-0.44419,-0.83088,0.24051,0.27497,-0.70343,0.042099,0.45716,0.40096,0.22799,-0.4067,0.36558,-0.72831,-0.27286,-0.66316,0.47829,0.35569,-0.053445,-0.61893,-0.82339,0.44187,0.50769,-0.46,0.30576,0.6137,-0.081143,-0.96148,0.44764,-0.90475,0.29847,-0.5922,-0.13347,-0.59807,-0.10116,-0.37485,0.62003,0.90162,-1.1951,-1.0139,0.38976,-1.0252,-0.18808,-0.46767,-0.31716,0.18887,0.55035,-0.4317,0.15995,0.70446,-0.67763,-0.23922,-0.54534,-0.044344,0.71083,0.74367,0.52508,0.012895,-0.23899,-0.0089389,0.15691,-0.24941,0.91192,0.10797,0.16195,0.4275,0.49589,0.88463,0.080822,0.13184,-6.7139e-4,0.67359,0.91284,0.04158,-0.21909,-0.20619,-0.69212,0.065774,0.39674,0.0024442,0.87671,-0.04869,-0.65829,-0.56485,0.47788,-0.48277,-0.35901,-0.5213,-0.53588,-0.092932,-0.58755,-0.44124,-0.68961,0.035615,0.13186,-0.15332,-0.17755,0.11759,-0.38144,0.10211,0.27928,0.5359,-0.33325,-0.16744,0.11349,-0.91945,0.10648,-0.62619,0.25444,-0.69509,0.5324,0.40255,-0.40969,1.058,0.36644,-0.27007,0.41733,0.51902,0.1475,-0.47777,0.36375999999999997,-0.2904,-0.39405,-0.58897,0.14482,-0.42373,-0.25469,0.25427,-0.57457,0.13473,0.57338,0.24986,-0.59856,-0.48905,-0.23967,1.1132,-0.439,0.2677,-0.031154,-0.18842,-0.21497,-0.30278,-0.10912,-0.92945,0.078402,-0.42136,-0.093018,-0.6049,-0.027499,-0.4135,-0.020974,0.24913,0.52274,-1.109,0.29721,0.303,0.43788,-0.28731,-0.010351,-0.089841,-0.15508,-0.57603,-0.34467,-1.474,-0.5707,-0.51128,0.61453,0.80013,-0.65244,-0.095997,-0.28175,-0.20099,0.65709,-0.024708,-0.43762,0.60513,0.7308,-0.36204,0.56403,-0.16268,-0.39436,0.33208,0.24368,-1.0313,0.026196,-0.4267,-0.89025,-0.36218,-0.23366,0.33563,-0.68162,0.20382,0.1538,1.1163,-0.11052
zh,business,N,0.10239,0.6286,-0.61216,0.39938,0.63059,-0.11188,-0.45246,0.19613,0.19146,-0.076348,0.4455,0.079788,0.45428,-0.5864,0.18813,-0.41963,1.0161,-0.45842,-0.89729,-0.35647,-0.81192,0.68633,0.91283,-0.16951,0.61238,-0.14649,0.83301,0.18587,0.2979,0.38646,0.81267,-0.68066,-0.54522,-0.43368,-0.29892,0.52592,0.82028,0.0056735,0.27029,0.90418,0.32093,0.92806,0.89296,-1.2019,-0.19937,-0.44075,-0.41473,-0.066077,0.25547,-0.62626,1.2822,-0.27201,-0.35372,-0.16202,0.62484,-0.6964,-0.9468,-0.89497,-2.1667,0.21628,1.0584,-0.18525,0.5896,0.82751,0.18551,0.61404,-0.56381,-0.19043,-0.59443,-0.35451,0.98758,-0.48577,1.1224,-0.3096,-0.32646,0.20494,-0.15857,-0.6679,-0.35132,-0.8708,-0.25114,0.094582,0.63125,-0.76337,-0.47429,-0.76476,0.36568,0.2714,0.44277,-0.6438,-0.69452,0.57492,-0.18889,0.22112,-0.52062,0.97084,0.77909,0.8777,-0.022638,0.10489,0.76939,0.60556,-0.40186,0.67503,-0.47212,0.51494,0.027699,-0.46381,-0.65182,0.23941,0.18396,-0.54553,-0.17236,0.32662,0.18239,0.38167,-0.31668,0.031335,-0.62959,-0.67032,-0.61048,0.63533,0.36106,0.26798,-0.58695,-0.4498,0.72955,0.57847,-0.7152,0.32558,0.69229,0.12716,-0.57443,0.65062,-0.67464,0.45256,-0.1646,0.0036482,-0.4731,0.047374,-0.091111,0.40375,0.48778,-0.96392,-0.29196,0.12079,-1.1764,0.059345,-0.86886,-0.37747000000000003,0.45088,0.24372,-0.70788,0.25799,0.86374,-0.96621,0.15107,-0.37498,-0.015841,0.86712,0.6851,0.40863,-0.017556,-0.2092,0.02018,0.22486,-0.21888,0.95123,0.439,0.19573,0.42729,0.54587,0.76961,0.18966,0.047086,0.18014,0.55319,0.69539,-0.08019,-0.81049,-0.31801,-0.47044,0.18301,-0.12043,-0.16589,0.57514,-0.10887,-0.57068,-0.55033,0.65648,-0.30532,-0.11962,-0.42718,-0.27718,-0.41613,-0.66655,-0.37155,-0.65289,0.18041,0.31284,-0.094467,-0.22788,0.22685,-0.52971,-0.22984,0.4611,0.55273,-0.21083,-0.080027,0.037636,-1.3059,0.071758,-0.49414,0.10905,-0.58494,0.35428,0.43004,-0.30627,0.77498,0.6108,-0.35393,0.96041,0.30541,0.1345,-0.87166,0.75328,-0.31817,-0.60248,-0.75004,0.13054,-0.77269,-0.51398,0.23337,-0.51213,-0.11164,1.2957,0.31689,-0.88103,-0.37584,-0.21649,0.80847,-0.25791,0.64034,-0.38269,-0.11597,0.066933,-0.15977,0.0051103,-0.09466,0.60256,-0.41732,-0.22958,-1.1545,0.069719,-0.09112,0.030401,0.612,0.32869,-1.2873000000000001,0.076395,0.398,0.051508,-0.44108,-0.30993,-0.030753,7.6294e-4,-0.49434,-0.60419,-1.151,-0.75483,-0.085827,0.40778,0.58337,-0.71691,-0.15839,-0.54839,0.068689,0.8154,0.2003,-0.27786,0.82756,1.1046,-0.12887,0.40116,-0.077559,-0.32854,0.19662,-0.011047,-0.98723,-0.30808,-0.61131,-0.7106,-0.14476,-0.14989,0.1228,-0.67743,-0.081768,0.45534,0.71923,0.081709
zh,career,N,0.13846,0.5995,-0.54653,0.18731,0.49008,-0.39035,-0.37325,0.25558,0.072904,-0.52225,0.54984,-0.23398,1.2539,-0.67815,0.25834,-0.59558,0.53279,-0.10449,-0.84689,-0.6374,-0.33196,1.2303,0.58831,-0.04321,0.62406,-0.28333,0.67945,0.18789,0.4328,0.015475,0.80956,-0.57776,-0.69234,-0.31648,-0.79843,0.78617,0.71988,-0.29729,0.02624,1.1538,0.71605,0.58573,0.66875,-0.90292,-0.19929,-0.32463,-0.82464,-0.26859,0.011963,-0.69363,1.5671,-0.37083,-0.32124,-0.1892,0.15475,-0.71026,-1.3199,-1.2088,-1.8084,0.51068,0.65988,0.08726,0.52241,0.94429,0.1188,0.79235,-0.59532,-0.80885,-0.41532,-0.10686,1.222,-0.32892,1.0456,-0.34998,-0.91422,0.52751,-0.32774,-0.72627,-0.27922,-0.82317,0.042059,0.09706,0.60759,-0.46065,-0.77446,-0.99033,0.28046,0.30016,0.25648,-0.97105,-0.62649,0.67842,-0.18742,0.049882,-0.60965,0.88047,0.53896,0.35896,-0.13841,-0.079923,0.70931,0.57112,-0.42211,0.76679,-0.64897,0.19956,0.019924,-0.78227,-0.62401,-0.14691,-0.28635,-0.55646,0.24675,0.074668,0.0069747,0.22677,-0.45291,0.26809,-0.79391,-0.56965,-0.31305,0.46871,0.041546,0.36904,-0.61232,-0.43328,0.44222,0.25676,-1.2028,0.49251,1.0748,-0.048007,-0.77068,1.1289,-0.38308,0.040871,-0.24945,0.086992,-0.41162,-0.09638,0.071829,0.67537,0.6229,-0.99589,-0.60793,0.37567,-1.2063,0.032242,-0.56603,-0.17895,0.34127,0.36649,-0.069652,0.39454,0.59052,-0.77708,0.2581,-0.31112,-0.32317,0.1213,0.39489,0.41563,0.0076017,-0.12741,-0.085177,0.27135,-0.019418,1.0111,0.43549,0.093939,0.41062,0.27159,1.0845,0.12189,-0.098946,-0.20352,0.53773,1.0933,-0.15246,-0.31569,-0.38032,-0.54036,0.30321,0.24893,-0.047608,0.49958,-0.15106,-0.25029,-0.24835,0.41789,-0.039534,-0.022361,-0.32258,-0.41045,-0.0729,-0.59069,-0.25282,-0.73929,0.11605,0.45999,-0.15621,-0.54661,0.038369,-0.5602,-0.16968,0.013084,0.51242,-0.54408,-0.40549,0.32253,-0.9345,0.11989,-0.25877,0.29351,-0.83122,0.026797,0.072264,-0.2464,0.68616,0.56178,0.13382,0.67382,0.41997,-0.26808,-0.8313,0.76711,-0.11228,-0.13417,-0.65729,0.25321,-1.0186,-0.28948,0.27577,-0.46404,-0.33587,1.0162,0.41996,-0.96194,-0.13224,0.16793,0.6097,-0.34754,0.78636,-0.05545,-0.1135,0.014155,-0.66791,-0.29527,-0.29258,0.65426,-0.35292,-0.022142,-1.0845,0.63271,-0.52017,-0.041143,0.37994,0.42145,-1.283,-0.10658,0.19166,-0.066556,-0.22484,-0.18312,-0.1848,-0.33423,-0.47841,-0.68844,-1.1208,-0.70121,-0.05158,-0.04186,0.96596,-0.90598,-0.0035511,0.012545,0.11447,0.62021,0.30251,-0.34567,0.91881,1.2284,-0.089045,0.34375,0.28635,-0.36321,-0.051281,0.10266,-1.3791,0.23818,-0.67418,-0.79894,-0.28168,-0.51993,-0.61112,-0.32704,0.66855,0.47837,1.0414,0.14997
zh,children,N,-0.50074,0.70652,-0.17859,0.096236,0.93451,-0.68368,-0.67186,0.42826,0.09006,0.33469,0.61937,-0.22142,1.0139,-0.36288,-0.083306,-0.32626,0.49517,-0.02629,-0.76751,-0.63874,-0.30896,1.0144,0.85433,0.070221,0.5785,-0.21694,0.82462,0.10669,0.40216,0.30879,0.44859,-1.0151,-0.63911,-0.5792,-0.92174,0.93,0.39012,-0.42054,0.27651,1.3638,0.61298,0.89221,0.87927,-0.83704,-0.16278,-0.57872,-0.54966,-0.36641,-0.0061257,-0.7056,0.86093,-0.11193,-0.20806,-0.50766,0.049389,-0.83277,-0.98181,-1.0094,-2.2413,0.47692,0.62822,-0.22973,0.744,0.75475,0.084541,0.61928,-0.67188,-0.3183,-0.015508,0.14959,1.3704,-0.91449,0.80568,-0.31784,-0.93913,0.21009,-0.1122,-1.0527,-0.46826,-1.2321,-0.3889,0.3979,0.73519,-0.56584,-0.80236,-1.0772,0.014504,0.61664,-0.09921,-0.54573,-0.65993,0.36121,-0.0045554,-0.0067805,-0.58486,0.83391,0.441,0.26874,-0.43404,0.18818,0.44652,0.50674,-0.43667,0.40693,-0.7889,0.58973,0.2783,-0.42338,-0.54133,-0.34751,-0.10445,-0.64685,0.075996,0.33556,0.022478,-0.022439,-0.33767,0.025418,-0.52378,-0.34327,-0.63876,0.46478,0.31666,0.10444,-0.85542,-0.40011,-0.025113,0.45639,-1.1242,0.24339,0.73752,-0.19677,-0.45886,0.82527,-0.86315,0.094466,-0.085507,-0.071791,-0.75148,-0.26268,0.19413,0.42738,0.93387,-0.91409,-0.85972,0.2806,-1.4492,0.18881,-0.838,0.061224,0.40115,0.42385,-0.2661,0.14481,0.94944,-0.54592,0.31987,-0.55856,-0.19037,0.11895,0.26528,0.36107,-0.033736,-0.2483,-0.11965,0.34929,-0.55261,0.5455,0.34356,-0.08075,0.39042,0.291,1.0059,-0.24737,0.071788,-0.15664,0.67112,0.83025,0.041304,-0.28243,-0.059759,-0.32266,0.29885,0.51448,-0.29023,0.63735,0.094458,-0.25973,-0.46269,0.62557,-0.056047,-0.44474,-0.20944,-0.33611,-0.39777,-0.54503,-0.20937,-0.77081,-0.08772,0.15595,0.063009,-0.45315,-0.037082,-0.34526,0.062297,0.076954,0.28285,-0.44484,-0.091297,0.40293,-0.62796,0.23746,-0.25809,0.42958,-0.81065,0.022863,-0.081054,0.09984,0.53389,0.12813,-0.16118,0.51315,0.57506,-0.29736,-0.69332,0.55919,-0.27956,-0.22384,-0.75911,0.10686,-0.79802,-0.50118,0.42646,-0.75408,-0.070509,0.96618,0.49161,-1.3082,-0.34415,-0.30721,0.70827,-0.21599,0.90183,-0.33011,-0.18131,0.32667,-0.63203,-0.47526,-0.56836,0.50888,-0.54762,-0.21849,-0.53622,0.56663,-0.82048,-0.28877,0.46019,0.36467,-1.3522,0.0030362,0.15038,-0.19406,-0.080331,-0.086601,-0.53057,-0.23753,-0.37661,-0.69115,-1.3724,-0.80451,0.22101,0.20615,1.1463,-0.78341,0.17773,-0.16481,0.01281,0.59245,0.21348,-0.42912,0.54466,1.5388,0.28961,0.57559,0.2204,-0.41642,0.036011,-0.036782,-1.1119,0.081929,-0.74203,-1.0051,-0.71382,-0.54421,-0.42689,-0.37252999999999997,0.33805,0.7442,1.3119,-0.083418
zh,corporation,N,0.04784,0.71927,-0.65266,0.065951,0.59345,-0.19413,-0.44158,0.1851,0.18263,-0.073158,0.70068,-0.081769,1.0073,-0.88393,0.24209,-0.46001,0.77338,-0.15774,-1.1164,-0.23884,-0.68457,0.78836,0.81673,-0.014277,0.19509,-0.3508,0.6244,0.48128,0.062279,0.10324,0.60633,-0.60618,-0.60004,-0.28611,-0.5191,0.56003,0.70518,-0.24315,0.32146,1.0684,0.37531,0.57017,0.87653,-0.92836,-0.1936,-0.3285,-0.39587,-0.083269,0.42259,-0.44936,0.96038,-0.30753,-0.41159,-0.29484,0.19116,-0.78418,-0.63238,-0.81224,-2.0898,0.20919,0.702,0.22434,0.43189,0.83154,0.35108,0.62528,-0.8218,-0.60975,-0.46251,-0.34635,0.95146,-0.55378,1.0521,-0.22509,-0.65663,0.18649,-0.29335,-0.88609,-0.46336,-0.9389,-0.071286,0.072442,0.70285,-0.61106,-0.54287,-0.76049,0.33308,0.10919,-0.051181,-0.94395,-0.64332,0.58275,-0.073976,0.36068,-0.67314,0.96827,0.75827,0.3161,-0.045556,0.25141,0.71529,0.50669,-0.77139,0.76813,-0.59188,0.22088,-0.060117,-0.70552,-0.43444,0.13524,-0.011182,-0.50128,0.26921,0.30552,0.12422,0.41395,-0.37645,0.36404,-0.43273,-0.54399,-0.64705,0.53888,0.41032,0.085849,-0.24072,-0.78963,0.44632,0.60608,-0.65159,0.3631,0.68237,-0.098633,-0.45345,1.0153,-1.0582,0.084484,-0.29007,0.32943,-0.56422,-0.062666,0.09744,0.32334,0.63573,-0.92803,-0.35742,0.37662,-1.482,-0.070927,-0.89154,-0.14043,0.20351,0.45641,-0.089419,0.26231,0.75386,-0.54988,0.13938,-0.50736,-0.087806,0.43639,0.29548,0.46618,0.42769,-0.34692,0.0042641,0.1089,0.05053,1.078,0.24779,-0.09552,0.39156,0.24905,0.7938,0.10006,0.11028,0.21186,0.64903,0.9487,-0.025742,-0.64812,-0.20027,-0.5359,0.047724,-0.16479,-0.32574,0.95634,-0.073817,-0.37625,-0.48394,0.43595,-0.35544,-0.17654,-0.61249,-0.44977,-0.14544,-0.336,-0.44996,-0.73783,0.17572,0.48705,-0.22018,-0.13985,0.34787,-0.49088,0.29641,0.4077,0.45365,-0.11086,-0.093045,0.19799,-0.77268,0.1995,-0.29664,0.075889,-0.38824,0.19126,0.41325,-0.18518,0.57026,0.6201,-0.439,0.68544,0.18503,-0.27796,-0.45568,0.74939,-0.21837,-0.38689,-0.50269,0.18947,-0.85284,-0.32711,0.21624,-0.73638,-0.19853,1.0415,0.11627,-0.82016,-0.46977,-0.18961,0.52773,-0.22734,0.14587,0.0050215,-0.27757,0.39462,-0.61422,-0.35758,-0.28706,0.2416,-0.60989,-0.11851,-0.74883,0.14557,-0.090254,-0.13454,0.62141,0.16491,-0.84932,0.033458,0.17967,-0.43649,-0.0046276,-0.042469,0.26077,-0.033899,-0.60383,-0.7834,-1.429,-1.0067,-0.39002,0.57419,0.50049,-0.7389,-0.13727,-0.30151,0.18035,0.69982,-0.049827,-0.30399,0.35555,0.46087,-0.24508,0.55785,-0.11508,-0.36544,0.1394,0.42659,-1.1734,0.19693,-0.4506,-0.69775,0.0018588,-0.53116,0.12258,-0.52747,0.29775,0.32451,0.78477,0.27644
zh,cousins,N,0,0,0,0,0,0,0,0,0,0,0,0,0,0,0,0,0,0,0,0,0,0,0,0,0,0,0,0,0,0,0,0,0,0,0,0,0,0,0,0,0,0,0,0,0,0,0,0,0,0,0,0,0,0,0,0,0,0,0,0,0,0,0,0,0,0,0,0,0,0,0,0,0,0,0,0,0,0,0,0,0,0,0,0,0,0,0,0,0,0,0,0,0,0,0,0,0,0,0,0,0,0,0,0,0,0,0,0,0,0,0,0,0,0,0,0,0,0,0,0,0,0,0,0,0,0,0,0,0,0,0,0,0,0,0,0,0,0,0,0,0,0,0,0,0,0,0,0,0,0,0,0,0,0,0,0,0,0,0,0,0,0,0,0,0,0,0,0,0,0,0,0,0,0,0,0,0,0,0,0,0,0,0,0,0,0,0,0,0,0,0,0,0,0,0,0,0,0,0,0,0,0,0,0,0,0,0,0,0,0,0,0,0,0,0,0,0,0,0,0,0,0,0,0,0,0,0,0,0,0,0,0,0,0,0,0,0,0,0,0,0,0,0,0,0,0,0,0,0,0,0,0,0,0,0,0,0,0,0,0,0,0,0,0,0,0,0,0,0,0,0,0,0,0,0,0,0,0,0,0,0,0,0,0,0,0,0,0,0,0,0,0,0,0,0,0,0,0,0,0
zh,creative,N,0.041382,0.49354,-0.27105,0.16707,0.27098,-0.066667,-0.47767,0.31339,0.066545000000000007,-0.2799,0.89398,0.03455,1.1904,-0.5682,0.10026,-0.19715,0.63037,-0.2316,-0.77909,-0.67896,-0.61876,0.657,1.0765,0.29585,0.40631,-0.15303,0.73258,0.055642,0.41049,0.57231,0.76416,-0.75736,-0.68431,-0.43086,-0.67516,0.75939,0.74634,-0.44875,0.1055,1.6195,0.62007,0.81375,1.0032,-0.83006,-0.10545,-0.48972,-0.78127,-0.60124,-0.13276,-0.82936,1.1264,-0.41746,-0.3436,-0.8086,0.15898,-0.65247,-0.79909,-0.82056,-2.0061,0.24414,0.65696,0.072034,0.53677,1.01,0.019358,0.67493,-0.47588,-0.54171,-0.39938,0.315,1.117,-0.25785,1.1361,-0.55718,-0.77847,0.27727,-0.03317,-1.0201,-0.64277,-0.84644,-0.49433,-0.0011791,0.74017,-0.4494,-0.69311,-0.46251,0.1547,0.48699,-0.17291,-0.75268,-0.53046,0.54386,0.043977,-0.13083,-0.78141,1.0237,0.62257,0.33594,-0.099609,0.19705,0.43523,0.80789,-0.41531,0.92874,-0.62057,0.38366,0.3196,-0.57938,-0.60338,-0.23146,-0.3078,-0.44879,0.090795,0.031677,-0.08111,0.16046,-0.50014,0.41823,-0.84914,-0.73708,-0.52973,0.65398,0.13802,0.0067472,-0.52846,-0.52869,-0.01557,0.44262,-0.90363,0.42292,0.73699,-0.23971,-0.75418,1.198,-0.87751,0.36589,-0.29908,-0.026439,-0.5003,-0.0036843,0.23263,0.51094,0.84858,-1.0771,-0.45106,0.29878,-1.507,-0.11905,-0.78365,0.16422,0.56557,0.54258,-0.58734,0.29258,0.83267,-0.74393,0.27524,-0.12095,-0.15009,0.87937,0.18834,0.40435,0.41545,0.31975,-0.22936,0.18869,0.11169,0.77293,0.10067,-0.01578,0.44164,0.32583,1.3088,-0.044184,-0.14732,-0.11882,0.59412,0.91899,0.15073,-0.075595,-0.36953,-0.43356,0.006331,0.29726,-0.36756,0.53485,-0.082048,-0.25396,-0.41567,0.62798,-0.15653,-0.12355,-0.46176,-0.21828,-0.32573,-0.76575,-0.29221,-0.61745,-0.21565,0.11161,-0.28815,-0.2292,0.2207,-0.47763,0.10706,-0.01482,0.14808,-0.50947,-0.094699,0.47792,-0.46632,0.30892,-0.19962,0.21878,-0.523,0.27547,0.5319,-0.091159,0.74421,0.70967,-0.38643,0.76055,0.118,-0.25351,-0.85865,0.861,-0.54081,-0.16517,-0.35422,0.23454,-0.85855,-0.42714,0.58496,-0.73525,-0.38267,0.90337,0.59355,-1.0161,-0.26373,-0.2413,0.62015,-0.29921,0.86741,-0.22314,-0.35668,0.043768,-0.38994,-0.53841,-0.29076,0.60282,-0.20255,-0.44655,-1.1301,0.54565,-0.63318,-0.15265,0.4736,0.028043,-1.1235,0.0043862,0.12659,-0.10725,-0.21512,-0.069616,-0.1398,-0.19401,-0.70519,-0.64026,-1.1143,-0.75972,-0.4076,0.13912,0.87409,-0.68853,-0.013478,0.11726,0.24807,0.55568,0.014205,-0.47435,0.47141,1.276,-0.084106,0.56502,0.13069,-0.3835,-0.033891,0.10225,-1.143,0.23156,-0.98227,-1.0041,-0.40399,-0.27339,-0.37615,-0.47748,0.43938,0.76577,0.86858,0.093706
zh,daughter,N,-0.25675,0.79041,-0.40236,0.38979,0.87493,-0.65321,-0.85152,0.17242,0.15097,-0.21829,0.82591,0.090716,0.88656,-0.87801,0.14432,-0.92934,0.85241,0.060458,-0.73899,-0.47384,-0.40351,1.0879,0.52652,0.27646,0.77748,-0.48199,0.66018,-0.047588,0.82932,0.092785,0.89767,-0.70819,-0.47354,-0.50816,-0.38781,0.81516,0.96103,-0.4245,0.22482,1.1407,0.51227,0.81274,1.0003,-0.60546,-0.30296,-0.39866,-0.78986,-0.23208,0.06068,-0.72676,1.1688,-0.29695,-0.099967,-0.79477,0.44287,-0.65132,-0.90931,-1.244,-2.2535,0.52223,0.72673,-0.21726,0.75958,0.88227,0.11632,0.73183,-0.61382,-0.57052,-0.3626,-0.29192,1.1182,-0.52109,0.87496,-0.32492,-0.80679,0.58032,-0.049902,-0.67748,-0.053977,-0.95214,-0.29945,0.43113,0.33311,-0.36825,-0.77126,-0.88979,-0.064079,0.63184,0.097656,-0.74591,-0.68609,0.43979,-0.13007,-0.10586,-0.44208,1.2155,0.42883,0.34174,0.11848,0.37531,0.38479,0.57628,-0.42853,0.61164,-0.72891,0.38361,-0.22222,-0.60631,-0.89641,-0.049577,-0.090412,-0.99636,-0.017969,0.38172,0.54677,0.28542,-0.59627,0.13541,-0.89346,-0.18284,-0.53306,0.35561,0.3931,0.12588,-0.8095,-0.74141,0.37818,0.34919,-0.83555,0.37368,0.6884,-0.017456,-0.86788,0.84121,-0.90201,0.33876,-0.28733,-0.15573,-0.83604,-0.10196,-0.086907,0.63763,0.77368,-0.97576,-0.60125,0.17741,-1.0816,0.040496,-0.68241,0.11241,0.42519,0.32736,-0.52428,0.38551,0.73193,-0.65447,0.12009,-0.37184,-0.41716,0.6076,0.38012,0.43545,0.077271,-0.20102,-0.1727,0.36676,-0.2013,1.0277,0.12685,0.16443,0.66252,-0.026267,1.2765,-0.1594,0.075342,-0.27396,0.89005,0.78097,0.13913,-0.39585,-0.42448,-0.5522,-0.14448,0.38617,-0.08805,0.57301,0.1877,-0.25594,-0.68034,0.62122,0.042003,-0.3985,-0.22044,-0.43181,-0.24333,-0.27066,-0.5897,-0.54112,-0.17765,0.22063,-0.15161,-0.2728,-0.032854,-0.58872,-0.093961,0.064642,0.35544,-0.36469,-0.13526,0.13599,-0.48282,0.2118,-0.53296,0.29314,-0.95667,-0.018333,0.26402,0.01365,0.85672,0.38624000000000003,-0.27829,0.24882,0.58257,-0.12255,-0.51692,0.45885,-0.4841,-0.17743,-0.65059,0.47797,-0.49815,-0.29902,0.23025,-0.26571,0.21597,0.58317,0.15848,-1.0966,-0.039856,-0.39246,1.1497,0.095265,0.57645,-0.6429,-0.21372,-0.4473,-0.37629,0.038508,-0.3039,0.44163,-0.71413,-0.20791,-0.78947,0.25114,-0.18778,0.02394,0.29392,0.24554,-1.4117,0.19376,0.18725,0.25615,-0.4431,-0.49088,-0.17865,-0.1331,-0.57162,-0.20946,-1.5743,-0.67447,0.093445,0.19745,0.85453,-0.84187,-0.04763,-0.21049,-0.017744,0.84092,0.33569,-0.41131,0.89637,1.1272,-0.27607,0.40888,0.33659,-0.36114,0.2924,-0.083774,-0.97801,0.20671,-0.73924,-0.82273,-0.19622,-0.26467,0.12723,-0.65969,0.39273,0.76803,1.2091,-0.3018
zh,executive,N,0,0,0,0,0,0,0,0,0,0,0,0,0,0,0,0,0,0,0,0,0,0,0,0,0,0,0,0,0,0,0,0,0,0,0,0,0,0,0,0,0,0,0,0,0,0,0,0,0,0,0,0,0,0,0,0,0,0,0,0,0,0,0,0,0,0,0,0,0,0,0,0,0,0,0,0,0,0,0,0,0,0,0,0,0,0,0,0,0,0,0,0,0,0,0,0,0,0,0,0,0,0,0,0,0,0,0,0,0,0,0,0,0,0,0,0,0,0,0,0,0,0,0,0,0,0,0,0,0,0,0,0,0,0,0,0,0,0,0,0,0,0,0,0,0,0,0,0,0,0,0,0,0,0,0,0,0,0,0,0,0,0,0,0,0,0,0,0,0,0,0,0,0,0,0,0,0,0,0,0,0,0,0,0,0,0,0,0,0,0,0,0,0,0,0,0,0,0,0,0,0,0,0,0,0,0,0,0,0,0,0,0,0,0,0,0,0,0,0,0,0,0,0,0,0,0,0,0,0,0,0,0,0,0,0,0,0,0,0,0,0,0,0,0,0,0,0,0,0,0,0,0,0,0,0,0,0,0,0,0,0,0,0,0,0,0,0,0,0,0,0,0,0,0,0,0,0,0,0,0,0,0,0,0,0,0,0,0,0,0,0,0,0,0,0,0,0,0,0,0
zh,family,N,-0.015947,0.88641,-0.23171,0.40506,0.93407,-0.24575,-0.66594,0.058814,0.22004,-0.17094,0.61937,0.0072951,0.82201,-0.69667,0.27691,-0.75172,0.90479,-0.30718,-0.69794,-0.33446,-0.62627,0.71648,0.66885,-0.044638,0.75146,-0.18719,0.7462,0.25425,0.50125,0.16099,0.69063,-0.41256,-0.73724,-0.36347,-0.50521,0.7611,0.75828,-0.38366,0.18336,1.2718,0.50578,1.0371,0.99933,-0.80288,-0.3201,-0.24468,-0.66072,-0.19252,0.069003,-0.44211,1.179,-0.24335,-0.18287,-0.32215,0.29688,-0.67481,-0.90259,-0.86305,-2.465,0.33048,0.81238,0.045696,0.78951,0.78419,0.39299,0.74867,-0.62699,-0.36757,-0.40172,-0.34175,0.85574,-0.65757,0.80927,-0.47541,-0.48172,0.3246,0.023809,-0.66684,-0.13539,-0.96873,-0.25278,0.22324,0.59787,-0.53823,-0.62988,-0.88106,0.0057373,0.17559,0.048717,-0.74811,-0.54151,0.52186,-0.26263,-0.0028964,-0.74077,0.82498,0.61598,0.51231,-0.16517,0.39945,0.50371,0.77714,-0.62499,0.21382,-0.47962,0.80771,0.13899,-0.35975,-0.73037,0.13264,0.37369,-0.57814,-0.40059,0.245,0.50397,0.085316,-0.46894,0.15261,-0.34516,-0.39804,-0.47828,0.40623,0.34562,0.21479,-0.57623,-0.85629,0.54691,0.5023,-0.76377,0.28787,0.45926,0.0033736,-0.5844,0.43286,-0.75492,0.29941,-0.17959,-0.19089,-0.48594,-0.13017,-0.18291,0.52265,0.54255,-0.99622,-0.70544,0.34896,-1.1471,-0.11756,-0.79715,-0.083912,0.20225,0.22197,-0.28488,-0.0057789,0.86786,-0.67595,-0.045554,-0.45164,-0.015892,0.49276,0.72554,0.28592,-0.32464,-0.14893,-0.10446,0.47369,-0.41621,0.8024,0.13579,0.20128,0.35522,0.59624,0.70643,0.029674,-0.059695,0.022688,0.7532,0.59256,-0.04599,-0.3298,-0.34621,-0.3226,0.10322,-0.030223,-0.2079,0.49983,0.11746,-0.52741,-0.47276,0.75245,-0.3331,-0.021551,-0.080833,-0.49698,-0.23953,-0.43727,-0.3181,-0.6378,0.13758,0.1885,0.025642,-0.3075,-0.10812,-0.51138,-0.11121,0.29475,0.27101,-0.32345,-0.12963,0.13428,-0.93143,0.18827,-0.55509,0.13355,-0.75775,0.15151,0.35657,-0.090598,0.766,0.50224,-0.4823,0.65137,0.42696,-0.026613,-0.52904,0.65411,-0.44422,-0.26336,-0.82592,0.20283,-0.71785,-0.41954,-0.097608,-0.46343,0.22071,0.79786,0.28017,-1.0008,-0.11004,-0.16865,0.80432,-0.30981,0.4749,-0.22337,-0.15046,-0.34656,-0.25407,-0.053006,-0.48238,0.51687,-0.4334,0.067372,-0.76592,-0.051619,-0.11131,-0.011985,0.51075,0.29032,-1.1614,0.19091,0.58628,0.15502,-0.33186,-0.16782,-0.2143,0.030654,-0.55156,-0.34692,-1.2968,-0.85899,-0.017345,0.25112,0.80855,-0.90757,-0.36538,-0.51049,-0.050704,0.6368,0.088495,-0.14196,0.62786,0.97449,0.070912,0.4464,-0.12708,-0.11347,0.34184,0.051869,-0.92445,-0.065701,-0.55216,-0.87541,-0.2841,-0.46967,-0.1627,-0.7437,0.30707,0.29178,1.3949,0.063044
zh,female,N,-0.55363,0.63409,-0.37131,0.21723,0.93003,-0.52969,-0.56577,-0.097812,0.39862,0.09477,0.6275,-0.13205,1.139,-0.57626,-0.24685000000000001,-0.74804,0.34214,-0.69545,-0.96224,-0.30758,-0.39634,1.138,0.57626,0.11901,0.41529,0.042706,0.64998,-0.1437,0.85933,0.49772,0.76261,-0.90943,-0.83454,-0.31979,-0.7105,0.95287,0.80852,-0.48259,0.25191,1.0881,0.33309,1.3379,1.1595,-1.0593,0.013872,-0.3079,-0.33767,-0.23207,0.0013872000000000001,-0.67513,0.79264,-0.22112,-0.16137,-0.20843,-0.018455,-0.25375,-1.0663,-0.94776,-2.2185,-0.13769,0.60274,-0.17447,0.96299,1.0679,0.38336,0.73157,-0.82543,-0.53766,-0.46704,-0.44192,1.3378,-0.46521,0.97528,-0.16219,-0.8134,0.10057,-0.25689,-0.72135,-0.19262,-0.78371,-0.29237,0.13671,0.49713,-0.34044,-0.41005,-0.64593,0.20536,0.49028,-0.4003,-0.74241,-0.38435,0.44489,-0.24202,-0.2248,-0.38075,1.0925,0.32831,0.58935,-0.024572,0.27793,0.49919,0.46653,-0.33936,0.45403,-0.55994,0.65914,-0.1145,-0.80417,-0.74606,-0.18046,0.025495,-0.61393,0.06373,0.33224,0.20499,0.53077,-0.27111,0.1048,-0.68438,-0.16455,-0.66957,0.50674,0.71633,0.26504,-0.77099,-0.57192,0.53679,0.3052,-0.90233,0.31789,0.634,0.41352,-0.40775,1.0966,-0.93139,-0.10482,-0.098902,-0.054654,-0.55916,-0.25262,0.055846,0.49501,0.56733,-0.95753,-0.70037,0.4838,-1.443,-0.14181,-0.6224,-0.26046,0.25961,0.31312,-0.015478,0.2613,1.0409,-0.32747,0.37471,-0.71544,0.16065,0.86556,0.16594,0.23088,0.089511,-0.45471,0.072621,0.42954,-0.20095,0.75567,0.39319,0.41929,0.54491,0.60192,1.0361,0.0759,0.031858,-0.020641,0.39851,0.54454,0.1459,-0.37008,-0.27514,-0.32444,0.29855,-0.12402,-0.3262,0.1981,0.26395,-0.35156,-0.051831,0.75052,0.12346,-0.29508,-0.45108,-0.47978,0.12444,-0.48167,-0.71691,-0.51791,-0.12532,0.26175,0.17643,-0.018926,-0.39824,-0.46502,-0.083904,0.20218,0.032931,-0.2306,-1.3455e-4,0.2428,-0.81801,0.44506,-0.44113,0.2001,-0.65476,0.20446,0.237,0.37524,0.82144,0.25922,-0.58193,0.7133,0.18389,-0.015926,-0.35354,0.46501,-0.12614,-0.27928,-0.46654,-0.016289,-0.86125,-0.44748,0.15554,-0.38621,0.24175,0.86704,0.09615,-0.52636,-0.65262,-0.32859,0.53609,-0.38549,0.21147,0.1526,-0.10571,-0.011647,-0.31905,-0.034446,-0.79049,0.093184,-0.59131,0.21454,-0.94918,0.41354,-0.70819,-0.040217,0.62907,0.5571,-1.5227,-0.073594,0.02685,-0.6272,-0.20004,5.0215e-4,-0.35737,-0.5546,-0.67036,-0.30384,-1.4779,-1.1114,-0.0090221,0.19051,0.86425,-0.28697,-0.27588,-0.2529,-0.19833,0.56464,-0.066046,-0.47399,0.74989,1.2559,0.43537,0.17742,0.033259,-0.073891,0.23704,0.090365,-1.0243,0.087146,-0.95196,-0.64615,-0.54944,-0.16347,0.15209,-0.43352,-0.017728,0.63887,1.5879,0.42112
zh,genius,N,-0.032271,0.44541,-0.48188,0.29558,0.80539,-0.3154,-0.52657,-0.044151,0.17503,-0.047319,0.66143,0.2433,1.3467,-0.77562,0.1041,-0.33286,0.9392,-0.59367,-0.95713,-0.32581,-0.91794,0.88579,1.0488,-0.1106,0.48012,-0.25451,0.89845,0.16196,0.51516,0.18938,0.42871,-0.78738,-0.87687,-0.28786,-0.36569,0.72883,0.74953,-0.58127,0.11009,1.3226,0.76368,0.75737,0.7707,-0.57776,-0.11896,-0.34319,-0.68584,-0.55622,0.30532,-0.91366,0.76404,0.098079,-0.20358,-0.39769,-0.02918,-0.69681,-1.0159,-0.76604,-2.6341,0.2237,1.0804,0.069651,1.1179,1.1147,0.23398,0.6104,-0.70583,-1.0069,-0.46727,0.24629,1.2263,-0.66932,0.91033,-0.65045,-0.62725,0.25605,-0.049902,-0.64986,-0.46346,-0.62908,-0.10857,0.28676,0.63457,-0.64118,-0.73156,-0.56787,0.19886,0.4709,0.05815,-0.24428,-0.42126,0.55829,-0.13281,-0.085272,-0.38655,0.76903,0.35357,0.27229,0.00646,0.17942,0.17373,0.70739,-0.32513,0.46909,-0.25287,0.54938,-0.21379,-0.25885,-0.67482,-0.07201,0.31689,-0.27827,-0.051156,0.33438,-0.026478,0.33129,-0.55774,0.18048,-0.83857,-0.35783,-0.65645,0.61381,0.45021,0.16256,-0.75653,-0.60158,0.41756,0.61455,-0.75486,0.42785,0.97701,0.3394,-0.4929,0.35174,-1.0314,0.34619,0.04541,-0.35805,-0.71957,-0.21936,0.064341,0.62923,0.64962,-0.81525,-0.50881,0.092183,-1.0854,-0.38623,-0.53551,-0.046844,0.21472,0.73218,-0.6151,0.2697,0.8604,-0.54441,-0.15538,-0.45068,-0.44272,0.75609,0.389,0.023092,-0.10429,-0.40481,-0.02442,0.3005,-0.21323,0.71138,0.30304,0.16734,0.41872,0.59596,0.90384,0.24423,0.17418,-0.018832,0.42576,0.58164,-0.088186,-0.1456,-0.31429,-0.43139,0.11808,0.24468,-0.10237,0.98845,0.14028,-0.60694,-0.35612,0.5233,-0.17384,-0.23017,-0.48696,-0.12549,-0.38913,-0.48595,-0.87632,-0.63604,-0.18843,0.20072,0.23469,-0.5864,0.085771,-0.4893,0.22607,0.18555,0.06594,-0.20993,-0.096062,0.48135,-0.57065,0.55463,-0.20493,0.34623,-0.60711,0.08804,0.30371,-0.40373,0.94318,0.56649,-0.3568,0.51287,0.21836,0.034568,-0.41433,0.50165,-0.15326,-0.19268,-0.7356,-0.18265,-0.62268,-0.92292,0.35915,-0.53947,0.023011,0.79434,-0.046073,-1.0938,-0.3844,-0.39514,0.78008,-0.50026,0.35637,-0.22639,-0.25377,-0.02296,-0.88189,-0.31415,-0.34291,0.35878,-0.38672,-0.23321,-0.81948,0.21586,-0.64839,0.11168,0.22369,0.54726,-1.4468,-0.0036073,0.11341,-0.01552,-0.52935,0.2353,-0.26647,-0.252,-0.42752,-0.41647,-1.3035,-0.90116,-0.36541,0.663,0.75749,-0.49213,-0.18425,-0.43643,0.12922,0.70147,0.088129,-0.64434,0.82647,0.8395,-0.055098,0.46645,-0.25789,0.10088,0.16252,0.34356,-0.8106,-0.14696,-0.51292,-0.39425,-0.37374,-0.41021,-0.46123,-0.53731,0.11007,0.73327,0.79457,0.13751
zh,girl,N,-0.43626,0.55674,-0.49642,0.34088,1.1726,-0.59735,-0.69162,0.067663,0.30105,-0.11871,0.90209,-0.078706,0.77507,-0.70577,0.028995,-0.58049,0.59845,-0.44375,-0.84483,-0.36997,-0.85556,0.89535,0.8678,-0.018459,0.47059,-0.43717,0.7876,0.30933,0.6915,0.37518,0.28538,-1.0351,-0.63075,-0.35096,-0.49066,0.90273,0.92214,-0.65838,0.20494,1.1173,0.44859,1.2225,0.58911,-0.59426,-0.22346,-0.19572,-0.69194,-0.36951,0.1482,-0.71583,0.8828,-0.24439,-0.19034,-0.28689,0.11982,-0.85287,-0.82633,-0.81767,-2.5467,0.3174,0.73937,-0.18396,0.85205,0.78188,0.15369,0.64765,-0.56529,-0.33841,-0.34764,-0.14506,1.0573,-0.59641,0.71775,-0.41352,-0.86041,0.34882,0.10073,-0.81424,-0.15998,-0.72389,-0.45944,0.1741,0.77735,-0.30176,-0.74759,-0.70374,0.23834,0.53822,-0.15346,-0.56301,-0.62203,0.50655,-0.34313,-0.26576,-0.43065,0.61784,0.53594,0.66534,-0.1308,0.32827,0.56807,0.90872,-0.44272,0.85269,-0.44596,0.86358,-0.20724,-0.60699,-0.75264,-0.19036,0.12674,-0.63048,-0.13105,0.16014,0.31716,0.54735,-0.26577,0.057367,-0.77644,-0.35305,-0.72268,0.58487,0.50774,0.20403,-0.45938,-0.72069,0.37541,0.50757,-0.92078,0.1087,0.57579,0.2668,-0.81438,0.66354,-1.1268,0.33486,-0.22248,-0.049971,-0.6823,-0.26607,-0.022211,0.43133,0.78111,-1.1818,-0.9873,0.37929,-1.3247,0.065044,-1.0292,-0.019653,0.47715,0.30188,-0.29332,0.0061923,0.95734,-0.40115,0.23131,-0.41297,-0.28317,0.51235,0.40937,0.21527,-0.14704,-0.29045,-0.0015869,0.16024,-0.13379,0.8582,0.35962,0.13199,0.3656,0.50299,0.89382,-0.061124,0.29352,0.080561,0.57146,0.66051,-0.17395,-0.32192,-0.051109,-0.38434,-0.05229,0.27901,-0.30176,0.7417,0.26386,-0.44859,-0.53191,0.85858,-0.4211,-0.39483,-0.14713,-0.49086,-0.076062,-0.54979,-0.4766,-0.64289,0.17198,0.33597,0.18544,-0.43248,-0.16315,-0.38666,-0.03914,0.22291,-0.12595,-0.276,0.15529,0.25538,-0.94277,0.29735,-0.3476,0.28276,-0.81216,-0.02619,0.41072,-0.15103,0.93097,0.30034,-0.47963,0.41386,-0.008101,0.1167,-0.40666,0.46158,-0.074086,-0.44337,-0.85671,-0.13385,-0.68102,-0.42348,0.043585,-0.50936,-0.057632,0.80585,0.1375,-1.0029,-0.18567,-0.49381,0.92896,-0.13366,0.55715,-0.35142,-0.027765,-0.13015,-0.083274,-0.133,-0.61904,0.2949,-0.44864,-0.18276,-0.69733,-0.12213,-0.55983,0.28544,0.26425,0.016002,-1.1932,0.041528,0.22648,-0.24662,-0.31831,-0.12032,-0.31057,-0.11483,-0.28112,-0.41759,-1.3906,-1.1071,-0.038485,0.38989,0.80914,-0.76261,-0.4429,-0.37962,0.29534,0.61223,0.22367,-0.32821,0.82585,0.89565,0.22099,0.45387,-0.14236,0.040339,0.1633,0.51694,-0.82794,0.2852,-0.47327,-0.85207,-0.51085,-0.26591,0.031367,-0.75711,0.0045471,0.62604,1.0198,0.12154
zh,he,N,-0.10017,1.1446,-0.69187,0.50391,0.96279,-0.4854,-0.77373,0.026253,0.29452,-0.23973,0.79309,0.22143,1.4604,-0.93481,0.20133,-0.97396,1.0911,-0.48077,-1.1637,-0.84501,-1.0971,1.2427,1.2058,-0.039961000000000003,0.93227,-0.42959,1.3951,0.19047,0.89657,0.27279,1.0435,-1.0366,-1.1191,-0.61837,-1.0125,1.2688,1.166,-0.64444,0.12851,1.6605,0.68624,1.1353,1.3487,-1.3656,-0.38397,-0.56614,-0.89787,-0.53512,0.4662,-1.0056,1.4559,-0.4727,-0.3534,-0.63281,0.039917,-0.98467,-1.252,-1.4437,-3.948,0.42736,1.2065,-0.085286,1.0763,1.422,0.6321,1.0902,-1.1413,-0.67323,-0.68474,-0.51113,1.5212,-0.84062,1.1908,-0.63552,-0.97313,0.5963,-0.021179,-0.86108,-0.44165,-1.1229,-0.3458,0.076159,1.1044,-0.92951,-0.92174,-0.99487,0.027889,0.60011,-0.0024763,-0.97549,-0.77574,0.88395,-0.24341,-0.16309,-0.97318,1.2991,0.80038,0.79991,-0.12149,0.18034,0.72285,0.84263,-0.83967,0.84767,-0.56279,0.74248,0.11578,-0.75245,-0.82376,0.069933,0.23611,-0.79457,-0.23371,0.66302,0.28009,0.46915,-0.739,0.3576,-0.67212,-0.95319,-0.73751,1.1192,0.7992,0.035871,-0.94463,-1.1012,0.8332,0.66366,-1.2444,0.48118,0.92465,0.16779,-1.0745,0.98247,-1.216,0.51465,-0.39643,-0.32086,-1.0418,-0.35791,-0.1102,0.96768,1.1288,-1.3867,-0.91343,0.36558,-1.6197,-0.23561000000000001,-0.70322,-0.36904,0.46428,0.84727,-0.2885,0.28816,1.1474,-0.90879,0.37228,-0.45402,-0.07551,0.86129,0.65003,0.35391,0.28444,-0.085903,-0.080414,0.47996,-0.20905,1.233,0.4633,0.43097,0.74011,0.91247,1.0365,-0.034589,0.087542,0.047215,0.84455,0.94692,-0.16553,-0.49774,-0.87342,-0.70546,0.1766,-0.0026768,-0.49679,1.0002,-0.14658,-0.84312,-0.52148,0.90645,-0.24564,-0.22663,-0.45564,-0.69556,-0.349,-0.63529,-0.76442,-1.0013,-0.023902,0.541,-0.01598,-0.45935,-0.1753,-0.8373,-0.026075,0.33855,0.49903,-0.71996,-0.29314,0.23935,-1.0661,0.18026,-0.71425,0.42705,-0.87381,0.25528,0.33184,-0.34677,1.1384,0.69499,-0.74078,0.65867,0.55715,-0.25606,-0.96492,0.72749,-0.39217,-0.1857,-1.1904,0.012653,-0.87307,-0.58212,0.41029,-0.54765,0.03831,1.1398,0.39748,-1.1777,-0.37061,-0.41245,1.1446,-0.71021,0.69027,-0.11739,-0.14527,-0.17391,-0.58716,-0.23619,-0.84504,0.60889,-0.41091,0.074995,-0.97678,-0.0076991,-0.62572,-0.17159,0.37396,0.90194,-1.5502,-0.091479,0.37845,-0.32703,-0.39882,0.069493,-0.34943,-0.0084752,-1.0578,-1.0561,-2.0647,-1.3405,-0.30657,0.33775,1.1773,-0.70239,-0.15245,-0.32104,0.0095604,1.1042,-0.29229,-0.5796,0.99816,1.2161,0.058864,0.8463,0.11183,-0.18107,0.5076,0.14154,-1.1309,-0.13109,-0.78431,-1.1222,-0.5644,-0.50474,-0.35615,-0.84021,0.22692,0.58901,1.2575,0.018825
zh,her,N,-0.24452,1.2562,-0.65856,0.64472,1.1965,-0.65481,-0.95777,0.045301,0.36349,-0.16265,0.92623,0.30242,1.4448,-1.0918,0.21265,-1.0123,0.96486,-0.50804,-1.2088,-0.8004,-1.1765,1.2358,1.3049,-0.033129,0.97065,-0.30548,1.269,0.23275,0.96623,0.38309,1.0572,-1.197,-1.0878,-0.53785,-0.99176,1.3468,1.2388,-0.66577,0.27048,1.8248,0.74299,1.5282,1.4262,-1.3679,-0.40907,-0.48786,-0.87785,-0.49759,0.56316,-0.96181,1.4319,-0.53877,-0.27396,-0.5132,0.17459,-1.0453,-1.2725,-1.3758,-4.0649,0.4934,1.264,-0.073304,1.0673,1.4269,0.45072,1.028,-1.142,-0.67358,-0.56804,-0.37949,1.7072,-0.82067,1.114,-0.52216,-0.94857,0.63831,-0.020238,-0.9571,-0.40144,-1.0688,-0.38911,0.20063,1.195,-0.9692,-1.0266,-1.0125,0.26144,0.58834,-0.096976,-1.0753,-0.85332,0.91881,-0.37508,-0.19177,-1.0199,1.35,0.78383,0.98012,-0.10437,0.20612,0.70834,0.90669,-0.74947,0.82134,-0.64523,0.84127,-0.075082,-0.87136,-0.79448,0.10406,0.20518,-0.8902,-0.26442,0.51181,0.26776,0.62029,-0.81962,0.18999,-0.75417,-0.91673,-0.76494,1.1785,0.82987,0.04044,-0.90418,-1.0869,0.90805,0.62395,-1.4137,0.4182,0.99127,0.20354,-1.2091,1.0747,-1.2061,0.58084,-0.4269,-0.37339,-0.98427,-0.19453,-0.051339,0.96442,1.0773,-1.38,-1.0572,0.40848,-1.7488,-0.13074,-0.8581,-0.34474,0.58577,0.83032,-0.22917,0.21335,1.182,-0.86395,0.45735,-0.54845,0.013264,0.87513,0.69526,0.47001,0.32274,-0.18035,-0.041997,0.39069,-0.11616,1.2544,0.45107,0.43954,0.84189,0.79045,1.2121,0.026167,0.085711,0.17983,0.76821,0.83861,-0.10244,-0.6199,-0.77516,-0.74007,0.026267,0.087193,-0.47176,0.99942,-0.035495,-0.88034,-0.61998,0.96414,-0.25955,-0.34265,-0.54389,-0.76172,-0.33556,-0.78169,-0.65894,-0.86419,-0.12587,0.52747,0.078367,-0.47886,-0.23834,-0.78166,-0.20078,0.31847,0.3382,-0.59034,-0.195,0.28224,-1.0397,0.16547,-0.77946,0.33243,-1.0678,0.19754,0.35768,-0.17437,1.2254,0.67204,-0.67157,0.64222,0.45055,-0.2413,-0.77897,0.82699,-0.38394,-0.2333,-1.1103,0.093428,-0.98176,-0.60014,0.1961,-0.54609,0.11014,1.1906,0.47952,-1.3138,-0.38552,-0.515,1.2368,-0.43812,0.73897,-0.21715,-0.2228,-0.09273,-0.50844,-0.29893,-0.78296,0.50256,-0.62458,0.032815,-0.94729,0.19616,-0.44377,-0.05246,0.50759,0.70822,-1.7472,-0.068394,0.5853,-0.27941,-0.45604,0.016868,-0.35873,-0.14151,-0.92559,-1.0053,-2.0289,-1.3918,0.015172,0.22815,1.0968,-0.83806,-0.17214,-0.32156,-0.046593999999999997,1.1614,-0.21439,-0.57001,1.151,1.293,0.057077,0.75602,-0.068133,-0.14236,0.64387,0.27594,-1.2493,-0.031878,-0.82163,-1.222,-0.4613,-0.49338,-0.19667,-1.1131,0.28843,0.78894,1.4469,0.065351
zh,hers,N,-0.35131,0.73926,-0.38145,0.51146,0.92036,-0.58615,-0.59862,-0.042589,0.32425,-0.070036,0.35698,0.20615,0.86765,-0.66276,0.14707,-0.86282,0.4754,-0.44998,-0.71952,-0.56633,-0.76442,0.87306,0.83813,0.11389,0.53055,-0.35661,0.56654,0.23233,0.54877,0.15735,0.50407,-0.93209,-0.62162,-0.22702,-0.74751,0.97555,0.89376,-0.61323,0.29759,1.2691,0.40566,1.0888,0.87031,-0.72621,-0.26177,-0.28915,-0.46604,-0.2347,0.16234,-0.51668,1.05,-0.38016,-0.21495,-0.40872000000000003,0.26551,-0.70675,-0.76024,-0.9139,-2.237,0.39872,0.80044,-0.037381,0.68727,1.0719,0.35955,0.60693,-0.61905,-0.51715,-0.39354,-0.32452,1.0056,-0.62438,0.55779,-0.28884,-0.6539,0.45773,0.058843,-0.60647,-0.2306,-0.6622,-0.30605,0.17188,0.66044,-0.62548,-0.67253,-0.58731,0.094219,0.25827,-0.10727,-0.64267,-0.45454,0.59935,-0.24197,-0.03176,-0.55209,0.79603,0.72468,0.74395,0.063844,0.23884,0.59008,0.59792,-0.53309,0.44833,-0.38089,0.74541,-0.078981,-0.5663,-0.58271,0.14783,0.10094,-0.61602,-0.23178,0.3043,0.20925,0.28864,-0.58269,0.20689,-0.41533,-0.47585,-0.50859,0.5618,0.60263,0.13444,-0.49472,-0.54659,0.43326,0.23753,-0.96287,0.38701,0.62201,0.14254,-0.91111,0.67819,-0.631,0.39174,-0.32411,-0.32672,-0.47662,0.13148,0.017417,0.4441,0.54196,-0.85646,-0.54042,0.31012,-1.0885,-0.16521,-0.65229,-0.35027,0.33605,0.27919,-0.22828,0.15351,0.7277,-0.70312,0.23797,-0.44785,0.043254,0.69724,0.38273,0.39734,0.21912,0.0052934,0.0085699,0.22457,-0.092838,0.86876,0.12152,0.46605,0.47001,0.54422,0.72195,-0.036288,-0.075212,0.12835,0.501,0.49691,-0.15589,-0.37445,-0.38712,-0.51109,-0.051847,0.10026,-0.19909,0.51405,-0.055511,-0.57958,-0.29473,0.83591,-0.1216,-0.26486,-0.34425,-0.44853,-0.14503,-0.32507,-0.40797,-0.45473,-0.069446,0.2496,-0.13868,-0.27377,-0.20233,-0.55579,-0.19934,0.1842,0.22432,-0.40398,-0.13548,0.29488,-0.83144,0.069547,-0.49976,0.15956,-0.88563,0.077246,0.099747,0.0067694,0.70915,0.35475,-0.39381,0.45233,0.29371,-0.099385,-0.33882,0.66246,-0.33007,-0.091331,-0.79863,0.1283,-0.60463,-0.53264,-0.016316,-0.30444,0.23412,0.81575,0.21551,-0.91634,-0.23098,-0.25846,1.0009,-0.17323,0.52077,-0.24639,-0.17862,-0.075989,-0.20946,-0.2305,-0.55758,0.30801,-0.48887,0.087791,-0.75206,0.11901,-0.12445,0.010728,0.2741,0.40672,-1.2492,0.016449,0.48106,-0.21472,-0.27036,-0.23718,-0.20464,-0.10828,-0.48905,-0.34023,-1.4129,-0.92075,-0.22624,0.19554,0.62144,-0.63244,0.011941,-0.22269,0.026118,0.81115,0.037686,-0.44058,0.97456,0.8797,-0.086448,0.19798,-0.21391,0.010595,0.38086,0.050576,-0.82399,-0.06721,-0.71318,-0.98744,-0.3295,-0.098611,-0.016652,-0.69241,0.48538,0.49917,1.0936,0.091015
zh,him,N,-0.10017,1.1446,-0.69187,0.50391,0.96279,-0.4854,-0.77373,0.026253,0.29452,-0.23973,0.79309,0.22143,1.4604,-0.93481,0.20133,-0.97396,1.0911,-0.48077,-1.1637,-0.84501,-1.0971,1.2427,1.2058,-0.039961000000000003,0.93227,-0.42959,1.3951,0.19047,0.89657,0.27279,1.0435,-1.0366,-1.1191,-0.61837,-1.0125,1.2688,1.166,-0.64444,0.12851,1.6605,0.68624,1.1353,1.3487,-1.3656,-0.38397,-0.56614,-0.89787,-0.53512,0.4662,-1.0056,1.4559,-0.4727,-0.3534,-0.63281,0.039917,-0.98467,-1.252,-1.4437,-3.948,0.42736,1.2065,-0.085286,1.0763,1.422,0.6321,1.0902,-1.1413,-0.67323,-0.68474,-0.51113,1.5212,-0.84062,1.1908,-0.63552,-0.97313,0.5963,-0.021179,-0.86108,-0.44165,-1.1229,-0.3458,0.076159,1.1044,-0.92951,-0.92174,-0.99487,0.027889,0.60011,-0.0024763,-0.97549,-0.77574,0.88395,-0.24341,-0.16309,-0.97318,1.2991,0.80038,0.79991,-0.12149,0.18034,0.72285,0.84263,-0.83967,0.84767,-0.56279,0.74248,0.11578,-0.75245,-0.82376,0.069933,0.23611,-0.79457,-0.23371,0.66302,0.28009,0.46915,-0.739,0.3576,-0.67212,-0.95319,-0.73751,1.1192,0.7992,0.035871,-0.94463,-1.1012,0.8332,0.66366,-1.2444,0.48118,0.92465,0.16779,-1.0745,0.98247,-1.216,0.51465,-0.39643,-0.32086,-1.0418,-0.35791,-0.1102,0.96768,1.1288,-1.3867,-0.91343,0.36558,-1.6197,-0.23561000000000001,-0.70322,-0.36904,0.46428,0.84727,-0.2885,0.28816,1.1474,-0.90879,0.37228,-0.45402,-0.07551,0.86129,0.65003,0.35391,0.28444,-0.085903,-0.080414,0.47996,-0.20905,1.233,0.4633,0.43097,0.74011,0.91247,1.0365,-0.034589,0.087542,0.047215,0.84455,0.94692,-0.16553,-0.49774,-0.87342,-0.70546,0.1766,-0.0026768,-0.49679,1.0002,-0.14658,-0.84312,-0.52148,0.90645,-0.24564,-0.22663,-0.45564,-0.69556,-0.349,-0.63529,-0.76442,-1.0013,-0.023902,0.541,-0.01598,-0.45935,-0.1753,-0.8373,-0.026075,0.33855,0.49903,-0.71996,-0.29314,0.23935,-1.0661,0.18026,-0.71425,0.42705,-0.87381,0.25528,0.33184,-0.34677,1.1384,0.69499,-0.74078,0.65867,0.55715,-0.25606,-0.96492,0.72749,-0.39217,-0.1857,-1.1904,0.012653,-0.87307,-0.58212,0.41029,-0.54765,0.03831,1.1398,0.39748,-1.1777,-0.37061,-0.41245,1.1446,-0.71021,0.69027,-0.11739,-0.14527,-0.17391,-0.58716,-0.23619,-0.84504,0.60889,-0.41091,0.074995,-0.97678,-0.0076991,-0.62572,-0.17159,0.37396,0.90194,-1.5502,-0.091479,0.37845,-0.32703,-0.39882,0.069493,-0.34943,-0.0084752,-1.0578,-1.0561,-2.0647,-1.3405,-0.30657,0.33775,1.1773,-0.70239,-0.15245,-0.32104,0.0095604,1.1042,-0.29229,-0.5796,0.99816,1.2161,0.058864,0.8463,0.11183,-0.18107,0.5076,0.14154,-1.1309,-0.13109,-0.78431,-1.1222,-0.5644,-0.50474,-0.35615,-0.84021,0.22692,0.58901,1.2575,0.018825
zh,his,N,-0.14168,0.6442,-0.46729,0.5113,0.58103,-0.43829,-0.35829,0.015311,0.36944,-0.11125,0.22811,0.27588,0.85532,-0.47734,0.2243,-0.78169,0.63833,-0.36427,-0.5962,-0.63653,-0.75292,0.94875,0.84804,0.12732,0.53661,-0.37451,0.72077,0.17331,0.4333,0.11177,0.49695,-0.72271,-0.71124,-0.23494,-0.80122,0.97474,0.81083,-0.60797,0.15626,1.0207,0.47455,0.71563,0.83566,-0.79747,-0.29094,-0.35873,-0.53759,-0.22175,0.17421,-0.57567,1.1041,-0.24681,-0.30219,-0.47636,0.14762,-0.68469,-0.73614,-0.95425,-2.2714,0.27713,0.69639,0.05634,0.82261,1.0545,0.45578,0.67087,-0.60488,-0.48419,-0.4762,-0.48161,0.91432,-0.62179,0.66089,-0.38361,-0.70047,0.44922,0.072954,-0.51322,-0.28165,-0.65019,-0.36486,0.07767,0.4931,-0.66906,-0.62053,-0.57825,-0.002361,0.38861,-0.0099876,-0.5366,-0.48094,0.56409,-0.10527,-0.0033625,-0.58356,0.73341,0.71669,0.60899,0.029576,0.25375,0.59903,0.65582,-0.55886,0.41243,-0.3078,0.64451,0.14625,-0.51733,-0.61629,0.086861,0.15588,-0.52073,-0.17885,0.39367,0.21684,0.19262,-0.51833,0.30583,-0.46027,-0.51418,-0.37837,0.51761,0.50458,0.087591,-0.64131,-0.56439,0.43335,0.35575,-0.88951,0.39998,0.66229,0.14577,-0.77207,0.60673,-0.77866,0.33594,-0.32962,-0.34291,-0.51154,0.11753,-0.0057753,0.39839,0.6423,-0.90738,-0.44592,0.20887,-1.0556,-0.23825,-0.43439,-0.40763,0.27238,0.32943,-0.2466,0.10155,0.71655,-0.60582,0.1234,-0.42574,0.11326,0.73607,0.37709,0.3117,0.23591,0.050504,0.0012956,0.36409,-0.1127,0.8108,0.13893,0.46604,0.33378,0.55883,0.62572,-0.04364,-0.070865,0.032815,0.52429,0.59766,-0.22548,-0.2955,-0.51657,-0.41304,0.061196,0.074407,-0.15122,0.64576,-0.059906,-0.62102,-0.34099,0.80428,-0.10704,-0.17262,-0.39734,-0.31952,-0.18915,-0.34999,-0.44682,-0.4625,-0.0072209,0.23771,-0.25776,-0.34373,-0.16177,-0.614,-0.095539,0.21391,0.34919,-0.5588,-0.29427,0.32289,-0.90581,0.090335,-0.42046,0.26811,-0.83014,0.035314,0.18177,-0.18647,0.59333,0.46819,-0.50882,0.43065,0.44216,-0.035438,-0.5777,0.68689,-0.27504,-0.11505,-0.77841,0.03927,-0.57362,-0.50418,0.14825,-0.3096,0.12735,0.89118,0.23089,-0.73773,-0.16693,-0.18023,0.8215,-0.38935,0.46843,-0.27734,-0.11686,-0.15737,-0.35148,-0.16648,-0.60138,0.46138,-0.35378,0.13948,-0.80406,0.081005,-0.24273,-0.16226,0.1619,0.4552,-1.0754,-0.0099734,0.28802,-0.0488,-0.29345,-0.10843,-0.20847,0.013705,-0.57673,-0.4039,-1.3155,-0.89767,-0.49759,0.32151,0.6898,-0.54455,0.16945,-0.32924,-0.038698,0.73208,0.015353,-0.55001,0.84515,0.78853,-0.13263,0.34012,-0.10612,-0.074094,0.17453,-0.10666,-0.69871,-0.20792,-0.70264,-0.99678,-0.47045,-0.22255,-0.21897,-0.53147,0.49653,0.2913,0.95412,0.048773
zh,home,N,-0.28674,1.0275,-0.89499,0.1332,0.8798,-0.20429,-0.88975,0.16552,0.25694,-0.23229,1.0938,0.13947,1.5563,-1.3195,0.22709,-0.7812,0.84519,-0.54489,-1.571,-0.57805,-1.0859,1.4209,1.478,-0.024464,0.81201,-0.63466,1.2823,0.23819,0.63507,0.39438,1.1696,-0.84109,-1.0848,-1.0002,-0.59918,0.95583,1.2058,-0.65849,0.050703,1.8321,0.77785,1.2289,1.2462,-1.633,-0.41974,-0.73174,-0.77097,-0.42868,0.6603,-1.218,1.3972,-0.39554,-0.62443,-0.378,-0.025966,-1.1558,-1.1157,-1.3353,-3.9325,0.46025,1.1496,-0.22269,1.187,1.2565,0.52131,1.1608,-0.95832,-0.95748,-0.53525,-0.010489,1.5615,-1.0839,1.5173,-0.65807,-0.7732,0.77745,-0.12945,-0.88975,-0.41699,-1.1838,-0.053829,0.19824,0.92969,-0.7532,-0.90819,-1.1628,0.0029035,0.47549,0.40301,-1.0996,-0.81997,0.70071,0.031799,-0.087664,-0.81942,1.4918,0.89727,0.67623,-0.023267,0.30375,0.35482,0.53835,-0.90768,1.0317,-1.0604,0.75193,0.096678,-0.73740000000000006,-1.3231,-0.16968,0.44875,-0.78487,-0.12486,0.58945,0.2669,0.52274,-0.62756,0.24542,-1.046,-1.0172,-0.83477,0.97977,0.61005,0.26158,-0.86457,-0.84658,1.2467,0.67801,-1.0981,0.57875,1.1704,0.21486,-0.90494,1.0193,-1.5453,0.35059,-0.57361,-0.32673,-1.2215,-0.32804,0.054138,1.0608,1.0648,-1.2952,-0.7828,0.40645,-1.5654,-0.16981,-1.1936,-0.14336,0.36569,0.85646,-0.41224,0.3185,1.1473,-0.83521,0.32396,-0.9231,0.093354,0.80212,0.66188,0.37201,0.40977,-0.28793,-0.2723,0.3444,-0.30247,1.1764,0.43821,0.35269,0.5484,0.47884,1.3894,0.28321,-0.22573,-0.044094,1.0629,0.8635,-0.079405,-0.5024,-0.7835,-0.72823,0.43346,0.49597,-0.37011,1.1051,0.25759,-0.64019,-0.43096,0.67788,0.17446,-0.55113,-0.75274,-0.6082,-0.41521,-0.70865,-1.0486,-0.95848,-0.45374,0.42649,0.097719,-0.25937,0.018764,-0.73404,-0.11491,0.54931,0.44325,-0.35089,-0.1964,0.22039,-1.191,0.20094,-0.42751,0.50698,-0.6454,0.50439,0.34369,-0.087067,1.0242,1.0044,-0.68583,0.87375,0.44636,-0.032224,-1.1343,0.96483,-0.19456,-0.3782,-1.1924,0.098806,-0.71986000000000006,-0.87853,0.16141,-0.78349,-0.18046,1.5467,0.29986,-1.4263,-0.38954,-0.26588,0.9615,-0.8873,0.71787,-0.062548,-0.32553,0.028364,-0.50008,-0.12936,-0.74008,0.16364,-0.22391,-0.079341,-1.1031,0.41411,-0.61327,-0.66709,0.58825,0.77548,-1.5217,0.029051,0.36218,0.063616,-0.57489,-0.2879,-0.52582,-0.21128,-0.56696,-0.67409,-1.8246,-1.1347,-0.3139,0.32354,1.0837,-0.93237,-0.45883,-0.58343,-0.12766,0.95214,-0.16488,-0.72095,0.75955,1.249,-0.22844,1.2343,0.10631,-0.33119,0.61694,0.14472,-1.0033,0.26791,-0.82254,-1.0405,-0.45665,-1.0219,-0.39487,-0.9261,0.18687,0.60615,1.1454,0.38019
zh,male,N,-0.66688,0.6618,-0.57514,0.053833,0.84294,-0.58643,-0.29364,0.045686,0.36114,0.1907,0.55726,-0.18392,1.0916,-0.51747,-0.16831,-0.74309,0.4726,-0.61045,-0.91407,-0.29634,-0.34314,1.1996,0.40567,0.21573,0.42918,0.043692,0.6326,-0.19714,0.834,0.62181,0.81035,-0.94206,-0.76642,-0.5215,-0.76353,1.0827,0.87693,-0.46484,0.23136,1.0712,0.37681,1.3383,1.1303,-1.2658,-0.15076,-0.4441,-0.42545,-0.18947,0.07322,-0.64989,0.75912,-0.009991,-0.19241,-0.27047,-0.034346,-0.41916,-1.0017,-1.1547,-2.4017,-0.33985,0.50666,-0.19243,1.0287,0.9214,0.50472,0.77553,-1.0416,-0.37445,-0.55971,-0.56922,1.3442,-0.44081,0.97809,-0.1688,-0.7896,0.078547,-0.15292,-1.0073,-0.20386,-0.82491,-0.22367,0.011513,0.43264,-0.42267,-0.26475,-0.60297,0.14686,0.52806,-0.47054,-0.54846,-0.43601,0.27917,-0.059194,-0.20391,-0.40929,1.0133,0.31206,0.64544,-0.2001,0.46326,0.60342,0.30029,-0.41518,0.64301,-0.46465,0.73525,-0.1443,-0.7435,-0.80746,-0.20832,0.06368,-0.49804,0.24637,0.34043,0.20073,0.59083,-0.11388,0.15893,-0.67402,-0.12456,-0.82908,0.43888,0.6245,0.43924,-0.90959,-0.65973,0.39236,0.44662,-0.79967,0.3891,0.63037,0.28665,-0.22646,0.94203,-1.0893,-0.11305,-0.033519,0.11968,-0.64464,-0.39984,-0.095269,0.32857,0.56792,-0.96073,-0.66944,0.58111,-1.5043,-0.1596,-0.58123,-0.32007,0.19152,0.31341,-0.074898,0.31028,1.1184,-0.36478,0.21989,-0.8433,0.27306,0.94676,-0.03418,0.11058,0.014981,-0.38919,0.018799,0.45963,-0.49925,0.89122,0.53323,0.38578,0.45088,0.55379,0.99359,0.14643,0.13174,-0.044583,0.4277,0.60451,0.12612,-0.33445,-0.1602,-0.37134,0.23317,-0.069591,-0.25917,0.20653,0.39239,-0.27942,-0.0034582,0.91648,0.0050215,-0.19859,-0.32396,-0.58056,-0.026022,-0.70578,-0.64964,-0.44006,-0.087504,0.22574,0.13117,0.078541,-0.39559,-0.4137,-0.076735,0.13749,0.10157,-0.1627,-0.16999,0.29176,-0.83102,0.46447,-0.44141,-0.012679,-0.6537,0.31479,0.3257,0.54244,0.78965,0.3674,-0.5664,0.69268,0.29736,0.070683,-0.51584,0.55675,-0.11357,-0.27741,-0.35252,0.032587,-0.73796,-0.40796,0.10703,-0.37993,0.54331,0.85812,0.14344,-0.31156,-0.47026,-0.34958,0.53708,-0.37348,-0.0079075,-0.029069,-5.6596e-4,-0.10482,-0.36292,0.04076,-0.67812,0.23393,-0.64039,0.27634,-1.1047,0.66046,-0.72681,-0.14568,0.70121,0.53249,-1.5518,0.038883,0.12925,-0.72188,-0.14969,-0.10253,-0.4066,-0.6554,-0.74374,-0.28961,-1.5778,-1.0742,0.030828,0.3067,0.78005,-0.31302,-0.13567,-0.31308,-0.23471,0.53544,0.13745,-0.34095,0.73591,1.5017,0.48657,-0.071311,0.0045721,0.08361,0.20183,-0.028387,-1.066,0.12232,-1.016,-0.53903,-0.69916,-0.19989,0.21776,-0.37078,-0.095517,0.59425,1.5315,0.43753
zh,man,N,-0.10367,0.51049,-0.35647,0.23615,1.225,-0.56344,-0.45098,0.078063,0.44447,-0.097373,0.83439,0.064854,0.73726,-0.61821,0.0058171,-0.91164,0.7396,-0.34776,-1.0036,-0.44694,-0.60621,1.0988,0.71461,0.0059343,0.42796,-0.07788,0.82821,-0.11972,0.7708,0.15195,0.51925,-0.89291,-0.53489,-0.33855,-0.47532,0.85804,0.76659,-0.43451,0.39731,0.93134,0.53896,0.96379,0.76233,-0.74682,-0.19182,-0.20272,-0.57156,-0.34746,-0.1051,-0.71566,0.72597,-0.24944,-0.20979,-0.22673,0.07787,-0.9848,-0.72978,-0.79997,-2.373,0.32119,0.81924,-0.28363,0.86412,0.81762,0.15424,0.53462,-0.52661,-0.49755,-0.29958,-0.12397,1.2546,-0.26102,0.82501,-0.62747,-0.41265,0.2176,0.060683,-0.7113,-0.25142,-0.84614,-0.27416,0.047248,0.64792,-0.36374,-0.40867,-0.55519,0.23823,0.46901,-0.12344,-0.71925,-0.43449,0.29151,-0.40488,-0.28637,-0.40388,0.6892,0.28513,0.73083,-0.15693,0.10067,0.69665,0.90044,-0.3634,0.75786,-0.42422,0.6634,-0.034969,-0.64938,-0.65555,0.1744,0.19762,-0.49979,-0.13163,0.18966,0.13957,0.45997,-0.35454,0.17427,-0.87563,-0.44299,-0.90772,0.60534,0.38315,0.025246,-0.45968,-0.99394,0.42245,0.63469,-0.63187,0.30376,0.81132,0.20952,-0.75479,0.6817,-0.67355,0.21925,-0.32352,-0.10769,-0.4584,-0.1802,-0.073696,0.34606,0.57844,-0.87117,-0.83948,0.2803,-1.3408,-0.044852,-0.72918,-0.19712,0.5235,0.56135,-0.059124,0.053997,0.98433,-0.53231,0.33683,-0.57711,-0.20137,0.70049,0.31182,0.10533,-0.0016535,-0.30149,0.25552,0.40001,-0.29625,0.95337,0.45475,0.42322,0.51353,0.57817,0.75317,0.18165,0.079695,0.22415,0.50173,0.61761,0.28571,-0.15038,-0.053761,-0.5209,0.0077487,0.30356,-0.27243,0.34489,0.14206,-0.5069,-0.46098,0.76366,-0.30374,-0.16108,-0.18336,-0.55007,-0.33068,-0.51121,-0.7541,-0.71828,0.099944,0.33209,0.084327,-0.53716,-0.27849,-0.26519,-0.14517,0.13944,0.0078458,-0.17188,0.095634,0.1811,-0.77345,0.39586,-0.37205,0.33165,-0.7258,0.31755,0.40678,-0.1198,0.76395,0.3163,-0.30847,0.57678,0.29462,0.074108,-0.50248,0.76131,-0.12545,-0.39614,-0.61362,-0.038722,-0.40406,-0.54145,0.1608,-0.36055,0.12262,0.84321,0.017211,-0.61239,-0.29113,-0.36196,0.9722,-0.25311,0.30476,-0.42092,-0.27309,-0.26795,-0.15711,-0.23147,-0.475,0.32043,-0.64044,-0.036166,-0.99522,0.0078513,-0.29763,0.18071,0.33147,0.22923,-1.3072,0.13297,0.20802,-0.29917,-0.31018,-0.020827,-0.43162,-0.61302,-0.37183,-0.66307,-1.4991,-0.74555,-0.16081,0.52997,0.71937,-0.43128,-0.16781,-0.3803,-0.0061862,0.58597,0.10079,-0.3103,0.62771,1.155,-0.10103,0.56037,-0.31317,-0.23904,0.36569,0.31111,-0.90792,0.17703,-0.67708,-0.79702,-0.50198,-0.33962,-0.20795,-0.84942,-0.010051,0.7519,0.95473,-0.057434
zh,management,N,-0.042236,0.277,-0.69396,0.45916,0.84539,-0.43458,-0.65116,0.3042,0.059803,-0.32521,0.49003,-0.14976,1.3006,-0.8343,0.24416,-0.29521,0.72675,-0.11447,-0.67193,-0.58127,-0.43983,0.75508,0.68137,-0.031017,0.50873,-0.22619,0.77057,0.074682,0.5332,0.19911,0.56783,-0.6852,-0.60964,-0.52274,-0.34218,0.92095,0.61819,-0.057431,-0.061831,1.2246,0.42565,0.5331,1.0151,-0.89852,-0.28865,-0.50369,-0.55665,-0.17934,0.12431,-0.53989,1.0323,-0.32601,-0.25142,-0.32969,-0.096752,-0.67659,-1.0093,-0.91432,-2.2813,0.21472,1.0591,0.27996,0.44905,0.7897,0.33831,0.66113,-0.84595,-0.59369,-0.63464,-0.39264,1.0813,-0.53955,1.1049,-0.15738,-0.54371,0.095437,0.055586000000000003,-0.65036,-0.43292,-0.81727,-0.17289,-0.075691,1.1439,-0.22308,-0.54883,-0.93717,0.2713,0.10397,0.12806,-1.0938,-0.39481,0.53575,-0.010446,-0.2398,-0.5627,0.90862,0.40631,0.41065,0.010558,-0.0063643,0.73301,0.68742,-0.43432,0.77019,-0.28492,0.34297,0.017015,-0.4059,-0.41505,0.40125,-0.034532,-0.66266,0.057795,0.45334,0.069602,0.30831,-0.44352,0.13091,-0.51404,-0.98299,-0.26114,0.54098,0.64393,-0.18834,-0.28094,-0.45967,0.79518,0.55791,-0.60156,0.15683,0.83768,0.27616,-0.71778,0.53956,-0.7579,0.1357,-0.53783,-0.15306,-0.64053,-0.10456,-0.10958,0.4944,0.60569,-0.78141,-0.16708,0.47818,-1.1696,-0.12539,-0.8361,-0.21836,0.30627,0.4934,-0.019356,0.21871,1.0276,-0.38585,-0.077515,-0.31039,0.040092,0.61365,0.14739,0.33275,0.062089,-0.17415,-0.1167,0.48578,0.11964,0.6497,0.63113,0.32002,0.61035,0.23609,0.87488,0.0045776,0.08098,0.054277,0.46709,0.8349,-0.06825,-0.66806,-0.81072,-0.24268,0.49828,-0.040045,-0.51498,0.87483,-0.15341,-0.45767,-0.47493,0.65412,-0.23773,0.28651,-0.75874,-0.55312,-0.092833,-0.52284,-0.59832,-0.72511,-0.026267,0.27327,-0.20329,-0.40223,-0.28261,-0.83054,0.49237,0.042297,0.22944,-0.13321,-0.23148,0.10534,-0.63715,0.46558,-0.47934,0.33113,-0.7292,0.088576,0.23638,-0.29551,0.5393,0.41711,-0.39161,0.74233,0.67421,-0.15696,-1.2412,0.69223,-0.42036,-0.43729,-0.20002,0.14425,-0.62641,-0.36158,0.10621,-0.66186,-0.40345,1.0704,0.4542,-0.58681,0.25928,-0.1663,0.22625,-0.44911,0.51233,-0.098566,-0.25098,0.56562,-0.63172,-0.28979,-0.070301,0.5708,0.0092607,0.092341,-0.92728,0.34535,-0.2833,-0.1776,0.38151,0.10924,-1.1196,-0.17347,0.48881,-0.39933,-0.31469,0.46933,0.0017478,-0.24951,-0.91796,-0.23484,-1.6256,-0.95147,-0.27895,0.5467,1.0773,-0.64772,-0.23899,-0.359,0.057848,0.33322,-0.19173,-0.41436,0.62072,0.96197,0.30037,0.8687,0.16216,-0.22188,0.073386,0.32107,-0.58629,0.2666,-0.60515,-1.0148,-0.32399,-0.30411,0.011724,-0.50156,0.37912,0.14901,0.82717,0.29053
zh,marriage,N,-0.2152,0.74875,-0.24242,0.38761,0.78816,-0.60907,-0.65618,0.090372,0.36934,-0.066256,0.60689,0.27235,0.89619,-0.72052,0.39316,-0.99208,0.57333,-0.46594,-1.0158,-0.26603,-0.26541,1.0199,0.89817,0.13041,0.62003,0.13124,0.59002,0.26343,0.81602,0.10884,0.89453,-0.61381,-0.63632,-0.71987,-0.50238,0.92415,0.60216,-0.15258,-0.1054,1.2655,0.3673,1.0283,0.96335,-0.74937,-0.74207,-0.3183,-0.88418,-0.29376,0.19345,-0.50012,1.0756,-0.01724,-0.55542,-0.52295,0.17569,-0.87788,-0.81377,-0.89759,-2.544,0.30024,0.77766,-0.1712,1.01,0.73856,0.20808,0.7256,-0.90712,-0.56385,-0.44823,-0.49549,0.93821,-0.96224,0.48467,-0.47694,-0.67558,0.19093,-0.10372,-0.47865,-0.43,-0.85318,-0.17085,0.48556,0.80162,-0.45549,-0.56617,-0.88937,0.1223,0.53816,-0.26847,-1.0691,-0.5371,0.65046,-0.16137,-0.11988,-0.76839,0.90096,0.73253,0.90807,-0.06368,0.22729,0.74215,0.69921,-0.72176,0.92174,-0.67102,0.58701,0.13567,-0.56278,-0.58296,0.3812,0.33856,-0.95278,-0.20144,0.29006,0.16194,0.69237,-0.19106,-0.24815,-0.77135,-0.69088,-0.44789,0.77142,0.56561,-0.52947,-0.88273,-0.9284,0.55518,0.35744,-1.1481,0.81992,0.50181,0.14177,-0.53443,1.2285,-0.54584,0.15752,-0.33113,-0.18746,-0.46742,-0.24112,0.22091,0.59522,0.55844,-0.93196,-1.0407,0.35533,-1.0031,-0.063097,-0.84136,-0.33224,0.39699,0.58027,-0.11308,0.21957,0.92276,-0.80979,0.2655,-0.5234,-0.0227,0.68708,0.65589,0.40384,-0.15403,-0.24603,0.039179,0.64388,-0.20748,0.54104,0.3172,0.84867,0.50957,0.17578,0.82006,0.46329,0.025069,0.54777,0.65864,0.86464,0.022626,-0.30922,-0.24089,-0.6217,0.2454,-0.201,-0.032631,0.86001,0.28743,-0.53651,-0.18336,0.6694,0.11859,-0.31658,-0.082786,-0.45144,-0.23133,-0.24558,-0.7551,-0.6359,0.0021586,0.33329,-0.0082633,-0.51415,-0.13254,-0.57073,-0.13414,0.034926,0.69328,-0.13779,-0.30102,0.10352,-0.81648,-0.14057,-0.68242,0.21603,-0.80386,0.066509,0.40685,0.037168,0.78002,0.24874,-0.45613,0.35274,0.64444,-0.18038,-0.85622,0.54692,-0.52704,-0.074152,-0.58758,0.12425,-0.72282,-0.30707,0.13686,-0.55804,0.14009,0.70743,0.27747,-0.72249,-0.64223,-0.19958,0.56574,-0.50304,0.5163,-0.25835,-0.30726,-0.10555,-0.2314,-0.30374,-0.41544,0.36634,-0.55477,-0.19542,-0.9465,0.34405,-0.13154,0.11237,0.31736,0.63191,-1.2689,0.3075,0.20588,-0.26484,-0.5438,-0.19305,-0.17912,-0.83489,-0.39357,-0.20096,-1.5909,-0.72388,0.07221,0.34025,0.89527,-0.77601,-0.21186,-0.31986,0.1058,0.56449,-0.19163,0.14236,0.99368,1.1489,0.048873,0.52084,0.32608,-0.067641,0.027643,0.16691,-0.83786,0.019959,-0.57508,-1.1052,-0.45734,-0.16164,0.29377,-0.86255,0.51086,0.87143,1.4135,-0.39074
zh,office,N,0,0,0,0,0,0,0,0,0,0,0,0,0,0,0,0,0,0,0,0,0,0,0,0,0,0,0,0,0,0,0,0,0,0,0,0,0,0,0,0,0,0,0,0,0,0,0,0,0,0,0,0,0,0,0,0,0,0,0,0,0,0,0,0,0,0,0,0,0,0,0,0,0,0,0,0,0,0,0,0,0,0,0,0,0,0,0,0,0,0,0,0,0,0,0,0,0,0,0,0,0,0,0,0,0,0,0,0,0,0,0,0,0,0,0,0,0,0,0,0,0,0,0,0,0,0,0,0,0,0,0,0,0,0,0,0,0,0,0,0,0,0,0,0,0,0,0,0,0,0,0,0,0,0,0,0,0,0,0,0,0,0,0,0,0,0,0,0,0,0,0,0,0,0,0,0,0,0,0,0,0,0,0,0,0,0,0,0,0,0,0,0,0,0,0,0,0,0,0,0,0,0,0,0,0,0,0,0,0,0,0,0,0,0,0,0,0,0,0,0,0,0,0,0,0,0,0,0,0,0,0,0,0,0,0,0,0,0,0,0,0,0,0,0,0,0,0,0,0,0,0,0,0,0,0,0,0,0,0,0,0,0,0,0,0,0,0,0,0,0,0,0,0,0,0,0,0,0,0,0,0,0,0,0,0,0,0,0,0,0,0,0,0,0,0,0,0,0,0,0
zh,parents,N,-0.21306,0.85609,-0.41549,0.17375,1.017,-0.50545,-0.64348,0.051957,0.36745,-0.0073395,0.79575,0.084699,0.70477,-0.78853,0.32139,-0.7559,0.84799,-0.31193,-0.6613,-0.39094,-0.58778,0.93944,0.58219,-0.07823,0.77467,-0.22626,0.86006,0.16706,0.67739,0.19339,0.75008,-0.53653,-0.71763,-0.54132,-0.35647,0.57279,0.80828,-0.37291,0.15502,1.2947,0.61956,0.95749,1.0072,-0.86793,-0.2608,-0.21709,-0.62463,-0.29356,0.16152,-0.44867,1.2243,-0.14159,-0.24158,-0.23976,0.26666,-0.69401,-0.96513,-0.91162,-2.7259,0.15903,0.6979,0.083985,0.76128,0.84206,0.40712,0.74484,-0.38712,-0.38948,-0.4902,-0.4131,1.0774,-0.79641,0.7335,-0.50517,-0.68631,0.24782,-0.030634,-0.74614,-0.14626,-0.96706,-0.20469,0.31303,0.54382,-0.52973,-0.65617,-0.84906,0.098167,0.29081,-0.0029408,-0.70835,-0.61465,0.49675,-0.1033,-0.10599,-0.63877,0.77145,0.58954,0.56989,0.071815,0.25812,0.55061,0.6312,-0.55505,0.36194,-0.47225,0.54761,0.070074,-0.5454,-0.72872,0.080206,0.2199,-0.6328,-0.24859,0.47771,0.29413,0.27426,-0.56752,0.024942,-0.42093,-0.29287,-0.48261,0.71744,0.43008,0.15453,-0.54956,-0.8567,0.48964,0.4433,-0.83104,0.2297,0.29938,-0.0017978,-0.60171,0.6759,-0.94633,0.33046,-0.31561,-0.19503,-0.64525,-0.18636,-0.34685,0.66165,0.63281,-1.0686,-0.7704,0.35277,-1.0807,-0.22869,-0.70472,-0.26648,0.14632,0.52783,-0.49402,0.062281,1.0036,-0.67197,-0.032926,-0.48163,0.0017076,0.43632,0.55808,0.40828,-0.34504,-0.23584,-0.010742,0.55128,-0.35409,0.84086,-0.008289,0.31825,0.3684,0.52856,0.83416,0.098305,-0.053528,0.08642,0.65267,0.68748,-0.059601,-0.24392,-0.29215,-0.33663,0.28639,0.072221,-0.084914,0.67528,0.21292,-0.52754,-0.54901,0.76207,-0.22529,-0.24185,-0.044767,-0.56403,-0.23101,-0.52147,-0.54929,-0.67348,-0.023492,0.31658,-0.16646,-0.30383,-0.15593,-0.64594,-0.17799,0.27583,0.35591,-0.28372000000000003,-0.27583,-0.039057,-0.74184,-0.087871,-0.50727,0.076771,-0.81967,0.12189,0.32952,0.0014177,0.82273,0.43855,-0.46024,0.50163,0.48593,-0.049121,-0.48324,0.65123,-0.30369,-0.29297,-0.94435,0.2522,-0.64564,-0.612,0.03124,-0.48193,0.30289,0.75149,0.15785,-1.1535,-0.06053,-0.080261,0.89586,-0.2029,0.42167,-0.35509,-0.18255,-0.11918,-0.30735,-0.086143,-0.53112,0.31674,-0.50904,0.088054,-0.81349,0.23962,-0.15804,-0.014188,0.52693,0.21163,-1.1198,0.14862,0.66728,0.48839,-0.35542,-0.29821,-0.054041,-0.16998,-0.40775,-0.19721,-1.4978,-0.95847,0.058749,0.32758,0.71488,-0.75738,-0.2297,-0.51246,0.1443,0.77193,0.099138,-0.19193,0.87164,1.0113,-0.025085,0.37733,0.1175,-0.47948,0.26526,-0.13576,-0.89678,-0.047955,-0.48091,-1.0756,-0.35039,-0.43463,-0.06078,-0.7382,0.38668,0.43759,1.278,-0.043207
zh,professional,N,0,0,0,0,0,0,0,0,0,0,0,0,0,0,0,0,0,0,0,0,0,0,0,0,0,0,0,0,0,0,0,0,0,0,0,0,0,0,0,0,0,0,0,0,0,0,0,0,0,0,0,0,0,0,0,0,0,0,0,0,0,0,0,0,0,0,0,0,0,0,0,0,0,0,0,0,0,0,0,0,0,0,0,0,0,0,0,0,0,0,0,0,0,0,0,0,0,0,0,0,0,0,0,0,0,0,0,0,0,0,0,0,0,0,0,0,0,0,0,0,0,0,0,0,0,0,0,0,0,0,0,0,0,0,0,0,0,0,0,0,0,0,0,0,0,0,0,0,0,0,0,0,0,0,0,0,0,0,0,0,0,0,0,0,0,0,0,0,0,0,0,0,0,0,0,0,0,0,0,0,0,0,0,0,0,0,0,0,0,0,0,0,0,0,0,0,0,0,0,0,0,0,0,0,0,0,0,0,0,0,0,0,0,0,0,0,0,0,0,0,0,0,0,0,0,0,0,0,0,0,0,0,0,0,0,0,0,0,0,0,0,0,0,0,0,0,0,0,0,0,0,0,0,0,0,0,0,0,0,0,0,0,0,0,0,0,0,0,0,0,0,0,0,0,0,0,0,0,0,0,0,0,0,0,0,0,0,0,0,0,0,0,0,0,0,0,0,0,0,0
zh,relatives,N,-0.010542,0.82285,-0.55715,0.37088,0.74859,-0.25955,-0.59959,0.036495,-0.086243,-0.37412,0.53755,-0.13633,0.7679,-0.77545,0.34095,-0.57636,0.79406,-0.050204,-0.76166,-0.54022,-0.41871,1.1568,0.50878,-0.002938,0.95176,-0.32474,0.99945,0.16988,0.56813,0.20635,1.1437,-0.47569,-0.33863,-0.5556,-0.76062,0.82224,0.67787,-0.68752,0.49076,1.1075,1.0036,0.77891,0.858,-0.83919,-0.25876,-0.38052,-0.83843,-0.38271,-0.058627,-0.83859,1.4113,-0.21282,-0.34526,-0.63663,0.48293,-0.95013,-1.0494,-1.1605,-2.5824,0.42497,0.91797,-0.12539,0.86996,0.54285,0.20666,0.71785,-0.67002,-0.39492,-0.44167,-0.2087,1.0649,-0.34184,0.9547,-0.35171,-0.65208,0.35668,-0.1593,-0.77299,-0.41149,-1.1053,-0.06958,0.49339,0.74194,-0.31687,-0.70787,-0.69793,-0.045857,0.54113,-0.11626,-1.0149,-0.65255,0.47516,0.042693,-0.050881,-0.76293,1.1047,0.41994,0.25168,-0.20032,0.41243,0.25122,0.60782,-0.47328,0.47508,-0.59805,0.50112,0.33065,-0.46157,-0.64311,-0.076976,0.13116,-0.69236,-0.30788,0.45199,0.3729,0.32076,-0.39899,0.2455,-0.65627,-0.37777,-0.71536,0.28348,0.55637,0.080877,-0.82179,-0.67318,0.77479,0.35343,-0.63195,0.4479,0.44113,-0.14242,-0.60371,0.73241,-0.78095,0.27331,-0.28099,-0.044378,-0.86589,-0.31817,-0.26627,0.46998,0.70392,-1.0666,-0.69484,0.29493,-1.1526,-0.14034,-0.68941,-0.098971,0.33961,0.16114,-0.5461,0.19626,0.72557,-0.90724,0.2817,-0.57971,-0.24036,0.57458,0.6551,0.19757,0.029486,-0.089605,-0.076374,0.3228,-0.036319,0.85107,0.21323,0.45861,0.6744,0.29238,1.3492,-0.11233,0.16273,-0.19484,0.91235,0.74794,0.09391,-0.19611,-0.42877,-0.51001,0.20607,0.20095,0.053056,0.56208,0.15073,-0.16467,-0.44098,0.48371,-0.23654,-0.049538,-0.21603,-0.40301,-0.20054,-0.56305,-0.34114,-0.56202,-0.10266,-0.017804,-0.10748,-0.066861,0.23988,-0.57935,-0.32349,0.19793,0.4652,-0.29706,-0.034131,0.094604,-0.57728,0.21739,-0.40243,0.17954,-0.78325,0.31029,0.19889,0.010909,0.84991,0.4837,-0.27911,0.67105,0.64773,0.10525,-0.72197,0.82074,-0.61982,-0.33562,-0.58695,0.17973,-0.77415,-0.23846,0.50699,-0.4286,0.20166,0.61047,0.17088,-1.3065,0.11928,-0.10489,1.0867,-0.10876,0.59181,-0.55646,-0.11194,-0.41984,-0.5138,-0.089833,-0.48639,0.58605,-0.44794,-0.090892,-0.63601,0.31028,-0.36759,0.088118,0.58366,0.22893,-1.0683,0.066911,0.24284,0.1984,-0.46378,-0.31408,-0.16984,-0.032756,-0.94174,-0.42432,-1.4124,-0.63935,-0.20182,0.12571,0.92611,-0.75778,-0.2218,-0.2746,-0.095173,0.50279,0.38364,-0.6424,0.76402,1.384,-0.15238,0.44005,0.14331,-0.53798,0.33848,-0.22965,-0.91489,-0.12167,-0.78129,-0.68221,-0.25296,-0.52677,0.005704,-0.74671,0.43837,0.55344,1.2948,-0.22458
zh,salary,N,0.25082,0.63387,-0.82992,0.36441,0.45806,0.11821,-0.57237,0.14629,0.27561,-0.17283,0.76408,0.083712,0.93758,-0.76314,0.029311,-0.26071,1.0178,-0.32581,-0.57478,-0.38065,-0.7487,0.97471,0.74217,0.068061,0.6062,-0.16779,0.89004,-0.12066,0.58932,0.28313,0.88442,-0.75339,-0.40143,-0.20558,-0.89347,0.91603,0.74685,-0.39201,0.039903,1.0126,0.32962,0.7444,0.92629,-0.52752,-0.039074,-0.59128,-0.45775,-0.27603,0.38625,-0.51405,1.3452,-0.45157,-0.20131,0.079656,0.24241,-0.726,-0.94662,-0.67125,-2.9494,0.037539,0.89477,-0.10502,0.74523,0.78612,0.11809,0.75373,-0.67411,-0.66111,-0.66942,-0.37418,1.0027,-0.62572,0.86638,-0.4475,-0.7602,0.25284,-0.24289,-0.58264,-0.064248,-1.2165,-0.15056,0.31705,0.69699,-0.40595,-0.11215,-0.7831,0.020469,0.33916,-0.11677,-0.8927,-0.68441,0.65725,-0.30562,0.19964,-0.79931,0.83744,0.48822,0.3632,-0.28411,0.049522,0.48579,0.62593,-0.10068,0.40224,-0.3368,0.69992,0.10008,-0.577,-0.40659,0.35581,0.26392,-0.78398,-0.10835,0.59718,0.36068,0.45255,-0.62503,0.31149,-0.39865,-0.27441,-0.55331,0.57467,0.52424,-0.05967,-0.59066,-0.59488,0.37584,0.3471,-0.88303,0.48689,0.5139,0.1702,-0.56635,0.49778,-0.87768,0.42347,0.097351,0.067491,-0.60548,-0.19477,-0.074207,0.64575,0.6429,-0.73083,-0.59387,0.29921,-1.2031,0.16629,-0.70621,-0.30912,0.30522,0.68336,-0.21347,0.023032,0.95234,-0.49984,0.31149,-0.69179,0.083228,0.7222,0.45043,0.22455,-0.13494,-0.29802,-0.039656,0.41912,-0.092596,1.0155,0.34367,0.16691,0.52372,0.60849,0.80617,0.43457,-0.2277,0.2173,0.57658,0.90406,-0.12708,-0.58676,-0.71822,-0.60963,0.18218,-0.24985,-0.43876,1.1998,-0.16819,-0.66681,-0.40124,0.51146,-0.041626,-0.2968,-0.355,-0.2886,-0.13357,-0.66492,-0.64273,-0.77723,0.049408,0.33741,-0.16688,-0.16986,0.017051,-0.68376,-0.097063,0.25735,0.3533,-0.29455,-0.12413,0.32371,-1.213,0.04278,-0.59023,0.4999,-1.0152,-0.14961,0.16882,-0.26549,0.91386,0.80208,-0.44697,0.68781,0.53046,-0.082715,-0.70435,0.79042,-0.57139,-0.094255,-0.37329,-0.35691,-0.62563,-0.25299,0.48234,-0.42437,0.11968,0.63526,0.026413,-0.77593,0.1688,-0.15421,0.70443,-0.20589,0.56697,-0.19857,-0.52721,0.16086,-0.51834,-0.37494,0.0054932,0.8789,-0.78506,-0.056421,-0.89211,0.25677,-0.55321,-0.21164,0.40698,0.16406,-1.334,0.16472,0.49302,-0.33317,-0.47084,-0.10958,7.6294e-4,-0.27499,-0.52438,-0.60502,-1.6202,-0.81281,0.11483,0.53753,1.029,-0.55241,-0.074407,-0.31467,-0.16708,0.48655,0.099509,-0.21172,0.82844,1.1142,-0.075168,0.27253,-0.20995,-0.097801,0.3894,-0.15233,-0.38759,0.058594,-0.67514,-0.70847,-0.20861,-0.63189,-0.048573,-0.23244,0.18667,0.96968,1.138,0.088329
zh,she,N,-0.24452,1.2562,-0.65856,0.64472,1.1965,-0.65481,-0.95777,0.045301,0.36349,-0.16265,0.92623,0.30242,1.4448,-1.0918,0.21265,-1.0123,0.96486,-0.50804,-1.2088,-0.8004,-1.1765,1.2358,1.3049,-0.033129,0.97065,-0.30548,1.269,0.23275,0.96623,0.38309,1.0572,-1.197,-1.0878,-0.53785,-0.99176,1.3468,1.2388,-0.66577,0.27048,1.8248,0.74299,1.5282,1.4262,-1.3679,-0.40907,-0.48786,-0.87785,-0.49759,0.56316,-0.96181,1.4319,-0.53877,-0.27396,-0.5132,0.17459,-1.0453,-1.2725,-1.3758,-4.0649,0.4934,1.264,-0.073304,1.0673,1.4269,0.45072,1.028,-1.142,-0.67358,-0.56804,-0.37949,1.7072,-0.82067,1.114,-0.52216,-0.94857,0.63831,-0.020238,-0.9571,-0.40144,-1.0688,-0.38911,0.20063,1.195,-0.9692,-1.0266,-1.0125,0.26144,0.58834,-0.096976,-1.0753,-0.85332,0.91881,-0.37508,-0.19177,-1.0199,1.35,0.78383,0.98012,-0.10437,0.20612,0.70834,0.90669,-0.74947,0.82134,-0.64523,0.84127,-0.075082,-0.87136,-0.79448,0.10406,0.20518,-0.8902,-0.26442,0.51181,0.26776,0.62029,-0.81962,0.18999,-0.75417,-0.91673,-0.76494,1.1785,0.82987,0.04044,-0.90418,-1.0869,0.90805,0.62395,-1.4137,0.4182,0.99127,0.20354,-1.2091,1.0747,-1.2061,0.58084,-0.4269,-0.37339,-0.98427,-0.19453,-0.051339,0.96442,1.0773,-1.38,-1.0572,0.40848,-1.7488,-0.13074,-0.8581,-0.34474,0.58577,0.83032,-0.22917,0.21335,1.182,-0.86395,0.45735,-0.54845,0.013264,0.87513,0.69526,0.47001,0.32274,-0.18035,-0.041997,0.39069,-0.11616,1.2544,0.45107,0.43954,0.84189,0.79045,1.2121,0.026167,0.085711,0.17983,0.76821,0.83861,-0.10244,-0.6199,-0.77516,-0.74007,0.026267,0.087193,-0.47176,0.99942,-0.035495,-0.88034,-0.61998,0.96414,-0.25955,-0.34265,-0.54389,-0.76172,-0.33556,-0.78169,-0.65894,-0.86419,-0.12587,0.52747,0.078367,-0.47886,-0.23834,-0.78166,-0.20078,0.31847,0.3382,-0.59034,-0.195,0.28224,-1.0397,0.16547,-0.77946,0.33243,-1.0678,0.19754,0.35768,-0.17437,1.2254,0.67204,-0.67157,0.64222,0.45055,-0.2413,-0.77897,0.82699,-0.38394,-0.2333,-1.1103,0.093428,-0.98176,-0.60014,0.1961,-0.54609,0.11014,1.1906,0.47952,-1.3138,-0.38552,-0.515,1.2368,-0.43812,0.73897,-0.21715,-0.2228,-0.09273,-0.50844,-0.29893,-0.78296,0.50256,-0.62458,0.032815,-0.94729,0.19616,-0.44377,-0.05246,0.50759,0.70822,-1.7472,-0.068394,0.5853,-0.27941,-0.45604,0.016868,-0.35873,-0.14151,-0.92559,-1.0053,-2.0289,-1.3918,0.015172,0.22815,1.0968,-0.83806,-0.17214,-0.32156,-0.046593999999999997,1.1614,-0.21439,-0.57001,1.151,1.293,0.057077,0.75602,-0.068133,-0.14236,0.64387,0.27594,-1.2493,-0.031878,-0.82163,-1.222,-0.4613,-0.49338,-0.19667,-1.1131,0.28843,0.78894,1.4469,0.065351
zh,sister,N,-0.14987,0.67318,-0.51882,0.4211,1.0609,-0.51211,-0.71225,0.13418,0.27772,-0.29831,0.8518,0.0070884,1.0519,-0.92266,0.20958,-0.79153,0.81054,-0.47211,-0.63277,-0.38212,-0.72327,1.0103,0.556,-0.10363,0.60616,-0.38973,0.73527,0.044595,0.74537,0.18874,0.56425,-0.93571,-0.81951,-0.48068,-0.35728,0.71929,0.87256,-0.54612,0.32159,1.2344,0.3724,1.1944,1.1324,-0.68296,-0.24984,-0.33799,-0.91553,-0.31219,-0.0086781,-0.81744000000000006,1.1236,-0.16878,-0.20331,-0.49609,0.34808,-0.80834,-0.71859,-1.1464,-2.842,0.40777,0.86484,0.030892,1.0548,1.0583,0.34208,0.82082,-0.64317,-0.53191,-0.46774,-0.032426,1.1291,-0.68517,0.56444,-0.34894,-0.66759,0.65359,-0.02217,-0.68156,0.068271,-0.84359,-0.24849,0.32169,0.70497,-0.57134,-0.82117,-0.77415,0.34629,0.42996,-0.15827,-0.55178,-0.65538,0.55011,-0.52654,-0.151,-0.43939,1.3042,0.53251,0.59098,0.31431,0.2393,0.58743,0.59109,-0.53961,0.7508,-0.65794,0.60048,-0.21516,-0.44162,-0.58117,0.18038,0.050461,-0.96936,-0.046752,0.40535,0.32702,0.55969,-0.5412,0.14072,-0.80917,-0.27769,-0.51494,0.33643,0.71954,0.10933,-0.49913,-0.70822,0.48222,0.4847,-0.54394,0.044367,0.58876,0.076294,-0.63154,0.43918,-0.95726,0.35412,-0.36529,-0.2713,-0.8643,0.050704,-0.3631,0.42487,0.95657,-0.95605,-0.72669,0.40721,-1.1554,-0.31348,-0.55032,-0.042117,0.38652,0.44865,-0.76307,0.16889,0.85009,-0.65213,0.084129,-0.59182,-0.27779,0.63608,0.65962,0.40005,0.036765,-0.22637,0.11934,0.26915,0.087671,1.1466,0.234,0.28054,0.39352,0.40582,0.91085,-0.070501,0.15787,0.058921,0.62447,0.4666,0.14056,-0.31315,-0.20989,-0.4822,0.0040006,0.27768,-0.081743,0.75442,-0.093884,-0.28729,-0.70938,0.56562,-0.024392,-0.18616,-0.14813,-0.42574,-0.26599,-0.59784,-0.54486,-0.16851,-0.035414,0.20261,0.072268,-0.27987,-0.097728,-0.46701,-0.063379,0.07509,0.12396,-0.24806,-0.05192,0.16076,-0.73093,0.18908,-0.46911,0.22753,-0.71856,-0.015963,0.15021,0.11884,0.8007,0.072199,-0.27046,0.44903,0.15928,0.21977,-0.50109,0.52868,-0.25923,-0.40135,-0.74962,0.15648,-0.64823,-0.40131,-0.082836,-0.26445,0.32001,0.73037,0.083761,-1.0364,-0.10716,-0.26551,0.63669,-0.067172,0.33558,-0.42691,-0.23781,-0.3321,-0.24838,-0.096624,-0.51137,0.048562,-0.36361,-0.1521,-0.76942,-0.014648,-0.20619,0.30525,0.33913,-0.046198,-1.1909,0.1048,0.48043,0.012379,-0.63034,-0.27857,-0.089222,-0.15849,-0.53867,-0.23797,-1.5988,-0.81459,0.083563,0.42807,0.81768,-0.80201,-0.30658,-0.46253,-0.009328,0.8319,0.22761,-0.43452,0.88581,0.80301,-0.16467,0.46053,-0.14769,0.058932,0.35245,0.23258,-0.75433,-0.038408,-0.45899,-0.59892,-0.30451,-0.089766,-0.038313,-0.89311,0.34726,0.62986,1.1133,0.022411
zh,son,N,-0.14349,0.6698,-0.41047,0.29828,0.64404,-0.50237,-0.61469,0.15799,0.18757,-0.37412,0.83129,0.23713,0.85079,-0.73739,0.22512,-0.85076,0.96888,0.12301,-0.63682,-0.57958,-0.31654,1.2162,0.56992,0.14589,0.95111,-0.55305,0.86636,-0.070898,0.71151,0.057695,0.87476,-0.52042,-0.48468,-0.51171,-0.59818,0.899,0.89355,-0.44109,0.20594,0.95494,0.76397,0.6259,1.0127,-0.49391,-0.12362,-0.32676,-0.83829,-0.12328,-0.086415,-0.68975,1.0859,-0.089788,-0.24255,-0.64291,0.38605,-0.73563,-0.95839,-1.2879,-2.3282,0.55021,0.69295,-0.11114,0.86685,0.9318,0.19635,0.78225,-0.44476,-0.4337,-0.48228,-0.26876,1.1377,-0.44594,0.85497,-0.555,-0.93154,0.57352,0.062791,-0.86973,-0.10454,-0.86214,-0.44308,0.41096,0.52547,-0.40374,-0.79353,-0.94727,-0.18071,0.75471,0.14693,-0.89585,-0.55417,0.43156,-0.077871,-0.09011,-0.46733,1.1735,0.28475,0.28887,0.13306,0.24536,0.50389,0.66593,-0.40473,0.57056,-0.68404,0.43378,0.038315,-0.51704,-0.7736,-0.147,0.054524,-0.74938,0.0093633,0.32844,0.64557,0.27725,-0.40248,0.23418,-0.74407,-0.25444,-0.46307,0.30746,0.29089,0.1819,-0.90391,-0.74057,0.41168,0.42834,-0.8654,0.4217,0.73542,-0.0099765,-0.75309,0.71862,-1.0155,0.32866,-0.2602,-0.01901,-0.78905,-0.10561,-0.17879,0.54096,0.82041,-1.0294,-0.63851,0.25104,-1.0472,-0.047048,-0.56268,-0.01664,0.28906,0.35281,-0.56973,0.28928,0.76155,-0.563,0.0069358,-0.37953,-0.46873,0.51573,0.41066,0.46745,0.1185,-0.16963,-0.24634,0.38224,-0.19525,1.1137,0.21461,0.29823,0.56923,0.030124,1.196,-0.14451,0.075193,-0.27676,0.93415,0.75815,0.10408,-0.45407,-0.4576,-0.52251,0.037537,0.51741,-0.093079,0.56577,0.0067881,-0.27303,-0.45797,0.61404,-0.13421,-0.16819,-0.21502,-0.50084,-0.47549,-0.21968,-0.53053,-0.58074,-0.15191,0.32467,-0.12849,-0.41255,-0.031899,-0.67524,0.038197,-0.0045499,0.45683,-0.56222,-0.24535,0.082958,-0.41407,0.080469,-0.34502,0.31871,-0.85727,0.10601,0.22902,-0.1973,0.79114,0.37447,-0.31861,0.19552,0.73045,-0.13253,-0.56664,0.53254,-0.24681,-0.14558,-0.61136,0.52656,-0.56252,-0.33542,0.41869,-0.09769,0.19629,0.69749,0.28749,-0.77182,0.024747,-0.31851,1.0013,0.18151,0.4381,-0.50505,-0.26627,-0.52621,-0.27151,-0.073436,-0.38291,0.42748,-0.68441,-0.07378,-0.95178,0.066939,-0.24494,0.0098877,0.22869,0.33787,-1.3773,0.21424,0.29282,0.36895,-0.48975,-0.46179,-0.2348,0.081554,-0.65489,-0.27422,-1.4968,-0.714,-0.21798,0.17148,0.71338,-0.87568,0.11753,-0.2194,-0.22268,0.80307,0.47765,-0.49662,0.90696,1.2156,-0.36036,0.41921,0.18668,-0.31708,0.23974,-0.18195,-1.0312,-0.062109,-0.84087,-0.83661,-0.31224,-0.29718,0.23573,-0.57327,0.35458,0.44222,1.04,-0.23253
zh,super-imaginative,N,0,0,0,0,0,0,0,0,0,0,0,0,0,0,0,0,0,0,0,0,0,0,0,0,0,0,0,0,0,0,0,0,0,0,0,0,0,0,0,0,0,0,0,0,0,0,0,0,0,0,0,0,0,0,0,0,0,0,0,0,0,0,0,0,0,0,0,0,0,0,0,0,0,0,0,0,0,0,0,0,0,0,0,0,0,0,0,0,0,0,0,0,0,0,0,0,0,0,0,0,0,0,0,0,0,0,0,0,0,0,0,0,0,0,0,0,0,0,0,0,0,0,0,0,0,0,0,0,0,0,0,0,0,0,0,0,0,0,0,0,0,0,0,0,0,0,0,0,0,0,0,0,0,0,0,0,0,0,0,0,0,0,0,0,0,0,0,0,0,0,0,0,0,0,0,0,0,0,0,0,0,0,0,0,0,0,0,0,0,0,0,0,0,0,0,0,0,0,0,0,0,0,0,0,0,0,0,0,0,0,0,0,0,0,0,0,0,0,0,0,0,0,0,0,0,0,0,0,0,0,0,0,0,0,0,0,0,0,0,0,0,0,0,0,0,0,0,0,0,0,0,0,0,0,0,0,0,0,0,0,0,0,0,0,0,0,0,0,0,0,0,0,0,0,0,0,0,0,0,0,0,0,0,0,0,0,0,0,0,0,0,0,0,0,0,0,0,0,0,0
zh,super-smart,N,0,0,0,0,0,0,0,0,0,0,0,0,0,0,0,0,0,0,0,0,0,0,0,0,0,0,0,0,0,0,0,0,0,0,0,0,0,0,0,0,0,0,0,0,0,0,0,0,0,0,0,0,0,0,0,0,0,0,0,0,0,0,0,0,0,0,0,0,0,0,0,0,0,0,0,0,0,0,0,0,0,0,0,0,0,0,0,0,0,0,0,0,0,0,0,0,0,0,0,0,0,0,0,0,0,0,0,0,0,0,0,0,0,0,0,0,0,0,0,0,0,0,0,0,0,0,0,0,0,0,0,0,0,0,0,0,0,0,0,0,0,0,0,0,0,0,0,0,0,0,0,0,0,0,0,0,0,0,0,0,0,0,0,0,0,0,0,0,0,0,0,0,0,0,0,0,0,0,0,0,0,0,0,0,0,0,0,0,0,0,0,0,0,0,0,0,0,0,0,0,0,0,0,0,0,0,0,0,0,0,0,0,0,0,0,0,0,0,0,0,0,0,0,0,0,0,0,0,0,0,0,0,0,0,0,0,0,0,0,0,0,0,0,0,0,0,0,0,0,0,0,0,0,0,0,0,0,0,0,0,0,0,0,0,0,0,0,0,0,0,0,0,0,0,0,0,0,0,0,0,0,0,0,0,0,0,0,0,0,0,0,0,0,0,0,0,0,0,0,0
zh,wedding,N,-0.11328,0.77524,-0.52529,0.061224,0.46455,-0.48344,-0.74383,0.069618,0.088878,-0.26116,0.53668,-0.088608,0.90511,-0.893,0.55188,-0.69997,0.63371,-0.28121,-1.0364,-0.49784,-0.56905,1.0134,0.55889,0.2136,0.41048,0.051735,0.58751,0.15521,0.65396,0.43678,0.9252,-0.82761,-0.46192,-0.3401,-0.72731,1.261,0.88371,-0.60874,0.25759,1.4449,0.6175,1.1204,0.98036,-0.73243,-0.21409,-0.38374,-0.72109,-0.39473,-6.5474e-4,-0.68223,1.2293,-0.29548,-0.46932,-0.6436,0.26563,-0.79143,-0.79587,-1.167,-2.109,0.33078,0.48361,-0.43596,0.96398,0.84553,0.1196,0.56322,-0.72643,-0.33354,-0.14355,0.028204,1.0251,-0.34412,0.73504,-0.58054,-0.86821,0.20625,0.12783,-0.6553,-0.4587,-0.96218,-0.27341,0.54147,0.72055,-0.46562,-0.70536,-0.83077,-0.12519,0.37505,0.081987,-1.1255,-0.73538,0.75605,-0.081398,-0.25624,-0.59703,1.1096,0.69947,0.29023,0.024024,0.52885,0.32272,0.84766,-0.53118,0.75397,-0.74008,0.2408,0.21817,-0.88167,-0.94014,-0.16996,0.16854,-1.0397,-0.03762,0.38606,0.39489,0.40461,-0.23944,0.17767,-0.90475,-0.59024,-0.54904,0.53156,0.23596,-0.24323,-0.78449,-0.59439,0.42345,0.18276,-0.997,0.42846,0.62393,-0.16098,-0.76354,0.96508,-0.92954,0.50094,-0.39691,-0.15319,-0.34641,-0.32856,0.082843,0.39063,0.48538,-1.2529,-0.50177,0.33407,-1.127,0.17753,-0.52349,-0.2801,0.27204,0.5344,-0.52647,0.3157,0.92954,-1.1642,0.42354,-0.30268,-0.13022,0.92591,0.50203,0.30254,0.12698,-0.20104,-0.05547,0.19126,-0.21574,0.9103,0.35981,0.59198,0.48287,0.14398,1.1219,-0.22564,0.044528,-0.04293,0.58073,0.68905,0.19174,-0.38781,-0.16265,-0.57496,0.34581,-0.053589,-0.23212,0.68853,0.12477,-0.38285,-0.29664,0.44804,-0.12216,-0.42216,-0.1419,-0.49875,-0.38151,-0.77783,-0.61859,-0.72926,-0.13809,0.36088,-0.10253,-0.17165,0.10393,-0.17517,0.032551,-0.19133,0.35543,-0.39775,0.15554,0.43767,-0.56111,0.1133,-0.29369,0.21985,-0.86671,-0.043998,0.1674,0.076907,0.67361,0.41551,-0.40403,0.35003,0.76792,0.13843,-0.52358,0.5974,-0.5504,-0.39968,-0.4087,0.20822,-0.66967,-0.20241,0.18119,-0.33528,0.1763,0.63689,0.16394,-1.001,-0.52878,-0.095695,0.85379,-0.15661,0.75031,-0.70235,-0.098894,-0.28382,-0.37771,-0.28379,-0.40788,0.69849000000000006,-0.60842,-0.15235,-0.77558,0.31967,-0.19209,0.23973,0.25017,0.29041,-0.91321,0.22512,0.31102,0.37749,-0.28549,-0.40461,-0.27348,-0.5581,-0.61222,-0.63727,-1.2718,-0.33873,0.24052,0.34408,0.7397,-0.86999,-0.16183,0.28339,-0.052126,0.26762,0.39031,-0.054751,0.71767,1.2237,-0.027987,0.39057,0.4091,-0.024814,0.08192,0.097129,-0.93826,0.28882,-0.3533,-0.59038,-0.40336,-0.232,0.023182,-0.84127,0.51213,0.84369,1.024,-0.31377
zh,woman,N,-0.15931,0.45441,-0.46827,0.26779,1.2165,-0.42758,-0.55985,0.0041828,0.54161,-0.039889,0.75591,0.0086712,0.59199,-0.68275,0.13329,-0.97258,0.78355,-0.28599,-1.0976,-0.41609,-0.52651,0.98947,0.70598,0.07962,0.40239,-0.047372,0.59505,-0.15593,0.75167,0.071689,0.42938,-0.93593,-0.49808,-0.34237,-0.3992,0.81972,0.80923,-0.48181,0.29656,1.0254,0.45188,1.0381,0.86037,-0.76979,-0.27809,-0.21456,-0.50012,-0.26137,-0.1425,-0.60991,0.66336,-0.24855,-0.16997,-0.40191,-0.024458,-0.91021,-0.70676,-0.6408,-2.3155,0.28192,0.82054,-0.34377,0.85299,0.94647,0.26237,0.50053,-0.62544,-0.41883,-0.17621,-0.20476,1.2048,-0.33107,0.76472,-0.49874,-0.49984,0.46816,-0.048171,-0.55694,-0.15597,-0.85891,-0.25509,0.1516,0.62263,-0.24682,-0.49786,-0.73886,0.16453,0.35234,-0.066839,-0.53631,-0.4535,0.47246,-0.40125,-0.36808,-0.37401,0.70036,0.26637,0.63702,-0.044266,0.21269,0.66382,0.87855,-0.47315,0.62628,-0.5203,0.62184,-0.1898,-0.67867,-0.92578,0.016321,0.13786,-0.45343,-0.25709,0.27084,0.29406,0.54828,-0.4694,0.088157,-0.87053,-0.47096,-0.72567,0.61755,0.56332,-0.062589,-0.60089,-0.87772,0.45441,0.5449,-0.64947,0.35947,0.79927,0.091064,-0.71191,0.75671,-0.5493,0.19091,-0.28737,-0.075978,-0.3903,-0.071833,-0.042205,0.49449,0.45264,-0.84164,-0.9403,0.1825,-1.1693,-0.088274,-0.87601,-0.20191,0.51867,0.58752,0.043199,0.15848,0.91506,-0.41748,0.20519,-0.34677,-0.15394,0.61454,0.30303,0.25215,0.088912,-0.18717,0.1549,0.31257,-0.28585,0.68466,0.44491000000000003,0.27854,0.7336,0.56287,0.76608,0.10173,0.048079,0.16766,0.54145,0.56979,0.20006,-0.25447,-0.060053,-0.4757,0.065699,0.3415,-0.27156,0.34594,0.19924,-0.32289,-0.51663,0.77966,-0.2326,-0.1857,-0.11374,-0.49165,-0.23476,-0.36435,-0.8272,-0.70233,0.17239,0.2772,0.21443,-0.38277,-0.15162,-0.32092,-0.078203,0.31762,0.097756,-0.22671,-0.049895,0.16539,-0.78039,0.24152,-0.48963,0.41531,-0.86004,0.21847,0.52785,0.048667,0.86435,0.35437,-0.36331,0.74505,0.27734,0.075607,-0.50254,0.63661,-0.16357,-0.53836,-0.81855,-0.18537,-0.55524,-0.50113,0.30686,-0.43162,0.057503,0.85249,0.15439,-0.7912,-0.4663,-0.27361,0.90471,-0.29442,0.38373,-0.44009,-0.20481,-0.15469,-0.12116,-0.13955,-0.55341,0.40052,-0.5986,-0.13878,-1.011,0.051436,-0.28872,0.34651,0.29375,0.22773,-1.2539,0.030258,0.27645,-0.17778,-0.28082,-0.0027771,-0.48333,-0.714,-0.32118,-0.5021,-1.4922,-0.6946,0.10547,0.52278,0.77413,-0.57241,-0.13958,-0.25181,0.09251,0.67006,0.17116,-0.28391,0.71621,1.2556,-0.052446,0.52424,-0.29288,-0.27488,0.2782,0.26487,-0.61467,0.17166,-0.68404,-0.65934,-0.31542,-0.11963,0.029685,-0.92878,0.084647,0.84994,0.8074,-0.19138
