translation,language_code,word,gender,word_id,translation_id,V2,V3,V4,V5,V6,V7,V8,V9,V10,V11,V12,V13,V14,V15,V16,V17,V18,V19,V20,V21,V22,V23,V24,V25,V26,V27,V28,V29,V30,V31,V32,V33,V34,V35,V36,V37,V38,V39,V40,V41,V42,V43,V44,V45,V46,V47,V48,V49,V50,V51,V52,V53,V54,V55,V56,V57,V58,V59,V60,V61,V62,V63,V64,V65,V66,V67,V68,V69,V70,V71,V72,V73,V74,V75,V76,V77,V78,V79,V80,V81,V82,V83,V84,V85,V86,V87,V88,V89,V90,V91,V92,V93,V94,V95,V96,V97,V98,V99,V100,V101,V102,V103,V104,V105,V106,V107,V108,V109,V110,V111,V112,V113,V114,V115,V116,V117,V118,V119,V120,V121,V122,V123,V124,V125,V126,V127,V128,V129,V130,V131,V132,V133,V134,V135,V136,V137,V138,V139,V140,V141,V142,V143,V144,V145,V146,V147,V148,V149,V150,V151,V152,V153,V154,V155,V156,V157,V158,V159,V160,V161,V162,V163,V164,V165,V166,V167,V168,V169,V170,V171,V172,V173,V174,V175,V176,V177,V178,V179,V180,V181,V182,V183,V184,V185,V186,V187,V188,V189,V190,V191,V192,V193,V194,V195,V196,V197,V198,V199,V200,V201
いとこ,ja,cousins,N,w1,t1,0.88259,1.7643,-0.34302,-1.6193,1.049,-1.0269,-2.0735,0.61535,-2.3102,-0.27049,-0.4142,0.29162,-0.21515,0.76423,1.1157,-0.81822,-0.21017,0.28437,0.21054,-0.021836,0.78199,-1.3889,-3.906,-1.1134,0.61367,1.3964,2.0619,-1.395,0.076717,-1.3378,-0.88138,-0.53633,-0.86476,-2.1275,0.28418,0.16354,2.2375,0.57756,-1.9636,-0.24912,-0.064591,1.4829,0.40455,-0.24723,0.60578,-0.13321,1.4565,0.4574,-0.72758,1.0706,-0.44139,-0.71584,-2.2466,-1.9953,0.73491,0.20081,-1.3646,-0.040704,1.7554,0.57931,-0.25136,-0.18816,0.89374,0.78675,-0.28835,0.33173,0.5407,0.96647,1.2171,0.44098,-0.61631,0.46861,-0.40823,1.4903,-2.1353,-0.22286,-0.25079,-2.1257,-0.71202,-0.18677,0.60204,0.48098,0.32528,-1.1451,0.55239,-0.69012,0.27854,0.79357,-1.6012,-0.53222,-1.0185,1.014,1.1474,-1.8468,-1.7047,-1.1794,0.60103,0.65322,-0.48723,0.70046,-2.081,0.82829,2.994,-0.20226,0.23847,-0.36449,-0.50702,0.068636,0.56149,-0.15632,0.28441,0.19396,0.060632,0.63799,-0.22034,-0.29177,-0.47051,-1.2568,0.23342,-0.70856,0.22561,1.2148,-0.30506,-0.3528,2.1741,0.31881,2.1374,0.63833,0.074698,-1.7133,-0.86017,-0.96597,-1.2894,0.11475,1.5952,-0.50074,-1.6008,-0.1028,1.164,1.1081,0.27736,0.94725,-1.8417,-0.40043,-0.48837,-0.85532,-1.047,0.5791,-0.52021,-0.18688,-1.3123,0.65324,-1.5231,1.6867,-0.12038,-1.1378,-0.3802,0.72194,-1.1007,-0.047778,-1.5092,1.2137,0.2394,-0.32579,-0.1306,0.63079,0.71012,-0.8093,1.5302,0.76664,-0.1901,0.0037231,-0.083478,-2.1327,1.5919,1.0351,-0.57429,0.93869,-1.5422,-1.0753,0.86323,-0.54424,-2.5307,0.94364,0.13197,0.94483,-1.9489,0.87004,-1.2775,-1.2523,-0.506,-0.47819,-1.1142,1.7406,0.70927,-1.5271,-0.4088,-1.5896,0.13082,1.0061
オフィス,ja,office,N,w1,t1,-0.70315,0.14922,1.1408,1.3409,0.2395,-0.90083,-1.1455,-1.0484,0.2525,0.97082,0.24982,0.35531,0.19054,-0.58923,-0.13213,-0.46431,-0.85021,-0.71353,1.335,0.20586,2.0185,-0.32606,-0.02024,0.53182,-0.60303,0.93587,1.2421,0.45002,0.46289,-0.66536,-0.47118,1.8817,1.1449,-0.65163,1.0558,-1.4473,0.68785,0.64614,-0.45055,-1.4372,0.96727,1.0797,0.6815,2.2915,0.23524,-0.32349,-1.2049,0.62534,0.34036,0.40377999999999997,-1.8106,0.14808,0.094533,0.37242,0.89543,-0.46322,-1.4078,-0.98254,0.47607,0.082754,-0.041176,-1.0447,-0.6226,0.27873,1.4032,-0.22477,1.2484,-0.92717,1.3364,0.91564,0.4067,0.66524,-0.35945,-0.6947,-1.6081,-1.1622,-0.36238,0.2977,0.67671,-0.58369,1.3784,-0.90956,5.0446e-4,0.26886,0.7302,-1.335,-0.45466,2.6076,-0.98773,-1.4193,1.1757,-0.30388,1.0037,-1.5041,1.073,-0.22585,-0.609,-0.38878,-1.1213,-1.2898,0.025626,0.72907,-1.3248,-0.004163,0.39691,-0.27723,0.094753,-1.2961,-0.02891,-0.92481,-0.12291,0.92356,0.11259,-0.37045,0.37639,-0.89061,0.24736,-0.31493,-1.3255,0.94154,1.4621,0.77405,-0.52635,-0.46836,0.04962,1.5238,-0.91305,-2.1136,-0.3909,0.4197,0.011188,-0.43874,-0.10965,-1.0243,0.10305,0.26097,0.25406,-0.75831,-1.5284,1.3762,-0.35028,0.917,-0.072155,-0.11543,-0.32582,0.63063,-1.3875,-0.85313,-0.20077,0.65353000000000006,-0.70799,-0.36954,0.29413,-0.33853,-0.29489,0.67752,-1.2158,1.213,-0.16132,-0.82932,-0.41445,-0.73205,-0.76352,-0.8456,-0.62523,0.043017,0.024615,0.39449,-0.55905,-0.5531,-0.74209,0.19809,1.2069,-0.37249,0.89828,0.62383,1.3039,-0.77585,1.5844,0.26052,0.12135,-1.1114,-0.90566,0.11607,0.21106,-0.95792,0.87456,0.0085383,-0.72103,-2.0313,-0.87295,-1.0208,0.65429,1.5065,0.53423,0.40946,0.058523,0.54967,0.1756,-0.86608
キャリア,ja,career,N,w1,t1,-0.9657,-0.85509,-0.62785,1.3819,-0.18252,-2.9708,-1.9862,1.0268,-0.77887,-0.10608,1.1572,1.76,-0.52998,-0.47272,0.5263,-1.3769,-1.9452,-1.1198,-1.1311,-1.0019,1.0682,-1.5265,0.97432,-0.31441,1.0275,0.87795,0.74238,-1.0719,0.53071,-1.716,-1.1936,0.33533,-0.26142,-1.7217,-1.5861,-0.34174,-0.55575,0.43197,-0.10251,-0.65974,0.50032,0.6075,1.5675,0.84406,-0.65039,-0.081455,0.30177,0.018931,-0.57828,1.1628,-2.4349e-4,-0.15496,-0.71492,0.02863,0.61597,-0.41237,0.522,0.71879,-0.46518,1.7772,-0.49098,-1.9975,-0.058102,-0.49612,-1.1372,0.1434,0.37302,0.24151,-1.0225,0.73733,-0.47567,0.070838,-0.33242,-1.1969,-1.2114,-0.50969,1.6042,0.56356,0.75726,0.79869,2.7698,-3.2329,-0.1377,-1.1232,-1.3951,-1.3607,0.46244,1.9281,-1.1858,0.48062,1.1541,0.087179,-0.39341,-1.6239,1.3282,-0.033295,-0.71409,0.17566,1.4216,-0.57681,-0.46142,-0.088273,1.6132,-2.4197,1.7474,0.087436,-1.3128,-1.1607,-0.19472,0.16319,0.5374,1.6593,-0.83196,1.3022,-0.5626,1.7199,0.91196,-1.178,0.35708,0.50991,0.65879,1.2299,-0.42866,0.29148,0.87498,-0.16394,-1.6074,-2.1494,-1.1683,0.24833,-0.9352,2.7697,-0.87824,0.22468,0.40496,2.1485,-0.91048,-0.25009,-0.99325,1.1874,0.7846,0.97364,-0.94129,1.1527,0.027473,0.35353,-0.74454,-0.93331,-0.1147,1.6859,0.54504,-1.0558,0.93585,-0.88468,-0.55503,1.2081,-2.2887,-1.5505,0.18259,-0.85086,-0.26842,-2.8169,-0.51186,-1.6938,1.2751,-0.63234,-0.45003,-0.7157,-1.1168,1.0697,-1.5315,-0.21469,0.57734,-0.38464,1.3027,-0.2493,1.9997,1.1985,2.2905,1.3005,1.3835,1.8464,-0.9847,-0.21643,-1.4823,1.0775,-1.8509,-1.7138,-1.5134,0.30843,-0.26029,-1.5304,0.015014,1.4038,-1.3808,-0.64992,0.25288,-0.10499,0.0060257,0.49643
クリエイティブ,ja,creative,N,w1,t1,1.1137,-0.010559,-0.1297,1.9996,0.48186,-1.565,-1.0179,-0.51479,0.11292,0.96639,1.0918,0.69613,0.42876,-0.060822,0.16837,-0.31382,0.14416,-2.2625,1.4452,-1.0028,1.8605,0.25838,-0.09212,1.1078,0.338,0.10566,-0.61103,0.22293,1.1942,-0.73645,0.50679,0.0086368,0.34878,-1.0574,0.62419,0.57892,-0.47344,0.060768,-0.26773,-0.76606,-0.20234,0.72797,1.6762,1.9411,-0.017544,0.31063,-1.7047,0.42237,-1.2271,1.5411,-0.96236,-0.41426,-0.58489,0.56036,1.3057,0.79928,-1.1563,-0.73716,-1.4945,-0.21183,-0.40515,-1.3268,-0.89195,-0.56156,-0.84699,1.64,0.9342,0.29074,1.2266,0.30225,-0.41903,1.0637,-0.27702,0.0038599,-1.1747,0.71846,-0.73621,0.98681,0.50667,0.57411,2.1322,-1.2383,0.012048,0.23711,0.58277,-0.67423,2.43,2.1019,-0.62478,-0.10094,0.33249,-0.65156,0.5054,-0.23034,-1.2842,1.2266,-0.032843,-0.47093,-1.235,-1.0476,-0.88073,-0.58008,0.46749,-1.2292,-0.42463,-0.6291,0.32954,-1.0862,-0.31423,-1.4922,0.40484,-0.19199,-0.015939,-0.34796,1.5946,0.37457,1.7442,-0.86047,-1.1281,1.2994,-0.098645,-1.0517,0.52436,0.33593,0.17208,1.0264,-1.4356,-1.6647,-0.63026,-0.31794,0.54796,0.060326,-0.60358,0.6318,0.32825,0.90956,0.26494,-1.0716,-0.5309,-0.67945,-0.27447,0.0094585,-0.73597,-0.15756,0.99317,0.7318,-1.0478,-0.94078,1.8999,-0.51007,0.67378,0.25239,-0.46891,0.79713,-1.0058,1.0152,-0.72801,-0.20862,-0.025247,0.20925,-0.24986,-1.0157,0.39329,-0.087423,0.27357,-0.63717,0.10855,1.5873,0.030681,-0.92665,-0.95505,-0.2108,0.015788,1.3267,0.66645,-0.24871,1.8842,-0.48642,1.6255,-0.55424,0.69062,-1.3767,-0.0201,-0.64324,0.064926,-0.57795,0.015607,-1.2254,-1.3022,-1.2251,-1.5221,-0.20432,1.14,1.0064,0.39571,0.010036,1.4033,0.45319,0.25504,0.21724
両親,ja,parents,N,w1,t2,-0.59019,0.62601,-1.9424,-0.72791,1.8581,-1.5291,-0.62121,-0.47243,-1.8724,0.07371,-0.9156,0.755,-0.92794,-0.49864000000000003,1.3302,1.0395,-0.10239,-0.57992,0.34711,0.10333,1.1181,-0.78344,-0.33754,-1.6245,0.97846,2.4866,2.0982,0.057997,1.6557,-1.1746,-1.8926,0.42903,0.428,-0.8454,1.6201,0.52022,1.0231,-1.557,-1.0205,-0.025771,-1.3481,1.8357,1.8419,1.3444,-0.26914,0.52435,-0.24796,1.3415,1.4649,-0.13653,-1.1067,-0.47562,0.049777,1.2576,-0.6571,-0.17076,-1.6352,0.7492,0.65617,2.0309,0.82988,0.7627,-1.8075,1.2417,0.63409,-0.30337,-1.6227,1.9657,-2.1804,-0.18088,0.85678,-0.4642,-0.67618,0.64609,-1.5096,1.1845,-0.44603,0.23702,1.5965,-0.14444,1.293,1.1112,0.24428,-0.77893,-0.82142,0.13717,-0.99978,0.92302,-1.0447,1.3802,-0.38765,-0.0528,1.4158,-1.063,0.12618,-0.24734,1.4177,1.815,-0.23696,-0.45829,-1.0378,-0.86851,0.98115,0.096861,0.87079,-2.2327,-0.27547,1.3033,1.6169,1.522,0.080761,0.48326,0.077599,-0.32355,0.65454,-1.9292,0.095365,0.0060158,-0.47389,1.1648,0.61656,-0.3465,-1.7001,-0.84898,1.1982,-1.6398,-0.72952,-0.17637,2.4803,0.01995,-0.16324,-0.22833,-0.26734,-0.010334,1.7095,-0.063791,0.57879,-0.63942,0.37871,0.93566,0.72477,-0.52276,-1.617,-0.58861,-2.0945,-0.81662,-0.65372,0.40243,0.25007,-0.26151,-0.40542,1.3943,-1.5405,2.0322,-0.20462,0.22292,-0.85523,-0.8275,-0.021975,0.6587,-0.75461,-0.45016,1.6266,-2.1882,-0.84423,-0.56494,0.59404,0.32177,-0.020874,0.29743000000000003,-0.33986,0.73642,0.24609,-1.1807,1.7092,1.1308,0.15559,1.4309,-2.0063,-1.1149,1.6619,-0.91228,-1.0163,0.38369,-0.27597,0.21365,-1.034,0.47065,-2.6009,-0.95998000000000006,-0.86605,-2.9442,-0.6162,0.88051,-2.0157,-0.90011,1.0705,0.17924,-0.48238,-0.44617
会社,ja,corporation,N,w1,t1,0.37062,-1.4344,-1.5191,-0.87581,0.38983,-0.6556,-0.66361,0.55054,-1.3671,-1.3084,-0.35891,0.83341,-1.0958,0.28999,0.14395,-1.6069,-2.0491,1.5594,0.66314,0.80524,3.2412,0.78218,1.3206,-2.1161,0.85052,-0.22626,-0.20793,-0.56183,-1.6062,-0.79358,-1.6101,1.6889,1.5231,-3.604,2.3565,-0.31535,1.8453,-0.83532,0.34445,-2.9823,2.6245,0.73981,2.5213,2.5788,1.5206,-1.5198,2.019,-0.33794,1.5334,2.9314,-0.23,-0.1663,-0.94763,-0.39432,-0.81154,-0.68154,-2.2192,-3.6162,1.5795,1.3241,-0.37553,-1.7046,-1.451,-1.1715,-1.3085,0.6432,-0.27554,1.1793,-0.39652,-1.6983,-1.6612,-0.77035,-0.010225,0.17491,0.3733,-1.2243,-0.40099,0.95077,1.2486,-0.88267,-0.53307,-1.3485,-3.1163,0.85633,0.57227,-0.041037,2.1383,4.006,-2.8628,-1.7284,1.4464,2.0336,0.76601,1.4557,2.0785,2.9516,0.35801,0.31063,2.0315,-3.6981,-1.3287,-1.955,-1.3582,0.54952,0.051085,-1.4841,0.71224,-3.0521,1.0768,-2.6934,-0.44804,-1.739,-3.1337,0.18566,-2.4353,0.44131,0.27075,2.9092,0.39435,-0.050227,0.34899,-0.24073,-1.788,-0.62211,3.5496,0.94123,-0.54872,-0.83974,0.75357,1.411,-1.2552,0.5993,1.9895,-1.0795,1.1428,1.3933,2.1679,-3.5359,-2.0222,0.51783,-0.015415,-2.3696,0.52362,1.9365,-1.6606,-3.3052,-2.587,0.50398,1.9481,-0.48043,0.18511,1.2901,-0.5474,4.6867,0.33505,0.87103,0.48196,1.1099,-1.2935,-0.66959,-0.84203,-2.3768,-0.075012,1.2155,0.21711,-0.45413,0.15293,0.55739,-1.1475,-0.081431,-1.2727,2.4206,1.357,-3.0127,-1.4826,-0.51086,1.1154,-2.3277,0.87497,-2.3149,2.5888,-1.2116,-2.6553,1.7416,0.91552,-1.926,0.12504,0.21535,-2.065,1.6097,-1.0232,0.4594,-0.13938999999999999,-0.32803,-1.3052,-1.3752,0.72768,0.43165,-0.32303,1.0455
兄,ja,brother,N,w1,t1,0.58288,-1.146,0.13888,-0.58067,0.95664,-1.7677,0.70461,-0.8905,-1.0979,0.80165,-0.48144,0.15844,-0.75308,-0.42111,0.073062,-1.4002,0.338,0.35319,-0.22242,0.27639,1.2034,-0.64816,-1.459,1.517,0.95598,0.70231,-0.024214,-0.98313,-0.4614,-1.5049,0.48245,0.3854,-1.2333,-0.31444,1.0204,1.2069,0.043256,-1.1593,-0.24045,-1.1928,0.1809,0.97035,0.86516,0.8844,0.016385,0.17759,0.16074,1.4813,-0.11807,0.34743,-1.4424,-0.73608,0.74335,0.85105,-0.89176,0.29811,0.41052,-0.031415,0.80606,1.7124,0.38216,0.18356,-0.21434,0.45086,-0.36473,0.41296,-0.27653,0.28574,0.46673,-0.8412,-0.8944,-0.53412,0.66133,0.65993,-0.13732,-0.65315,-0.68696,-0.75205,1.7045,-0.62976,-0.0030701,0.17356,-0.45931,-0.20699,0.80266,-1.2835,-0.85101,0.95309,-1.3477,-1.4901,-0.019083,-0.60723,1.3732,-0.80306,2.096,-0.53951,0.13059,1.3439,-0.20275,-0.14875,-0.3144,-0.26478,2.621,-0.73111,1.3808,-0.34201,0.48228,0.88752,-0.18037,0.27301,-0.77799,-0.58264,-0.21626,0.36525,0.7737,-1.8407,0.046402,0.045854,-0.46212,-0.97796,0.2114,-0.5476,-1.0655,-0.46391,0.65958,-0.033351,0.099936,0.16825,0.17872,0.040302,5.9599e-4,1.2777,1.1774,-1.3448,0.6215,-0.15982,-1.894,0.59126,0.63725,1.1396,0.57443,0.36836,-0.79449,0.86034,-1.4958,-1.2335,-0.87494,0.20899,0.68631,-1.1435,-0.70735,1.2119,0.098589,0.4527,0.93458,0.11537,-0.93583,-0.37792,0.88026,1.1,-0.35151,-0.25525,0.027772,-1.1296,-0.68773,-0.25944,0.46401,-0.43391,-0.84983,-0.4907,-0.65306,-1.1231,0.031831,-0.16917,0.69998,-1.3908,-0.67524,-0.31266,-0.63368,0.35474,0.10382,0.32762,-1.7759,0.70824,-1.0622,-0.20502,-0.56562,-0.49891,-1.6777,-0.65068,-0.11251,-0.9814,-0.074252,-0.02727,-0.75616,-0.72488,-0.80759,0.69611,0.66564,0.082038
創作的,ja,creative,N,w1,t2,NA,NA,NA,NA,NA,NA,NA,NA,NA,NA,NA,NA,NA,NA,NA,NA,NA,NA,NA,NA,NA,NA,NA,NA,NA,NA,NA,NA,NA,NA,NA,NA,NA,NA,NA,NA,NA,NA,NA,NA,NA,NA,NA,NA,NA,NA,NA,NA,NA,NA,NA,NA,NA,NA,NA,NA,NA,NA,NA,NA,NA,NA,NA,NA,NA,NA,NA,NA,NA,NA,NA,NA,NA,NA,NA,NA,NA,NA,NA,NA,NA,NA,NA,NA,NA,NA,NA,NA,NA,NA,NA,NA,NA,NA,NA,NA,NA,NA,NA,NA,NA,NA,NA,NA,NA,NA,NA,NA,NA,NA,NA,NA,NA,NA,NA,NA,NA,NA,NA,NA,NA,NA,NA,NA,NA,NA,NA,NA,NA,NA,NA,NA,NA,NA,NA,NA,NA,NA,NA,NA,NA,NA,NA,NA,NA,NA,NA,NA,NA,NA,NA,NA,NA,NA,NA,NA,NA,NA,NA,NA,NA,NA,NA,NA,NA,NA,NA,NA,NA,NA,NA,NA,NA,NA,NA,NA,NA,NA,NA,NA,NA,NA,NA,NA,NA,NA,NA,NA,NA,NA,NA,NA,NA,NA,NA,NA,NA,NA,NA,NA
営業,ja,business,N,w1,t1,1.3852,-0.72732,0.22078,0.34931,0.31336,-1.0697,-1.4768,-1.5353,0.35406,-0.076797,0.74124,0.055801,1.8278,-1.1421,-0.19268,0.99331,-2.7909,-1.0301,2.6005,0.45201,1.7971,-0.73743,-0.76218,-0.63889,-1.1543,-0.042458,-0.79038,-0.42231,-0.55216,0.49206,0.75574,0.73031,-0.30618,-1.3403,1.9485,-0.22071,-0.26274,0.98773,0.5811,-0.73302,-0.20458,0.50726,0.70663,0.39136,1.6644,-1.3106,1.2054,0.56118,0.90016,1.6873,0.29864,1.7744,-1.0423,-0.99768,1.7721,-0.12675,-0.82807,-1.1694,0.3386,1.4727,-0.019654,-0.91656,-0.7333,-0.85594,0.67247,-1.6351,0.65775,1.0903,-0.024177,-0.63482,-0.92665,0.82741,1.0374,0.39311,-1.0376,-0.9423,1.2819,1.0811,0.36265,0.92037,1.4472,0.86572,-1.6847,-0.096757,1.0614,-0.51924,1.6907,3.155,-1.1628,-2.0459,0.49983,0.34339,-0.091067,1.6951,0.88488,-1.3357,-0.11081,0.56818,-0.89183,-0.75022,-0.16037,1.4916,0.31204,0.18518,0.52356,-1.188,1.1101,-0.92859,2.2681,0.65497,-0.84132,0.19593,-0.069016,-1.0015,0.16022,0.97104,-0.097303,0.28124,-0.46532,0.92177,-1.248,1.2063,-0.37626,0.16158,0.96185,1.093,-0.15939,-0.2677,-0.17443,1.2555,-0.29922,0.95983,-0.076496,-0.30755,-0.42179,-0.13403,0.88254,-2.5372,-0.043196,2.0548,0.82123,-0.033887,-0.37629,1.4221,-0.86401,-0.72196,-1.2556,0.22675,0.27343,0.055908,-0.038413,0.65417,1.5614,2.0129,-1.3997,0.14231,-1.1882,-0.53741,0.6311,-0.77409,-0.66033,-1.5754,-1.1607,1.2338,-0.67997,0.26123,-0.13705,0.31755,-0.20974,0.83846,-1.5375,1.1324,0.72513,-0.68615,-0.029877,0.57868,0.9406,-0.8042,1.3381,-0.24444,1.0838,0.23156,-1.1016,-0.46752,-0.22337,-0.67725,0.25105,0.7498,-1.557,0.023116,0.9073,-1.3944,0.62262,1.6775,-1.3265,-0.94091,0.693,0.98946,1.1525,0.21225
天才的,ja,genius,N,w1,t1,NA,NA,NA,NA,NA,NA,NA,NA,NA,NA,NA,NA,NA,NA,NA,NA,NA,NA,NA,NA,NA,NA,NA,NA,NA,NA,NA,NA,NA,NA,NA,NA,NA,NA,NA,NA,NA,NA,NA,NA,NA,NA,NA,NA,NA,NA,NA,NA,NA,NA,NA,NA,NA,NA,NA,NA,NA,NA,NA,NA,NA,NA,NA,NA,NA,NA,NA,NA,NA,NA,NA,NA,NA,NA,NA,NA,NA,NA,NA,NA,NA,NA,NA,NA,NA,NA,NA,NA,NA,NA,NA,NA,NA,NA,NA,NA,NA,NA,NA,NA,NA,NA,NA,NA,NA,NA,NA,NA,NA,NA,NA,NA,NA,NA,NA,NA,NA,NA,NA,NA,NA,NA,NA,NA,NA,NA,NA,NA,NA,NA,NA,NA,NA,NA,NA,NA,NA,NA,NA,NA,NA,NA,NA,NA,NA,NA,NA,NA,NA,NA,NA,NA,NA,NA,NA,NA,NA,NA,NA,NA,NA,NA,NA,NA,NA,NA,NA,NA,NA,NA,NA,NA,NA,NA,NA,NA,NA,NA,NA,NA,NA,NA,NA,NA,NA,NA,NA,NA,NA,NA,NA,NA,NA,NA,NA,NA,NA,NA,NA,NA
女,ja,woman,N,w1,t1,-0.028769,-0.5145,0.079464,-0.33996,1.1822,0.68705,-0.8743,-0.32642,-0.088149,0.42089,-0.01047,0.90092,0.4232,-0.26568,0.65109,-0.94108,-0.33017,1.2241,0.95059,-1.4874,2.3534,-1.2951,0.10613,0.18653,0.95189,0.7081,1.5511,0.28444,0.45866,-1.2491,1.3295,0.29376,-1.2686,-0.15296,0.36491,0.20504,1.0622,-0.24373,-1.3831,-0.36928,-0.63159,1.1494,1.8975,-0.10384,0.042805,-1.2874,0.98109,0.12341,0.60449,0.59417,-1.6569,-0.45729,0.15219,0.70602,0.27651,0.20468,-1.6398,0.20401,-0.12986,1.7119,-0.66334,1.0663,-0.66872,0.67951,-0.2878,1.1766,0.40954,0.21007,-0.58435,0.55973,-0.61114,-0.65117,0.71896,-0.20559,-2.0509,0.61815,0.98964,-1.3454,0.57434,0.41044,-0.51344,1.4511,-0.81559,-0.82901,0.61101,-0.21166,-0.82178,1.3638,-0.38719,-1.1669,-0.97878,0.31653,1.2571,-1.5933,0.64745,-0.087436,-0.070942,-0.55471,-0.88912,-0.51862,-0.080201,-0.46654,0.8104,0.010835,-1.1645,0.036433,0.3973,0.53753,-0.3674,-1.4283,-0.386,-0.8889,-0.60006,-1.1952,-0.86655,0.48378,-0.039503,-0.2664,-0.80668,0.81006,0.011265,1.62,0.22304,-1.2139,0.74346,0.33379,1.1654,0.68727,0.6059,1.2495,-0.30193,0.28064,0.32286,-0.63252,0.44541,0.81827,0.3627,0.054912,1.2535,0.6897,-0.036989,-1.2027,-1.0223,0.73163,-1.4943,0.11479,-1.1674,-0.33449,-0.68556,-0.95605,-0.034392,1.5059,0.15229,0.62663,-0.057059,-0.50493,-0.50004,-0.10211,-0.72545,0.93813,-0.67921,-0.90621,0.024793,0.26744,0.0275,-0.65743,0.030792,-0.95814,-0.18497,1.103,-0.31912,-0.27934,-0.36497,-0.35681,1.3046,2.1332,-0.23113,-0.27223,-1.1535,-1.3034,-0.32594,0.020664,-0.3082,-0.66118,0.081126,-0.67512,0.61815,-0.49274,-1.8197,-0.64208,0.36456,-0.96795,0.63422,-0.34239000000000003,-1.1951,0.038101,-1.0331,-0.21775,0.80037,-0.93234
女の人,ja,woman,N,w1,t2,0.32886,-0.096735,0.23401,-1.075,-0.18152,-0.5865,-1.1444,-0.05258,-0.64641,0.89043,0.45552,0.11799,-0.27006,0.7934,1.4288,0.027343,-1.857,0.053035,-0.11189,-1.0517,0.072688,-0.25337,-0.61537,0.26555,-0.29286,0.98961,-0.10436,-0.018531,1.4506,-1.3532,-0.43027,0.0074400000000000004,-0.1719,-0.83431,0.3222,-0.099046,0.42083,0.19101,-1.489,-0.18751,0.88063,0.43317,2.0073,1.7833,1.182,0.37072,1.8363,1.8706,1.5302,0.11601,-1.1051,-1.1219,-0.77725,0.098785,1.4489,-0.4105,-1.3271,-0.57907,0.85405,-0.50878,0.01076,0.29946,0.18569,0.34927,-1.4512,0.21145,-0.54838,0.4268,0.064609,1.0594,-0.14044,-1.1489,-0.49019,0.77672,-1.4314,0.80834,1.2934,-0.026098,1.6879,-0.26439,0.43303,-0.91335,1.147,0.95808,-0.11526,-0.090134,0.41337,-0.26945,-0.56162,0.046518,-1.0131,0.45371,-0.88604,-1.0903,-0.069621,-1.0153,0.018521,-0.14785,-0.047344,1.1726,-1.8465,-0.30513,0.27575,0.01454,-0.69056,-0.82231,-0.55878,0.35152,-0.53454,-0.12874,0.88963,0.76106,-1.3229,-0.59184,-1.5714,0.38791,-0.092854,0.053076,-2.813,-0.87752,-0.38007,0.62955,-1.4953,-1.9658,-0.2773,0.71117,0.93353,-0.67586,0.47264,1.6068,-1.5572,-0.72499,-0.16047,-1.8202,0.19887,-0.79128,0.65047,-0.76228,0.62589,0.41039,-0.50348,-0.30769,-0.6963,0.25235,0.0025727,0.80434,-1.8611,-0.30684,0.060702,-0.82413,0.045405,0.83046,-0.072278,2.5167,0.28264,-0.2551,1.0986,1.7026,-0.64345,-1.3461,-2.648,-1.3346,-2.4369,1.757,0.63086,-1.3416,1.2347,0.97464,1.0828,-0.4674,-0.53723,0.87046,0.9012,-0.22732,2.2241,1.4495,-1.424,0.19303,-1.8307,0.15778,1.2904,0.79692,-0.090118,1.3182,-1.4281,-0.49059,0.11332,0.54639,-1.3104,-0.72386,-0.71372,-1.12,0.22919,0.13837,-0.84462,-1.1635,0.38252,-1.9838,1.3019,-0.39812
女の子,ja,girl,N,w1,t1,0.46803,-1.1357,-0.18434,-0.74523,1.5061,-0.37537,-0.30997,0.85876,-0.62526,1.5642,1.2769,-0.58976,0.57552,0.11276,1.6294,-0.76291,-0.50704,-0.43582,-0.25085,-2.3927,1.8542,-0.24473,-0.47027,-0.59184,0.50757,2.1979,-0.37273,0.13053,0.26601,-0.99848,0.52935,0.8975,-0.58206,-0.2519,-1.4189,-0.45905,0.26585,-0.63231,-1.8139,0.51347,0.56902,1.4763,1.2413,1.7224,1.6591,-0.64758,-1.0822,-0.2217,2.4434,1.5583,-1.2739,-0.9747,-1.0914,0.56064,0.42246,0.72206,-3.3268,-0.3128,-0.23318,1.0326,0.88768,1.2971,0.87974,0.2592,-1.0721,-0.51351,0.57723,0.15778,-0.36009,-0.10932,-1.1219,0.18716,0.50417,1.1493,-3.431,1.0874,0.45252,-3.4103,2.1564,0.23549,-0.59386,-1.6367,-0.95077,-0.13489,-0.2518,-0.20087,-1.6393,0.78382,-1.0372,-0.40262,-1.235,0.43752,3.74,-1.026,1.8101,-0.30821,-0.88131,-0.73507,-0.62572,0.47826,-0.31656,-0.1284,0.46646,-2.5894,-0.11497,-1.7024,-0.63356,-0.40437,-0.17486,-0.93322,-0.56103,0.35981,-2.3526,-1.6238,0.4555,1.0611,-0.43232,-0.24501,-0.83509,0.61041,0.80088,0.27662,0.6503,-1.3079,1.7412,0.37429,1.2862,0.59313,0.14475,0.32765,-2.1812,1.1752,0.3787,-0.84773,0.51231,-2.4332,0.59141,0.066786,-0.50919,-1.478,-1.119,0.89365000000000006,-1.944,1.9654,-0.33016,0.76032,-0.40613,0.80919,0.44656,-0.97258,0.53602,2.0825,-0.22581,1.8843,-1.5049,0.17864,-1.6136,-0.54734,-0.12369,0.31673,0.80559,-0.44883,0.42816,0.75967,0.56959,0.26504,1.7669,0.49465,1.7176,1.3207,-0.57973,1.9337,-1.0734,-2.1487,2.4761,1.4511,0.25767,1.8453,-2.2287,-0.93018,-0.54056,0.32109,-1.5601,1.8881,-1.5327,0.63614,0.35367,-1.0179,-2.7164,-2.9794,-0.17645,-1.9261,0.69146,0.81412,-1.6092,0.29086,0.42011,-0.22927,-0.82016,-2.2378
女子,ja,girl,N,w1,t2,0.0025775,-0.086035,0.74151,0.30635,1.4315,0.72392,-1.1535,0.96081,0.23761,0.45738,1.2465,0.42263,1.2186,-1.3654,2.9511,-1.3162,-0.65912,-0.27786,0.40528,-0.13117,0.47549,-1.4818,-1.139,0.28994,0.95571,0.29486,0.54268,0.17271,-1.097,-0.90265,-0.051911,-0.57246,-1.9895,-1.0008,-0.51171,-0.40749,0.66298,-0.61528,0.2223,-0.35389,-0.95174,0.63124,0.94687,-0.46817,0.6974,-0.71816,-0.38692,-0.015445,2.9329,-1.7667,-0.85567,-0.34707,-0.14719,0.55026,0.49071,0.40069,-2.3954,-0.46467,-0.095602,0.62724,0.28617,1.5947,-0.14898,-0.2123,0.015036,1.2106,-0.41633,0.39686,-0.61463,-0.45561,-0.41199,0.50706,-0.34317,2.6512,0.31733,-0.012372,0.61675,-2.0109,1.8345,0.041465,0.64277,-1.3109,-0.14696,-0.49337,0.18017,-1.3206,-0.018824,0.72194,-0.93399,0.7315,1.0692,0.11432,0.68721,-0.54918,0.33024,-0.725,-0.51172,-0.041871,0.27555,0.53405,-1.3907,-0.93433,-0.080823999999999993,0.0059189,-0.29555,-0.80828,-1.4319,0.549,-0.052712,-1.2151,0.69393,-1.3999,0.28615,1.0242,-0.056326,-0.94443,0.16118,-0.40834,-0.033909,0.45711,-0.75845,1.0398,2.0978,-0.31665,0.90232,-0.34048,0.24711,0.32341,-0.87316,0.8309,-1.6937,-0.0027283,-1.3752,-0.03156,0.88858,-0.61186,0.64199,0.62743,0.059575,-0.29795,0.34796,-0.70165,-1.2673,-0.95237,0.25783,0.038473,-0.31353,0.38789,0.11241,-1.8341,-1.0772,-0.38581,-1.5119,0.048388,1.2044,0.66708,-0.16116,-0.21516,-1.0054,1.2702,0.44477,0.15687,-0.57673,-0.30644,0.12976,-1.0681,0.3045,-0.85586,-0.080343,-1.5631,-0.30738,0.19071,0.5398,-2.2908,0.5703,0.71719,-0.85127,-0.4528,-1.1812,0.052513,0.043717,-0.41046,-1.7669,1.0307,-2.0302,-1.0858,-1.7717,-0.89025,-1.9276,-1.1273,-0.53285,-0.85117,0.081536,0.19368,-2.7126,0.71688,-0.99895,-0.15272,-1.0476,-0.76658
女性,ja,female,N,w1,t1,-0.78687,0.92402,0.048291,0.24425,0.49603,-0.25095,-0.71278,-1.618,0.26359,0.72798,0.10455,1.3034,-0.73508,-0.5848,1.4507,1.375,0.65923,0.56301,0.0011129,-0.28224,1.657,-0.7318,-0.33676,-0.11963,0.79783,1.11,1.4708,-0.46552,0.58027,-0.68254,-0.25193,0.47065,-0.7496,-1.5642,0.022336,-0.055413,0.43345,1.3907,-0.25966,0.58678,1.3448,1.061,1.0935,0.52146,-0.20355,-1.8221,-1.3667,-0.39029,-0.47916,0.2948,0.14567,1.1699,0.89643,-0.86722,0.092698,-0.25871,-0.97064,-0.25665,-0.036238,-0.31653,0.32053,-0.96468,0.0054116,-0.17598,0.010124,-0.43329,-2.6449,-0.79601,0.63085,0.92413,1.2142,-1.1233,0.26298,0.72518,-2.7509,1.965,1.2416,-0.75634,0.40188,0.084427,1.8038,0.24599,-1.4537,-0.17329,-0.18604,0.13945,0.089662,0.99283,-0.97529,-1.9709,0.183,0.083531,0.010367,-0.56411,0.76105,0.069425,-0.090582,0.94551,-1.0937,-0.22484,0.85244,0.25043,0.79,-1.2691,-0.83148,-1.2395,1.1813,0.57135,-0.30136,-1.4504,1.2815,0.48294,0.28804,-0.68138,-1.6443,-0.47715,0.76264,-0.52166,-1.4065,0.20184,0.50601,0.71708,0.5864,-0.56213,1.1908,-0.78673,0.10545,-0.1429,0.47327,0.20118,-0.75843,0.25242,-0.57216,-1.0412,2.2003,-0.22647,0.14079,0.078658,0.56721,0.038911,1.5649,-0.57075,-1.2409,0.43057,-0.75036,1.1673,-1.2871,-0.23171,-0.93167,-0.23349,-0.64066,0.62872,-0.30452,-0.124,-0.78002,-0.8811,-0.20813,-0.27644,-0.57272,0.74713,-0.81218,-0.23306,0.33577,0.62119,-0.58001,0.46983,-0.20203,0.47225,0.6955,0.4708,-0.096849,0.66544,-0.29532,-1.7912,1.32,1.8669,-0.66974,-0.81033,-1.2128,-1.4779,0.83786,-0.30417,-0.47069,0.7903,-0.78023,0.022441,0.45803,-0.58625,-1.1236,0.0034591,-0.64237,-1.2023,-0.049616,0.038314,-0.55941,-1.1941,0.12836,1.7093,1.0501,-0.16956
妹,ja,sister,N,w1,t1,-0.19419,-0.42893,0.32719,-0.076335,0.7608,-0.82348,-0.5629,-1.4287,-0.5363,-0.42109,-0.51301,0.70789,-1.0276,0.021891,0.88635,-0.8892,0.40835,-0.0085082,-0.6001,-1.1888,-0.22165,-0.94184,-0.94401,-0.068839,0.2717,2.1711,0.76058,-0.56046,-0.64227,-1.1813,-0.048756,0.1427,-1.0671,-1.2537,0.093252,0.74495,0.18744,-1.3877,-0.48349,-1.6044,-0.70625,1.7836,0.50256,0.069002,-0.14447,-0.056381,-0.0032024,0.93501,0.62214,-0.68284,-1.9475,-1.474,0.09071,0.8895,0.38857,0.21179,-0.58233,-0.7326,0.56065,1.5898,-0.65636,-0.067534,-0.25639,1.0424,-0.017639,-0.35987,-0.54055,0.28985,0.20163,-0.81155,-0.1822,-0.46967,-0.14849,-0.18886,-1.3685,0.020567,0.17636,-1.1626,1.4518,-1.1577,0.42284,-0.37751,-0.2535,-0.63922,-0.52154,-0.87166,-1.676,0.18883,-0.37656,-0.18685,-0.57814,0.40412,0.42629,-1.0441,0.26239,-0.57445,0.77815,-0.45641,-0.29835,-0.51286,-0.05366,0.21474,1.763,-0.18544,0.79637,0.10786,0.33061,0.31237,-0.067377,-0.26208,0.16552,0.64056,-0.39423,-0.85364,0.57575,-1.924,0.2256,1.1154,-0.43167,-0.48659,0.06687,0.55234,0.060221,-0.72976,0.39605,0.046277,1.242,0.65277,0.20809,-0.1996,-0.6239,1.8917,-0.22375,-1.7281,0.93607,0.42068,-0.72696,0.14496,0.49401,0.88,1.1087,0.13154,-1.1783,0.55255,0.17071,-0.097084,-1.6398,-0.039692,-0.2072,-1.6543,0.66124,1.7611,-0.53187,1.7354,-0.075187,-0.0053921,-0.60023,0.31328,-0.77951,0.033396,0.05371,-0.19187,0.49266,-1.0267,1.1023,0.12363,0.51108,-0.62704,0.74926,-0.36228,-0.43099,-0.18759,-0.33026,-0.27467,0.10317,-0.54881,0.27445,-1.0736,-0.032292,-0.33367,0.61081,-0.68711,-1.0531,1.9166,-1.2296,-0.77445,-1.4272,0.64288,-1.6683,-0.89627,0.085659,-1.117,-0.0011687,0.30058,-1.7362,-0.36867,-1.2029,-1.1895,0.39986,-0.42885
姉,ja,sister,N,w1,t2,-0.014839,-0.62351,0.21014,-1.293,-0.1901,-0.026809,-0.34872,-1.0036,-1.697,-0.51382,-0.67014,0.84841,-0.59725,-0.058311,1.2189,-0.31154,-0.18365,-1.0444,-0.35206,-0.23954,-0.052846,-1.9793,-1.288,0.32944,-0.18346,1.8458,1.1146,-0.43163,0.014189,-1.13,-0.14122,-0.63815,-1.4088,-0.57491,0.12033,0.54,-0.050705,-1.4756,-1.0424,-1.3861,0.19658,1.788,0.73288,1.2445,-0.19739,0.069993,0.1537,1.0874,1.254,-0.39428,-1.8405,-1.7318,-0.20336,0.47946,0.33715,-0.065446,-0.16246,-0.076356,0.19935,0.78964,-0.56828,-0.27628,0.35301,0.93903,-0.030405,-0.33566,0.44091,1.0111,0.11634,-1.1049,-0.42089,-0.29018,-0.45484,0.63138,-1.4045,0.9351,0.49673,-1.4739,0.93795,0.022579,0.32907,-1.0133,-1.1054,-0.26603,0.27408,-0.6204,-0.34906,-0.01637,-0.1353,-0.39277,-0.93391,-0.15562,0.49835,-0.77788,0.053016,-1.5738,0.29334,-0.27043,-0.010487,-0.22848,0.1919,-0.41762,2.2996,0.5311,0.17519,-0.61835,0.53227,0.21616,-0.59228,1.0636,0.13913,-0.10711,-0.074942,-0.42721,0.77733,-2.1123,-0.10198,-0.075178,-0.036118,-0.47772,0.61515,0.055685,0.27366,-0.82056,0.32331,-0.57535,0.47991,0.25349,-0.47148,0.64089,0.030577,0.75507,0.0058057,-1.7297,0.56912,0.47526,-1.2797,1.6575,1.0196,0.40017,1.2343,0.7078,-1.1423,0.20721,-0.76216,-0.41458,-0.94335,0.37936,-0.80728,-1.4073,-0.48526,2.3489,-0.38975,0.84604,0.69283,-0.036032,0.13597,-0.028561,-0.80838,0.63528,-0.21913,0.4479,0.65119,-0.35823,1.1933,-0.064735,0.33235,-0.30702,-0.32542,0.25063,-1.2908,-0.052969,0.26098,-0.8938,0.37671,0.33472,-0.15556,-0.1566,-1.1569,-0.18196,1.3825,-0.77438,-1.3638,0.015151,-1.228,-0.76285,-0.84425,1.0622,-2.1436,-0.71439,-0.19908,-1.1256,0.90208,0.61934,-1.3324,-0.34125,-0.60336,-0.48225,0.29615,-0.35826
娘,ja,daughter,N,w1,t1,-0.090397,-0.75567,-0.059388,-0.99574,0.74008,-0.87617,0.41085,0.22914,-1.1477,0.43877,-0.095663,-0.015399,0.97139,0.060133,2.0758,-0.42399,-0.55202,0.50463,-0.41812,-0.076639,0.94797,0.24376,-1.6398,0.57321,0.27225,1.4804,0.43111,-0.71402,-0.99404,0.37502,0.84777,-0.72048,-0.68646,-1.3182,0.43236,0.71643,0.52339,-1.155,-0.075221,-1.6285,1.0521,1.3006,0.79839,0.50667,-1.1022,0.31045,0.2851,1.5203,0.88534,0.35701,-1.5739,-0.34451,-0.53914,-0.50361,0.67564,-0.0085564,-1.0482,-0.28374,0.35893,0.71187,0.46013,0.20746,-0.20153,0.8192,-0.28279,0.2227,-0.6499,0.87471,0.27616,-1.6983,-0.83428,-0.76785,-0.32699,-0.17071,-1.1983,-1.002,-0.58045,-1.6955,2.6372,-0.14277,-0.1649,-0.45906,0.57521,-1.0644,0.29882,-0.31157,-0.8864,0.82171,-0.23431,-0.88947,-0.54745,1.1201,0.10991,-0.37911,2.2731,-0.35107,-0.15203,0.39463,0.11723,0.90555,-0.26601,0.097171,0.84105,0.049282,0.41551,0.28366,-0.30527,0.49696,-0.84658,-0.059806,-0.019771,-0.21919,-2.3078,-0.37687,-0.3009,-0.039818,0.50417,-0.17506,-0.47475,-1.2722,0.57516,-0.014406,0.11253,-0.76419,-0.28173,-0.39247,0.48544,0.34585,0.52237,0.31119,-0.57222,0.067922,-1.1297,-0.49624,0.63697,-0.42108,0.04171,-0.2264,0.025862,0.8851,-0.63413,0.34192,-0.47591,-1.0332,-0.7824,-1.0012,-1.4237,0.64987,0.71494,-0.44463,-0.093588,1.6762,0.0056647,0.31931,0.1269,0.45848,-0.82948,-0.55906,-0.6405,0.21995,0.25555,-0.28705,0.46278,0.019212,0.2176,-0.014626,1.2466,-0.06033,0.63707,0.061017,-0.25839,-0.039318,-0.20527,-1.0783,1.6734,-0.03086,-1.9615,0.3128,0.085109,0.38979,0.33346,0.46062,-1.076,1.0561,-1.2394,-1.9987,0.36886,0.18699,-1.6139,-0.43073,0.27942,-1.3075,0.59661,1.308,-0.27064,0.24371,0.29861,-1.0911,-0.65704,-0.51016
子供,ja,children,N,w1,t1,0.9208,-0.83056,0.1159,-1.1446,1.1571,-1.0947,-0.99668,-1.9358,0.74775,2.3726,-0.29979,0.595,0.76341,-0.13815,0.93836,0.056704,-0.35873,0.63271,1.1892,-0.23852,0.23391,-1.1294,-1.1947,0.55594,1.7516,1.6369,0.68879,0.26546,-0.49121,-0.94775,-0.87133,1.5026,-0.68976,-1.5837,0.68241,0.84596,-0.51328,-0.93308,0.23815,-0.57886,0.80737,1.2017,0.7174,-0.59397,0.54224000000000006,-1.516,-0.70914,-0.59164,0.6489,0.62972,-0.2583,-0.2502,-0.29673,0.21331,-0.81222,0.18894,-1.1876,0.88136,1.2836,-0.50971,0.052353,0.35338,0.79771,0.41163,-0.42649,-0.42257,0.12313,-0.52962,1.2379,-0.25452,-0.1164,-0.76507,-0.22779,0.058306,-1.8477,0.13678,0.56853,-0.28472,1.5403,0.37178,1.0772,-1.4471,-1.5843,-0.26559,-0.4332,-1.006,0.14403,0.73671,0.44672,-0.87402,-0.67026,0.56563,1.5368,-0.66802,1.3321,0.45664,-0.035925,0.27152,-1.1701,0.0028282,0.25821,1.4579,0.1084,-1.2574,-0.16646,-1.4445,-0.15763,-0.042781,1.7943,-0.097212,0.33978,0.80955,-1.4829,-0.057261,-0.30351,0.47491,0.37444,-0.52853000000000006,-0.61118,-0.031829,1.1588,-0.50761,-0.52812,-0.002948,1.2606,0.090156,0.67658,0.75843,1.0924,1.496,-0.22714,-1.1833,-0.10588,-1.0113,0.78753,-0.35825,0.14657,0.014118,0.93,1.9009,0.68032,-0.018148,-0.82637,-0.19663,-0.83568,0.61568,-0.70918,-0.79895,-1.0826,-1.8874,-1.3691,1.2718,0.3602,1.9824,-0.60747,-0.24048,-0.67141,0.58142,-0.54206,1.029,0.21184,-1.3936,-0.3503,0.64147,0.92287,0.62575,1.0696,0.035228,0.63531,0.79703,-1.4798,1.5213,0.21092,-1.3987,2.4088,0.78142,-0.52079,0.23855,-1.1934,0.032913,1.8428,-1.0098,-1.3737,0.65993,-0.99331,1.0151,-0.42578,-0.4681,-1.1323,-0.048539,0.059545,-0.90145,-0.62782,-0.7992,-0.28252,-0.56539,0.52358,1.008,0.622,-1.3702
家,ja,home,N,w1,t1,-0.14674,0.46193,-0.13378,0.76292,0.33944,0.069531,-0.38112,-0.50309,-0.71982,1.1485,1.5414,-1.0465,-1.106,0.35452,1.5772,-0.54242,1.16,0.85155,-0.26329,0.69395,0.70117,0.26116,-0.1986,0.65874,0.11797,0.15724,-0.37811,1.0178,0.73269,-1.6931,1.227,1.1052,-0.30735,-0.11596,0.043044,-0.35018,0.20573,0.3052,0.45934,0.16758,0.1889,1.1727,2.2615,0.81915,-0.04436,0.58651,0.56115,0.97153,0.68609,1.4018,-0.57176,1.1266,-0.39958,-0.10866,0.049602,0.57317,0.01444,-0.13594,0.50331,1.588,0.16103,0.8393,-0.045034,-0.51153,-0.24552,0.26642,-0.51333,-0.14497,-0.36761,-0.74185,-0.65007,0.21573,0.29547,0.83264,0.57863,-1.3096,0.75532,-1.8412,1.2994,0.10096,-0.17447,-0.3344,0.44558,-0.42816,1.0061,-0.001217,0.29764,-0.11949,-1.2301,0.46058,-0.26454,-1.4964,-0.1074,-0.64342,2.2154,-1.3518,-0.11579,0.75703,0.1565,1.1685,-0.66367,-0.45387,-0.096085,-0.15585,-0.50875,-0.078141,-1.3807,0.14485,-0.89711,-1.0439,-0.042961,1.1125,-0.71131,-0.65675,0.38707,0.60235,0.021357,0.68884,0.25944,0.42843,0.16375,0.14619,-0.14137,-0.89031,1.7786,-0.41183,0.21828,0.83102,0.71676,0.18372,0.45750999999999997,-0.59166,-0.73365,-1.5016,-0.14263,0.532,-0.16663,-0.7542,0.48729,0.90276,-0.41899,-0.5684,-0.42528,0.93032,0.55478,-0.70063,-0.45954,-0.74909,-0.49685,-0.53731,-0.56006,0.019434,0.66263,0.94652,0.087585,-0.50073,-1.1381,-0.20659,0.13168,0.56478,-2.2579,-0.068579,-1.0906,-0.32887,-0.76632,0.93694,0.6792,0.18636,1.0836,-1.4082,-0.50211,-0.21285,-0.23103,-1.1377,0.27968,0.171,0.71138,-0.21963,-0.27667,-0.0060554,1.0269,0.13161,-0.48452,-0.34077,-1.5797,-0.15244,0.99592,0.15263,0.11043,0.97095,0.21348,-0.76877,-1.0991,0.20982,0.62913,-1.8975,0.70883,0.54609,-1.3101,0.51872
家族,ja,family,N,w1,t1,-0.54775,-0.40518,0.18348,-0.54411,0.48129,-0.21743,0.39602,-0.40289,-1.0833,1.6608,-0.82792,-0.30946,-0.50568,0.32613,0.87723,0.8639,0.16951,-1.2093,-0.8187,-0.67053,0.67815,-0.56426,-1.162,-0.28272,0.56554,1.7815,0.82197,0.29979,-0.1744,-1.1561,0.36619,-0.096525,-0.44004,-1.8211,1.2038,1.2187,0.31635,-1.0689,0.80879,-2.1615,-0.70279,2.0221,1.1768,1.4317,0.0824,-1.0505,-0.4059,1.3549,1.084,-0.73126,-1.0455,-0.79215,0.063673,0.052025,1.1614,0.09937,-0.54021,0.61779,0.4087,1.6153,-1.1326,-0.31265,-0.69171,0.22071,-0.21673,-0.35754,-0.63605,-0.028389,-1.0705,-1.5039,-0.16561,-1.7307,1.3212,0.29007,-0.075441,-0.30579,-0.72168,-0.076792,1.0124,-0.78987,1.0273,-0.64098,-0.61284,0.52781,3.694e-4,-0.75288,0.99161,0.41741,0.13395,-0.80259,-0.4199,0.15136,1.3143,-0.037891,1.3983,-1.543,0.057924,0.9669,-0.57576,0.14372,-0.32189,0.082836,1.2837,-0.44577,-0.23592,-0.97424,-0.021192,0.52091,1.7263,0.75472,1.2135,0.002996,-1.2226,-1.2364,-0.77538,0.046021,-0.45905,1.0605,0.11569,-1.6824,-0.07305,0.38799,-0.63616,0.15335,0.29914,-0.087756,-1.3391,-0.71294,-0.54255,0.26607,-0.65974,0.048809,0.17848,-1.172,0.67305,-2.061,-1.1628,-1.6968,1.403,1.0621,0.46539,-0.055224,0.17165,-0.7108,-0.95773,0.1127,-2.0174,0.76896,0.13253,-0.31935,0.16407,1.6838,-0.8983,1.6132,0.20821,0.046076,-1.5533,-1.1119,-0.80923,-0.19962,-0.46455,0.11167,-0.71961,-0.75616,-0.51061,-0.79769,0.48319,0.049482,-0.75672,-0.1852,-1.0824,-1.2815,-0.010941,-0.48504,0.56067,0.8699,0.2189,0.38383,-0.71575,0.066053,2.2026,-0.81896,-0.05628,-0.78892,-0.8575,0.3528,0.25243,0.15416,-0.11001,0.087821,-1.0621,-2.4153,0.3404,0.14867,0.13611,-0.35895,0.43143,-0.69509,-0.59266,-0.18531
弟,ja,brother,N,w1,t2,0.21224,-1.0402,1.6024,-0.92309,0.82698,-1.9408,0.74553,-0.4767,-1.5968,-0.23386,-0.8539,-0.12886,-0.23825,-0.91069,0.47109,0.26239,0.40629,-0.46526,0.022752,-1.2552,0.54963,-0.82786,-1.1258,0.67027,0.79274,1.2413,-0.15029,0.036226,-0.78801,-1.2861,0.98487,0.37912,-1.2283,-0.37157,0.95088,1.7103,0.79714,-0.37559,0.48978,-1.5654,-0.10188,1.8312,0.39079,0.34845,-0.56283,0.76067,0.089762,1.3744,0.32158,0.43333,-1.6135,-1.0299,0.51234,0.69737,-0.1301,0.78378,-0.17871,-0.2259,1.3339,1.6895,0.28957,0.81934,-0.23818,0.77932,0.0087348,0.45602,0.1314,0.37568,-0.012618,-1.9888,-1.3561,-1.0732,0.49931,0.84296,-0.055104,-1.0018,0.14886,-0.90906,1.495,-1.1027,0.97639,-0.022243,0.35765,-0.39162,0.4189,-1.6689,-0.66591,0.85417,-0.14742,-0.30581,0.22859,-0.85331,1.351,-1.3732,1.0695,-0.65718,0.31121,0.71405,-0.060546,-0.11144,0.058946,-0.22064,2.0259,-0.24619,0.79007,-1.2894,1.0092,0.36639,0.19279,0.33765,-0.060666,-0.41072,-0.32672,-0.66854,0.4602,-1.1996,-0.23018,0.08352,-0.30362,-0.36597,0.0057554,-0.1007,-0.49448,-0.29506,-0.10264,1.0242,0.11672,0.089957,-0.45247,-0.38454,-0.48113,0.6669,0.71396,-0.40929,0.72133,-0.083114,-1.4387,-0.11174,0.85531,1.5125,1.3803,0.057648,-0.85842,0.93347,-0.79812,-0.69238,-1.3025,0.15128,-0.23538,-1.3984,-0.56932,1.2456,-0.22201,1.7052,0.97179,0.38333,-1.2762,0.11829,0.92194,1.148,0.56677,0.37811,-0.2834,-1.4368,0.077428,-0.70751,0.3624,-0.52854,0.18501,-0.43937,-0.27136,-0.99967,-0.30889,-0.24006,-0.14762,-0.94955,-0.079034,0.22926,0.67496,-0.069372,0.64771,0.2187,-2.0306,-0.57888,-1.457,-0.15489,-1.0903,0.52667,-1.6476,-0.24914,-0.63554,-1.234,0.15297,0.41936,-0.87443,-0.24111,-1.07,-0.79277,-0.42613,-0.37583
役員,ja,executive,N,w1,t1,0.027134,0.69258,0.3226,0.45714,0.028568,-0.14841,-1.0699,-1.1171,-0.6616,0.61063,-0.060151,1.3975,-0.39082,-0.5706,1.7562,1.4305,-1.4741,-0.41003,1.6108,0.88393,-0.2717,-1.8151,0.57062,-0.80514,1.267,-0.21674,0.078247,-0.16912,-0.77605,-0.83168,0.40553,1.091,0.13699,0.28608,0.5241,0.45239,0.24997,1.3468,-1.0903,-1.0221,0.42328,0.54876,1.8329,1.2337,-0.93284,-1.4491,0.62654,0.11745,1.661,1.2657,0.48292,1.2894,0.44062,-1.2382,0.73054,-0.93232,-1.1399,-1.5094,0.066699,0.61474,-0.21864,-0.62975,0.76023,0.39539,-1.5863,-1.023,-0.0098314,0.73477,0.065424,-1.4996,0.35362,0.79699,0.6437,0.77474,-0.60183,0.076482,1.4358,-0.31122,0.31264,-0.02622,0.4136,-1.0411,-1.9764,0.028829,0.23676,-1.2098,2.3682,2.5116,-0.010756,-0.94451,0.49803,-0.94003,0.2087,0.18093,1.7054,0.14584,-0.73493,1.2725,-0.2084,0.1192,-0.14722,0.79689,-1.2771,-0.90866,0.020567,-2.1057,1.3612,-0.70126,0.74582,-2.1546,-1.4775,-1.0656,0.027576,-0.88609,-1.1835,-2.2711,-0.44143,-0.57078,0.55515,0.71513,0.74097,0.7449,-0.15977,-0.84419,1.1497,0.40641,-1.0192,-1.2877,-0.079471,-1.178,0.1233,0.94317,0.69785,-1.3912,0.2776,0.08892,0.44809,-1.3072,0.43253,-0.25259,-0.72986,-0.69739,0.59332,-0.24333,0.89038,-0.73967,-0.51233,0.090098,0.1893,-0.22436,-0.63777,0.42164,0.33997,1.6368,-1.7209,-1.1281,-0.098895,1.1469,-0.63418,-0.011234,-0.10611,0.43908,-1.9499,0.49628,0.66807,0.59399,1.1798,-1.2984,0.04841,-0.69904,-1.4388,0.61345,0.60037,-0.77602,-0.038054,-0.22578,-0.073377,-0.27433,0.89181,-0.52997,-0.93296,-0.51596,1.1925,-0.10128,0.57107,-1.9274,-1.9049,0.41034,0.17484,1.1407,-0.34107,0.32466,1.5811,0.68781,-0.95055,-1.0535,-0.2291,0.7446,-1.8992,0.23495
彼,ja,him,N,w1,t1,-0.73649,0.54963,-0.90825,-1.2513,-0.91272,-0.48536,-0.6824,0.62368,-1.6644,1.0965,0.13807,-0.053184,1.4956,0.86558,1.4382,-0.71687,-0.32639,0.19506,0.092261,0.43281,2.0922,0.55248,0.46684,-1.0512,-0.4001,2.1357,-1.0598,-1.0004,1.0556,-2.8091,0.55066,0.07305,-1.1608,-1.1814,0.88474,0.21016,0.22543,0.39062,0.63278,-0.57045,-0.49339,0.39705,0.89757,-0.62013,-0.099042,-0.46687,1.3533,0.19409,-0.36287,0.8555,-0.23233,-0.73356,-0.48624,-0.26351,1.8154,1.0823,-0.66477,0.38415,-0.0048455,0.2834,-0.48118,-0.54595,-0.27025,0.15809,-0.45255,-0.15029,0.048946,-0.80964,-0.96665,-1.6474,-0.42511,-0.44831,-0.3547,0.51846,-1.3406,0.99408,0.87058,-1.3867,-0.16291,0.19433,1.0754,0.13452,-0.32079,0.25425,0.079252,0.11231,0.76238,0.70747,-0.67386,0.054975,-0.5636,0.50967,-0.27264,-1.2259,0.18737,0.72834,-0.066305,-0.20418,-0.491,-0.29355,-0.66334,0.0046422,-1.6057,0.25706,-0.026093,-1.0195,1.0679,0.49092,0.0016682000000000001,0.94085,0.70922,0.080104,-0.21146,-0.90903,-1.5768,0.18344,0.46687,-0.50163,-0.85947,-1.2777,1.0693,0.35661,0.16437,-0.35458,1.0361,1.935,0.24689,0.38429,0.67181,0.16209,-0.42864,-0.11641,1.7968,-1.5614,0.79812,1.1202,0.70678,-0.31564,-0.20755,-1.697,-1.441,-1.4004,-0.08264,0.26267,-0.14785,-0.88602,-0.75531,0.21239,0.66174,-0.086938,0.15534,-0.14471,-0.38506,0.049654,-0.49222,-0.18341,0.66904,-0.61297,-0.61112,0.11418,-1.2465,0.2677,0.069612,-0.46295,0.45831,-0.72702,0.043984,-0.61158,0.61093,-0.47502,-0.73273,0.24426,-0.88459,-1.1555,2.8425,0.50307,0.71895,1.4558,0.69825,-0.7724,0.77117,0.2719,-0.30693,-0.65626,-0.14667,-0.096483,0.57357,0.46549,-0.29695,0.80195,-1.296,0.064595,-0.54768,0.91044,0.0072538,0.23812,-0.50886,0.97143,-0.85042,-0.40217
彼,ja,he,N,w1,t1,-0.73649,0.54963,-0.90825,-1.2513,-0.91272,-0.48536,-0.6824,0.62368,-1.6644,1.0965,0.13807,-0.053184,1.4956,0.86558,1.4382,-0.71687,-0.32639,0.19506,0.092261,0.43281,2.0922,0.55248,0.46684,-1.0512,-0.4001,2.1357,-1.0598,-1.0004,1.0556,-2.8091,0.55066,0.07305,-1.1608,-1.1814,0.88474,0.21016,0.22543,0.39062,0.63278,-0.57045,-0.49339,0.39705,0.89757,-0.62013,-0.099042,-0.46687,1.3533,0.19409,-0.36287,0.8555,-0.23233,-0.73356,-0.48624,-0.26351,1.8154,1.0823,-0.66477,0.38415,-0.0048455,0.2834,-0.48118,-0.54595,-0.27025,0.15809,-0.45255,-0.15029,0.048946,-0.80964,-0.96665,-1.6474,-0.42511,-0.44831,-0.3547,0.51846,-1.3406,0.99408,0.87058,-1.3867,-0.16291,0.19433,1.0754,0.13452,-0.32079,0.25425,0.079252,0.11231,0.76238,0.70747,-0.67386,0.054975,-0.5636,0.50967,-0.27264,-1.2259,0.18737,0.72834,-0.066305,-0.20418,-0.491,-0.29355,-0.66334,0.0046422,-1.6057,0.25706,-0.026093,-1.0195,1.0679,0.49092,0.0016682000000000001,0.94085,0.70922,0.080104,-0.21146,-0.90903,-1.5768,0.18344,0.46687,-0.50163,-0.85947,-1.2777,1.0693,0.35661,0.16437,-0.35458,1.0361,1.935,0.24689,0.38429,0.67181,0.16209,-0.42864,-0.11641,1.7968,-1.5614,0.79812,1.1202,0.70678,-0.31564,-0.20755,-1.697,-1.441,-1.4004,-0.08264,0.26267,-0.14785,-0.88602,-0.75531,0.21239,0.66174,-0.086938,0.15534,-0.14471,-0.38506,0.049654,-0.49222,-0.18341,0.66904,-0.61297,-0.61112,0.11418,-1.2465,0.2677,0.069612,-0.46295,0.45831,-0.72702,0.043984,-0.61158,0.61093,-0.47502,-0.73273,0.24426,-0.88459,-1.1555,2.8425,0.50307,0.71895,1.4558,0.69825,-0.7724,0.77117,0.2719,-0.30693,-0.65626,-0.14667,-0.096483,0.57357,0.46549,-0.29695,0.80195,-1.296,0.064595,-0.54768,0.91044,0.0072538,0.23812,-0.50886,0.97143,-0.85042,-0.40217
彼の,ja,his,N,w1,t1,-2.4633,2.5667,-1.6841,-0.78529,0.84852,-0.60671,-0.37939,1.9346,-4.9198,0.97545,-1.3908,0.59931,-0.5217,2.0683,1.505,0.15598,-0.46946,1.6053,2.0096,1.5045,1.2804,0.07487,-0.98538,-2.3068,1.1645,3.3774,-1.7886,0.43384,0.73626,-3.0185,0.19626,-1.9016,-1.9141,-1.5783,1.9232,0.29971,1.1868,1.8495,-0.64402,-0.23991,0.33099,1.8813,2.2535,0.36581,-0.79967,0.68037,0.91597,0.39663,-0.821,0.35126,2.0879,-1.6553,-1.7374,2.275,0.53116,1.345,-1.5893,-0.36492,-1.84,0.10693,-0.26696,-2.4417,1.0318,2.6348,-1.4557,0.23649,-1.2981,-0.93811,-1.9155,0.44163,-2.446,0.91027,0.36788,-2.2845,-0.62552,2.9641,-1.3246,-1.3221,1.757,-1.0571,2.1868,0.7748,0.81573,-1.8564,1.0058,0.22976,0.14602,-0.39782,1.1619,0.87603,-1.1293,-0.44676,-1.7132,-3.4543,1.8014,2.2136,-2.1124,1.9495,0.48435,-1.3973,-0.47806,-2.8892,2.9218,-0.30106,-0.84973,-2.5672,0.50537,2.0123,0.12772,1.5114,1.6113,0.16524,-1.0959,0.08143,-1.3589,-1.1109,-1.1413,0.18319,-1.0981,-1.1481,2.1766,-1.9337,-3.507,-0.156,0.93743,1.0972,-0.14504,0.5663,1.2126,-0.88584,-1.455,0.11052,-0.35321,-1.7367,2.1224,0.85684,-1.4094,-0.96245,-0.11853,-0.47876,0.6237,-0.14725,-1.474,0.70922,-1.1855,0.88934,-0.61182,-2.1313,-0.21003,-0.79443,0.99632,1.4329,-0.44781,0.35134,0.74608,0.030555,2.1254,-2.464,0.036544,-1.1927,0.75724,-0.087867,0.19276,-2.1145,0.77971,-0.49933,1.2073,-1.1524,1.4017,-1.0315,0.053538,0.94078,0.13758,-1.252,0.10805,-1.1629,0.46216,-0.27949,0.30316,1.0734,-0.151,0.64466,-0.19952,0.476,-0.0087269,-1.3942,2.8436,1.6028,-2.699,-1.5494,-0.64105,-0.37134,0.89847,1.0839,-0.57832,-0.035343,-0.66761,0.98409,0.45332,1.1286
彼女,ja,her,N,w1,t1,-1.7378,1.6797,-1.0965,0.51163,-1.8598,-1.4069,-0.99727,0.39137,-2.5505,1.4836,-2.5727,0.30811,-0.61223,-1.3253,1.1388,-1.4692,-0.3781,0.5863,-0.5634,0.063032,0.64496,0.81666,1.0359,-0.037952,-0.78931,4.6153,0.19241,-1.9829,-0.11874,-2.9771,-1.6836,-0.25405,-0.34031,-0.83908,-0.70194,-0.90623,-0.87064,0.47204,0.46564,-1.285,-0.027748,1.1387,1.6077,0.66001,0.20229,0.15557000000000001,0.92047,0.41485,-0.4213,-0.11985,-0.15195,-1.3634,-2.15,0.72327,1.0894,0.73748,-2.6771,0.088342,0.49081,-0.099185,0.1437,-1.4147,-0.77033,2.3713,1.0561,-0.14681,-1.1049,-0.44412,-0.43704,0.10578,-1.1172,-0.32641,-0.84129,0.16845,-0.63911,2.8616,0.86263,-2.0535,0.24588,-1.3177,0.31029,-0.90521,-0.30078,-0.30673,0.028721,-0.51003,1.5739,-1.4245,-1.0321,-1.2055,1.2396,-0.99509,-1.8431,-0.13714,0.77297,0.82148,0.4353,0.82632,0.80952,0.30018,-0.36905,1.1979,0.26483,0.44208,0.21983,-1.756,0.35,1.5087,-1.1457,-0.44828,-0.079812,-0.016623,0.57479,-0.85053,-1.5862,1.1588,-0.79854,-0.28857,-1.6926,-0.70792,0.49141,0.067067,0.10889,-1.0974,2.1076,0.82163,-0.60288,-0.036995,0.030725,-0.026917,-0.358,-0.57242,-1.2587,-1.4256,0.92011,1.3214,0.82362,1.5057,1.214,-2.4268,-0.51584,0.25638,0.58957,3.235,-0.99554,-1.3878,-0.29735,1.0701,0.46745,-0.81766,-0.57349000000000006,0.84861,-1.2689,-0.20684,0.22496,-0.22247,0.014012,-1.8209,-0.69225,-0.12444,-1.1233,-0.59593,1.0088,0.074578,0.79238,-0.67821,-0.61434,-0.82071,-0.22871,-1.4634,-0.42883,-0.20181,-0.2932,-2.2435,0.87059,0.80455,3.3392,1.1983,-0.9302,-1.3685,1.0409,-0.28169,-2.4074,1.7698,-1.8776,-0.67214,1.2582,-0.077272,-2.7431,0.068083,0.36513,-0.83379,0.099328,0.63371,-1.4857,-0.2245,-0.9678,0.13744,0.39026,-0.29215
彼女,ja,she,N,w1,t1,-1.7378,1.6797,-1.0965,0.51163,-1.8598,-1.4069,-0.99727,0.39137,-2.5505,1.4836,-2.5727,0.30811,-0.61223,-1.3253,1.1388,-1.4692,-0.3781,0.5863,-0.5634,0.063032,0.64496,0.81666,1.0359,-0.037952,-0.78931,4.6153,0.19241,-1.9829,-0.11874,-2.9771,-1.6836,-0.25405,-0.34031,-0.83908,-0.70194,-0.90623,-0.87064,0.47204,0.46564,-1.285,-0.027748,1.1387,1.6077,0.66001,0.20229,0.15557000000000001,0.92047,0.41485,-0.4213,-0.11985,-0.15195,-1.3634,-2.15,0.72327,1.0894,0.73748,-2.6771,0.088342,0.49081,-0.099185,0.1437,-1.4147,-0.77033,2.3713,1.0561,-0.14681,-1.1049,-0.44412,-0.43704,0.10578,-1.1172,-0.32641,-0.84129,0.16845,-0.63911,2.8616,0.86263,-2.0535,0.24588,-1.3177,0.31029,-0.90521,-0.30078,-0.30673,0.028721,-0.51003,1.5739,-1.4245,-1.0321,-1.2055,1.2396,-0.99509,-1.8431,-0.13714,0.77297,0.82148,0.4353,0.82632,0.80952,0.30018,-0.36905,1.1979,0.26483,0.44208,0.21983,-1.756,0.35,1.5087,-1.1457,-0.44828,-0.079812,-0.016623,0.57479,-0.85053,-1.5862,1.1588,-0.79854,-0.28857,-1.6926,-0.70792,0.49141,0.067067,0.10889,-1.0974,2.1076,0.82163,-0.60288,-0.036995,0.030725,-0.026917,-0.358,-0.57242,-1.2587,-1.4256,0.92011,1.3214,0.82362,1.5057,1.214,-2.4268,-0.51584,0.25638,0.58957,3.235,-0.99554,-1.3878,-0.29735,1.0701,0.46745,-0.81766,-0.57349000000000006,0.84861,-1.2689,-0.20684,0.22496,-0.22247,0.014012,-1.8209,-0.69225,-0.12444,-1.1233,-0.59593,1.0088,0.074578,0.79238,-0.67821,-0.61434,-0.82071,-0.22871,-1.4634,-0.42883,-0.20181,-0.2932,-2.2435,0.87059,0.80455,3.3392,1.1983,-0.9302,-1.3685,1.0409,-0.28169,-2.4074,1.7698,-1.8776,-0.67214,1.2582,-0.077272,-2.7431,0.068083,0.36513,-0.83379,0.099328,0.63371,-1.4857,-0.2245,-0.9678,0.13744,0.39026,-0.29215
彼女の,ja,hers,N,w1,t1,-1.6139,1.2604,-2.0319,1.0474,-2.2546,-0.37782,-2.1051,0.5729,-5.3174,-0.21796,-4.0953,1.5633,-1.913,-0.89008,0.61677,-1.1709,-1.2938,2.6101,1.1024,1.6325,0.86971,0.53835,0.73258,0.55773,0.29432,6.9636,-0.54954,-2.3938,1.0972,-4.2889,-2.1851,-0.20636,-2.1298,-1.4958,0.5642,-0.83446,-0.43355,0.95328,-0.15039,1.445,-2.4686,0.89494,3.9589,2.338,2.4891,0.19856,1.2308,0.26579,-1.2824,1.4863,-2.7849,-1.983,-2.7352,1.3547,2.3001,0.4216,-3.2547,-0.73332,-0.36825,-1.3533,0.35969,-3.3827,-2.0313,2.9682,0.72802,2.2972,-0.32995,0.67214,-1.3363,0.092945,-1.7807,-0.075239,-0.065244,0.17128,-0.8239,6.6436,0.1057,-4.493,-0.17956,-1.383,1.2617,-0.33455,-0.57391,-0.69688,0.94876,-0.43228,1.2,-1.0958,-1.7884,-2.1218,0.87166,0.35223,-3.0811,-1.1421,1.3932,1.1366,0.2764,-2.0628,1.0782,-0.95798,-1.1663,-1.8177,-0.38692,-0.79547,-1.6583,-0.5865,-0.16939,2.3445,-2.982,-1.3185,0.94199,0.56772,-1.1267,0.72582,-0.96153,0.65903,-0.79408,1.6008,-2.7371,-1.695,0.78718,-1.8078,-1.7684,-1.3113,2.9432,-0.11192,0.22231,-0.58178,1.2804,0.043665,-1.9654,-1.4726,-0.55725,-2.4157,0.30759,1.8791,2.0113,3.5486,-0.40217,-2.9845,0.45866,0.1925,-1.8776,4.1269,-2.2271,0.17298,-1.0347,-0.5547,-1.414,-0.72514,0.23562,2.7885,-0.058233,1.2673,-1.1648,1.1648,-0.88239,-3.0545,-1.4738,-1.9166,-1.1062,-1.793,2.3331,-1.9097,2.6284,-0.037774,-0.43761,-0.993,2.1831,-3.8844,-0.062518,1.3219,-0.27399,-3.415,1.7435,0.72191,3.1741,1.8564,-2.4392,-0.77775,2.5144,-1.1862,-3.1238,3.548,-1.6458,-2.494,2.6108,-0.28369,-2.3635,-2.2045,1.4608,-2.8961,-1.0241,0.19836,-4.1276,3.0636,-2.3956,0.63646,-0.10969,0.36635
従兄弟,ja,cousins,N,w1,t2,0.29371,0.22336,0.19302,-0.92621,1.7121,-1.6833,-0.070611,1.0417,-2.9692,0.8448,-0.025951,1.1676,-0.2658,-1.6899,2.6185,-0.24446,-0.95265,-0.50991,1.575,-0.33519,-0.55722,-1.3721,-1.1779,-1.8606,0.72164,-0.1777,-0.38659,-0.24236,-0.2918,-2.5463,0.45371,-1.632,-1.6613,-0.29656,1.8308,1.5009,-0.90359,-0.73895,-0.37896,-2.0863,0.0080656,0.69061,0.62195,-0.56346,0.41214,0.48125,-0.59878,0.98937,0.076199,0.54791,-0.87674,-1.2878,-0.27763,0.21373,0.50258,-0.88419,-0.12621,0.54958,-0.47157,1.2886,1.0283,0.86922,0.12497,1.334,0.099009,-0.077665,-1.0391,0.36039,1.5242,-1.1851,-0.75237,-1.1964,-0.22658,1.7253,-0.86571,-0.66361,0.10579,-0.73598,1.6195,-0.010093,0.24786,-0.010525,1.226,0.45279,1.156,-0.99773,-1.1275,1.082,-2.6447,-1.0244,0.080847,0.021164,2.2415,-2.4944,0.332,-2.101,-0.26999,3.7853,1.2257,-0.83517,-0.40173,0.15247,2.3773,-1.0054,0.74658,-1.2388,0.25614,1.4692,1.3374,1.6029,0.47686,-0.59338,-0.22866,-1.0233,0.27789,-0.61941,-0.64339,0.98765,0.30837,-0.63022,0.56849,0.38291,0.085186,-0.069346,-0.76215,-1.1614,0.064678,2.198,-0.1328,-0.34568,-1.5346,1.2133,0.69121,0.073533,1.8463,-0.68704,-0.99448,-1.4727,1.4059,0.73289,1.2207,-0.43155,-0.5883,-0.32777,-0.51528,-1.489,-1.734,-0.74475,0.81953,-1.8933,-1.2562,2.2399,-0.41537,2.1491,-0.25659,0.25667,-1.0199,0.036675,-0.051536,-0.41133,-1.0403,0.27673,-1.3666,-1.2623,-0.25118,-0.34699,1.3785,0.2831,-0.81667,-1.395,1.0279,-1.3501,0.66503,-2.5986,0.7671,0.29072,-1.5279,0.26753,0.51734,-0.0066972,0.96921,0.21752,-1.0604,-0.073762,-1.1612,-1.3975,-1.6957,2.1236,-0.94762,0.91625,-0.099082,-1.8173,-0.44245,1.0173,-1.486,-1.0546,-1.206,0.2377,-0.7677,-0.43454
従姉妹,ja,cousins,N,w1,t3,0.63863,1.0213,-0.060209,-0.9027,-0.14352,-1.0156,-0.87016,-0.90128,-0.33822,0.78759,-1.3357,0.27559,-0.58231,-0.089439,1.3647,-0.33995,-0.75337,-0.24452,0.19385,-0.1048,0.21052,0.73257,-1.822,-0.31874,0.7032,2.2457,0.44405,-0.88577,-0.80132,-0.66107,-0.73165,-1.0307,-0.80503,-0.55304,-0.35482,1.3584,0.5353,-0.69475,-0.18081,-1.9368,0.66957,-0.11174,0.26602,1.1787,1.2914,0.84348,0.6064,0.7077,-0.7425,0.65756,-2.0258,-0.89379,-0.4705,0.47567,1.086,-0.99119,-0.54566,-0.048316,0.80959,0.61594,-0.23388,0.70496,-0.3012,1.1092,0.16787,0.38418,-0.43057,1.0487,0.8929,-0.42067,0.61766,-0.14409,-1.0564,1.3525,-2.0299,0.21218,0.40827,-1.9396,0.75975,-0.16541,-0.24176,0.17936,0.24272,-0.92962,-0.29043,-1.6366,-0.64887,-0.04865,0.24837,-1.2578,-0.38413,0.71793,1.328,-1.6353,1.0097,-0.32956,0.6671,-0.048801,0.99131,0.38556,0.035249,-0.8621,2.2184,-0.65292,1.3536,-0.63374,-0.27004,-0.08596,-0.03082,-0.046546,-0.44936,0.34378,0.29136,-0.5207,-0.16236,-1.0304,0.87543,0.63249,-0.86122,-0.93573,0.44576,0.77534,0.14293,-0.79242,0.28437,-0.40684,0.65931,-0.35486,-0.68452,0.31147,-1.1704,1.2206,-0.20783,0.51938,0.188,-0.86326,0.14717,0.90013,0.22828,-0.45791,0.70715,0.2218,-0.88339,-0.77,-0.39247,-0.075535,-0.44518,-1.0817,-0.36873,-0.033609,-0.47766,1.696,0.022844,1.5863,0.99392,0.62244,-1.4961,-0.26714,-0.78228,-0.41636,-1.7309,0.10609,0.20008,-0.40049,1.329,0.058495,0.25866,-0.15689,0.39667,-0.37762,-0.78898,0.41844,0.36803,-1.2087,2.0756,0.12929,0.36136,0.58424,-0.98309,0.35188,1.5838,-0.98366,0.15511,0.74956,-2.8577,-1.3116,0.1514,1.1112,-2.2808,-0.78054,-1.0667,-1.6711,0.062506,0.9441,-0.85975,-0.45145,-0.55202,-0.027204,0.25299,-0.27553
息子,ja,son,N,w1,t1,-0.76095,-0.14964,-0.56056,-2.0628,1.9819,-1.2134,0.99376,-1.559,-2.056,0.03114,-2.1996000000000002,0.21163,-0.005038,-0.84558,1.254,-0.24036,0.47394,0.70518,0.012914,-0.70657,0.37957,0.50473,-0.61602,-1.3758,1.117,1.193,-0.6442,-0.20402,-0.28681,-1.7246,0.28554,-1.161,-1.2356,-1.2955,1.9183,0.89653,0.29772,-0.94309,0.66532,-1.3741,1.8572,0.79259,0.60353,1.1821,0.25941,-0.72638,-0.71949,1.154,0.13749,0.090909,-0.28621,-1.418,-0.91318,-0.89968,-0.094865,0.43628,-1.5507,0.84251,0.49639,0.10455,0.063245,0.23667,0.4638,1.7185,0.28755,-0.36551,0.36714,0.73036,0.20112,-0.94247,-0.84948,-2.0196,-0.80895,0.21916,-0.12773,0.10676,0.82106,-0.31717,1.9295,-1.93,0.74207,0.20896,0.58741,0.46701,0.14211,-1.1158,-1.1774,1.2713,-0.46742,-0.86586,-0.86126,0.36159,0.86056,0.80413,1.6104,0.027043,-0.14267,1.8696,-0.022414,1.0425,-1.0653,-1.2837,1.9916,-0.064356,0.28187,-1.8488,0.36077,0.4603,0.36721,0.21964,1.9181,-1.7221,-0.87934,0.23483,-1.5115,0.011259,-0.21126,0.62478,-1.0879,-0.5634,0.49629,0.07529,-1.5607,0.27963,0.45672,0.78021,-0.19613,0.8786,0.84715,-0.61756,-0.29946,0.21167,-0.64704,-0.94203,0.91315,-1.0662,0.99722,-0.77385,1.1148,2.1205,0.045045,-0.81916,-0.11265,0.7617,-0.85902,-0.88593,-2.3491,0.38061,0.069016,-0.68098,-0.20316,2.0592,-0.94874,1.967,-0.91372,-0.62113,-0.82898,-1.1849,-0.78056,-0.43822,-0.11119,-0.52716,0.4719,-1.9135,0.42042,-0.065715,1.6836,0.36182,-0.91568,-0.66824,-1.2586,-1.848,0.51218,-0.38949,1.7184,0.89858,-0.12623,-0.11698,-1.0789,0.53549,2.3247,0.12773,-1.3195,-0.21001,-1.8192,-0.58132,-0.31337,0.33674,-0.52764,1.2077,-0.49778,-1.5795,0.62896,1.1431,-0.60075,-0.90957,0.17299,-1.5963,-0.4501,0.060574
男,ja,man,N,w1,t1,-0.066492,-1.0138,-0.13036,0.070473,0.72926,0.58956,-0.61774,-0.22632,-0.58974,0.73816,0.22459,0.83036,0.31737,-0.39919,-0.23739,-0.92132,-0.28081,0.91688,1.5982,-1.5253,2.4333,-1.2473,0.54401,0.064645,0.97641,1.0324,0.89341,0.15233,0.44112,-1.0738,1.42,0.73354,-1.2275,-0.85435,0.21734,0.35572,1.1685,-0.061484,-0.83353,-0.50255,-0.57568,1.7111,1.4795,-0.37495,0.23863,-1.601,0.72289,0.0077898,0.79465,0.6309,-0.9857,-0.79736,0.322,0.64952,0.49461,0.19792,-1.4792,0.44352,0.17883,2.0888,-0.52826,1.2186,-0.42193,0.76418,-0.719,1.2589,0.079848,-0.15606,-1.0683,0.47257,-1.1933,-0.88803,0.69969,-0.47011,-1.7334,0.40423,0.83855,-0.94094,0.3417,0.64409,-0.42433,1.3992,-1.0582,-0.60871,0.4695,-0.013431,-0.80825,1.4032,-0.20894,-1.1349,-0.7392,0.31646,0.88742,-1.4173,0.81435,0.42949,0.2159,-0.20172,-1.3358,-0.3511,0.13951,-0.94163,0.72632,-0.68185,-1.2344,-0.31222,0.25349,0.45945,0.017327,-1.3733,-0.53729,-0.84164,-0.83693,-1.0867,-1.3517,0.95715,0.20506,-0.84533,-0.20104,1.0273,0.31019,1.1331,0.39416,-1.0977,1.6263,0.20197,1.4442,0.51866,1.289,1.0315,-0.70491,0.19958,-0.028402,-0.053545,0.8878,0.46443,0.1779,-0.035439,1.6947,0.33259,-0.18437,-1.512,-0.97056,1.0499,-1.1311,-0.097302,-1.0908,-0.45105,-0.31112,-1.0801,-0.39194,1.4504,-0.52761,0.63431,-0.21699,-0.62127,0.077743,-0.57568,-0.58894,0.88464,-0.33643,-0.021195,-0.14577,-0.21114,0.15022,-0.61816,0.88924,-0.71126,-0.55475,1.3998,-0.27665,-0.088003,-0.57795,-0.4084,1.373,1.9274,-0.31039,-0.26234,-1.6177,-1.2212,0.027369,-0.1172,-0.68958,-1.1841,0.23915,-0.25328,0.16793,-0.47244,-1.8743,-0.32534,0.43287,-1.0648,1.2494,-0.19651,-0.24724,-0.10226,-0.73141,0.22006,0.76182,-0.29359
男の人,ja,man,N,w1,t2,0.56172,0.71684,0.98588,-1.6329,0.27117,-0.62463,-0.41063,0.24428,-0.85381,2.2002,-0.25551,-0.64198,0.084499,0.22431,1.315,-0.73586,-1.4494,0.089613,-0.029723,-1.3058,0.81182,0.33482,-1.2341,-1.1619,-0.51357,1.0352,0.10704,-1.4523,1.0458,-0.73408,-0.97616,0.72049,-0.17665,-1.073,0.26853,0.39375,1.1066,1.0018,-1.4053,0.084669,1.2058,0.82314,2.3156,1.1176,0.90372,-1.1759,1.3097,1.8636,0.011191,1.6134,-0.77977,-0.87886,-0.72843,0.5661,1.5212,0.50601,-2.0362,0.19352,-0.41535,0.53421,-0.14392,0.011765,1.115,0.81926,-0.55478,-0.44545,1.5327,0.75032,-0.5439,2.6398,-0.56002,-2.1151,-0.60432,0.77791,-1.7468,0.085542000000000007,1.503,-0.41038,1.898,0.18832,0.74069,0.38797,0.55943,1.1944,0.3078,-0.089098,1.6133,0.66569,-2.1408,-0.49618,-0.97389,1.8864,-0.84647,-0.6257,0.24017,0.56383,0.09748,-0.65085,-1.6569,1.8257,-1.4354,-0.63604,0.75404,-0.54957,0.39334,-0.95837,-0.51555,1.304,0.88907,0.67837,-0.71494,-0.23639,-1.1826,-1.0667,-1.6493,0.29485,0.59676,-0.6954,-3.1015,-0.34908,-0.65343,0.5199,1.0358,-0.021613,-0.096799,0.089025,0.75956,0.15353,1.3313,0.76436,-1.6641,-0.072097,-0.33964,-2.3727,0.46822,-0.59657,-1.0002,-2.1697,0.88857,-0.48286,-0.069637,-0.57287,-1.5279,0.12308,0.041695,0.043464,-0.81808,0.15658,0.84783,-1.475,-0.565,1.3796,1.0921,3.3409,-0.11476,-0.38146,1.3543,0.90778,-0.8707,-0.17829,-1.3704,-1.4163,-1.8677,1.4424,1.3944,0.18347,1.716,1.0973,1.6947,-1.3376,-1.4129,0.4418,1.8107,-0.053522,1.7687,1.1934,-0.69998,0.38386,-1.4811,1.2377,0.72897,1.0051,-0.23769,1.5159,-0.54657,0.067862,0.89725,1.7594,-2.7408,0.055329,-0.64957,-0.51389,0.65531,-1.1525,0.075226,-0.61712,0.19344,-1.5429,2.5197,-0.52772
男の子,ja,boy,N,w1,t1,0.3405,-1.5098,0.45307,-0.69677,1.4877,-0.47762,-1.0513,-0.0028915,-0.58984,2.1189,1.2521,0.78164,0.65851,-0.021802,1.1609,0.083407,-0.65452,0.24657,0.030477,-2.2982,0.83351,-0.13595,-0.31109,-0.64863,0.54715,1.958,0.67106,-1.267,-0.17272,-0.60545,0.23925,0.73828,-1.5743,-0.039625,-0.84707,0.99291,-0.062905,-0.6244,-2.0857,0.039077,0.14887,1.2749,1.519,1.3819,0.17048,-0.76876,-1.1911,-0.49072,1.2073,1.6831,-0.70257,-1.4106,0.24452,0.084672,0.26517,0.58168,-2.9534,1.1355,-0.5492,0.80087,0.10272,0.55598,1.3033,0.2624,-0.84943,1.254,0.79803,-0.61514,0.44617,-0.10205,-1.3301,0.29707,1.0423,0.040884,-3.5035,1.2541,0.23827,-1.8819,2.1755,-0.1799,-0.47462,-0.9457,-0.93037,0.051922,-0.41858,-0.82529,-0.92127,0.20742,-1.2605,-0.51755,0.031665,1.2647,2.903,-1.9083,1.6137,1.0773,-0.22836,0.73841,-1.664,0.14665,-0.72523,-0.11898,0.16321,-1.3996,-1.3593,-0.86195,-0.24435,-0.71833,0.4001,-0.43493,-1.1608,-0.3326,-3.0385,-2.3948,-0.886,1.9337,-0.20164,0.4458,-0.7392,0.51077,-0.38492,0.18892,0.24665,-1.2474,1.3951,-0.93073,0.97645,0.24283,1.1517,-0.12993,-1.8193,0.57265,0.63362,-0.02815,0.90066,-2.202,-0.26946,-0.9524,0.11932,-1.1882,0.21936,-1.2728,-2.1625,1.0081,0.5557,-0.21002,-0.31263,-0.024372,0.086459,-1.6434,1.4655,2.1919,-0.62781,1.6002,-1.5244,-0.15923,-1.0377,-1.102,-0.31837,2.2095,-0.79243,-0.91028,-0.26916,1.9214,-0.4954,0.086238,1.7101,-0.32601,1.4105,1.315,-0.9508,0.75169,-1.0533,-1.4792,2.6678,1.1263,-0.46589,1.0939,-1.8641,-0.35515,0.53678,0.76997,-1.4216,0.40851,-0.98021,1.3538,-0.38786,0.093818,-2.8013,-2.4362,0.53104,-2.33,0.9366,-0.16138,-1.2884,-0.92949,1.0914,0.50069,0.69809,-1.5553
男子,ja,boy,N,w1,t2,-0.22,0.1428,0.74317,0.37086,1.1221,-0.19827,-1.0997,0.46075,0.32299,0.56214,1.4555,0.41629,1.0133,-0.86724,2.1581,-0.78971,0.089179,-0.84202,1.0628,-0.089765,0.051468,-1.3243,-1.0238,0.043913,0.84706,0.082801,0.19056,0.01059,-0.68302,-1.5893,0.053014,-0.39264,-1.2392,-1.0665,-0.20791,-0.36293,0.88892,-0.70147,0.94009,-1.0554,-1.3344,0.88607,0.93444,-0.43784,0.41409,-1.326,-0.052935,-0.36828,3.4892,-1.7672,-0.67882,-0.60333,0.2193,0.75458,0.61744,-0.075846,-2.1038,-0.0271,-0.14842,0.90626,1.0744,1.4747,0.59286,0.055737,-0.37203,1.5762,-0.93438,0.029527,-0.54033,-0.84343,-0.54466,-0.055559,-0.081672,2.5268,0.69388,0.13685,0.32762,-2.0234,1.8589,0.017396,0.7665,-1.2514,-0.51132,0.10464,0.23694,-1.76,0.0052636,0.87072,-1.0141,0.29946,0.59761,-0.12099,0.52765,-0.16767,0.79924,-0.35291,-0.1985,0.26385,0.57024,0.73521,-1.5624,-0.83582,-0.20379,-0.15431,0.11677,-0.49245,-1.0643,0.73684,0.080639,-0.94091,0.1305,-1.4708,-0.23615,1.4586,0.1568,-1.0413,0.59962,-0.61513,0.13756,0.18868,-0.78557,0.5057,1.6549,0.28592,0.36925,-0.21494,0.10987,0.36474,-0.32841,0.34514,-1.3166,0.2758,-1.9328,0.010871,1.2231,-0.68452,0.42406,0.13955,0.063844,-0.2905,-0.16783,-0.89065,-1.228,-1.001,0.66059,0.2047,-0.13441,-0.4679,0.0064615,-1.8029,-1.3438,-0.13822,-1.6587,0.2613,1.0071,0.64469,-0.02711,-0.14431,-0.69917,1.5118,0.99922,0.11575,-0.66088,0.0235,0.43015,-1.5891,0.43429,-1.4659,-0.28821,-1.6383,-0.21437,-0.20587,-0.041076,-1.9637,0.55286,0.71757,-0.55561,-0.71061,-1.1522,0.24216,-0.15159,-0.26618000000000003,-1.6824,0.70507,-0.97259,-0.65746,-1.9348,-1.0813,-1.987,-1.1375,-0.69867,-0.9123,0.75599,0.1605,-2.6947,0.82954,-1.0004,-0.070772,-1.5189,-0.27345
男性,ja,male,N,w1,t1,0.24015,0.87882,0.6192,0.10176,1.1522,-0.27308,0.16651,-1.6029,-0.063964,0.49271,-0.14319,1.6249,-0.97314,-0.10867,0.22254,1.3086,0.0795,0.75,-0.21615,-0.53977,2.306,-1.1943,0.36008,0.15349,0.66811,0.40298,0.79537,-0.88559,0.37226,-0.073817,0.28033,-0.45039,-1.0183,-2.4988,0.8231,0.062546,0.51466,1.6093,-0.3147,0.52772,0.89251,1.0161,0.66056,0.43195,-0.32154,-1.6834,-0.81871,-0.54289,-0.42992,1.5391,0.59988,0.86927,0.62016,-0.8458,-0.49769,0.15318,-1.369,0.52244,0.43824,-0.19268,0.34246,-0.0062848,0.014803,-0.23087,-0.31792,-0.3288,-2.1469,-0.64951,0.67623,0.61963,1.1536,-0.62304,-0.25884,0.21152,-2.1446,1.2981,0.94533,-0.53072,0.70869,0.38842,1.8338,0.61678,-1.3111,0.056736,-0.54623,0.49745,0.27749,1.3212,-1.3391,-1.3757,0.026445,0.30035,0.24326,-1.1187,0.59566,-0.12313,-0.047398,1.0926,-1.433,-0.19763,0.036222,-0.3477,0.65867,-0.52656,-0.52808,-1.7184,0.29857,0.84781,-0.69589,-1.3658,1.0324,-0.029354,0.20458,-0.138,-1.6299,-0.18562,1.7568,-0.30491,-1.0523,0.12202,1.0025,0.28982,0.30298,0.39509,0.54774,-0.88585,0.19117,0.64664,0.34781,5.5683e-4,0.01966,0.70736,-0.57216,-0.21098,2.3725,-0.13156,0.27766,0.16394,0.91836,0.57402,0.81301,-0.73895,-0.47265,0.11552,-0.69491,0.58767,-0.64704,-0.54579,-0.23305,-0.33905,-0.77387,0.60589,-1.1159,-0.33998,-0.52206,-0.34282,-0.049493,-0.28887,0.46656,0.53345,-0.8051,-0.34817,-0.17347,0.47035,-0.65598,-0.030786,0.045775,-0.27629,0.81642,0.61906,-0.66605,0.5533,-0.98053,-1.4764,0.84146,1.7139,-0.61032,-0.89008,-0.81984,-1.141,0.74256,0.017593,-0.34107,0.75165,-0.43521,-0.30322,0.68935,-0.73572,-1.0145,0.3301,-0.9593,-0.47612,0.13959,0.26713,-0.42382,-0.56228,-0.047126,1.6017,1.2466,0.55718
経営,ja,management,N,w1,t1,0.18798,1.0877,-0.60738,-1.6337,1.951,-0.13013,-0.70872,-1.2533,-2.7311,2.8158,1.0291,-0.16648,-0.23285,1.0192,0.95835,-1.4037,-2.1389,-0.055993,1.2654,2.0033,0.73873,-1.5294,1.0978,2.554,0.74685,-0.1944,-0.75923,-1.9616,-0.76945,0.07041,0.25096,-0.48698,-1.2604,0.0082837,1.5853,-1.3942,0.81323,0.76281,0.5274,-2.1889,1.7052,-1.1466,1.9846,0.62946,0.41293,2.4244,2.722,0.23542,2.6712,1.3953,-0.22199,0.16702,-1.4392,-3.1741,1.8465,0.83894,-1.1994,-3.1868,-1.1681,2.477,-1.4187,-2.6779,0.73351,-0.80179,-1.0777,1.0541,0.53946,0.62944,-0.83967,-0.3306,1.1344,1.624,0.74419,-0.98028,-1.3884,-0.97686,0.23792,-0.092268,0.4124,1.7021,1.2534,-0.81149,-2.1982,-1.2057,1.3766,-2.0078,1.5871,3.6465,-1.2079,0.59978,0.74167,1.518,-0.90754,-0.44612,2.3329,-0.071394,0.50634,-0.23529,1.2183,-0.24274,-0.95198,1.1998,0.81291,0.24935,0.93558,-0.57576,0.44957,-1.3957,2.3445,-0.21753,0.24612,0.77589,-1.3854,-0.78874,0.36992,2.1994,1.128,-0.23171,0.35515,2.2494,-0.96397,0.76901,-1.264,1.5778,-0.42697,-0.19657,-0.25225,-1.032,-1.7156,0.83429,0.45012,-0.4409,0.42211,1.5,-0.42535,1.362,0.049036,-3.8091,-0.5331,-0.65966,0.42623,0.18405,-1.4231,0.85178,-0.52453,0.18285,-3.6716,-0.95262,0.41978,2.6792,-1.7577,-1.5745,2.0921,2.6415,-1.463,-0.23145,-0.26792,-0.57651,-0.34119,-1.455,1.2345,-3.736,-1.9204,0.24262,-1.1817,-0.85236,0.60194,1.1668,-1.4773,0.23044,-0.24837,-1.8613,0.57699,0.46806,0.91556,-0.44453,-0.85662,-1.4771,2.9776,-1.3536,-0.407,-0.99633,-1.077,0.74956,-0.45484,-1.8618,0.76028,0.57378,-1.035,-0.79266,-1.7183,-1.4292,0.043055,-0.50794,-0.96933,-1.3492,2.1,0.77827,-0.61556,-0.85011
結婚,ja,marriage,N,w1,t1,-0.12472,1.3213,-0.10809,-0.12185,-0.75538,-0.68779,-0.75034,-0.84264,1.3356,1.4697,0.38394,1.7092,0.15927,-0.36446,1.6595,0.1386,-0.31517,0.0025345,0.48855,0.61772,0.39387,-0.22147,-0.67613,0.080466,-0.69216,0.87428,1.5976,-0.68491,-0.57858,-1.1837,-0.66752,0.080211,0.74806,-1.2482,0.034652,-0.19877,1.2681,-0.64503,-0.46646,-0.92964,1.0869,1.0338,1.7313,1.0845,0.83845,-0.49236,0.63318,0.4211,-0.98314,-0.94744,-0.48868,-0.665,0.46072,-0.090984,1.2409,0.68172,0.79158,-0.26132,0.0019725,1.2615,-1.0191,-1.1376,-1.8843,0.055162,-0.06377,-0.68481,-0.035094,0.84064,-1.6741,0.21452,0.40194,-1.4358,-1.44,1.1311,-1.0062,0.53628,-0.5872,-0.55012,-0.58041,0.40883,1.4047,-0.73116,-1.1065,0.74934,-0.44679,-0.61993,1.0484,0.6846,-0.63488,-1.4284,-0.43765,0.24066,0.8724,-0.68519,1.8735,-0.81511,0.37945,0.83983,0.30872,0.34392,-0.54436,0.36071,2.3668,-0.074202,0.77872,-1.3826,1.564,1.3148,1.1206,0.77324,1.0217,0.59864,-1.3561,0.22642,0.24085,1.4521,-0.033627,1.3081,-0.69821,-1.1541,0.10862,0.6462,-1.6385,-1.1795,-0.46769,0.77214,0.44568,-0.16537,-0.38545,0.424,0.63695,-1.2477,-0.076677,-1.2006,0.23852,-0.43056,0.48102,0.11257,-1.0476,1.3318,-0.099446,0.007933,0.23252,0.83411,-0.44493,-0.009655,-1.163,0.95825,0.23174,-0.18496,-1.2582,-0.36583,-0.15925,1.581,0.24373,-0.16672,0.31595,0.86861,-0.75218,-1.4072,-0.26358,-2.3691,0.76892,-0.26913,0.98909,-1.5348,1.867,0.22236,0.31709,-0.29262,-0.77413,-0.17782,-0.87143,-1.2275,1.1022,0.72922,0.64519,0.67341,-0.65394,-0.93918,1.8583,-0.030749,-1.7474,0.9342,-2.0097,-0.16997,-0.46283,-0.22088,-0.9507,-0.45926,-0.64025,-1.0605,-0.42458,2.5421,-1.8805,0.092326,1.38,-0.080908,-0.58157,0.064868
結婚式,ja,wedding,N,w1,t1,-0.39321,2.2766,-2.568,0.8458,-0.87044,-0.40352,-1.1772,-1.1724,0.81532,1.6252,0.044663,1.1749,-0.16353,-0.0638,-1.2266,1.3554,-0.87727,0.59956,0.11421,0.19187,1.2543,0.65397,-1.7869,-0.48079,0.22942,1.1199,1.572,0.59106,-1.6031,-2.2167,-1.0956,-0.0040052,1.5538,-0.6914,-0.070671,-0.59542,1.4264,-1.0032,0.25444,-0.031422,0.33278,1.4005,1.4681,0.3975,0.073434,-0.27526,0.49568,-0.39674,0.86596,0.3587,-0.22421,-0.31706,-0.49861,0.36995,1.45,1.4979,0.21013,-1.1603,2.4851,-0.7526,-0.84888,-0.61125,0.048404,0.4084,0.072525,-0.067759,0.014306,1.4785,-2.6261,-0.87704,0.7134,0.62471,-0.84896,-0.30197,-1.4865,-0.17435,0.99938,-1.3017,-0.51742,0.070685,1.3356,-2.1065,0.2781,1.0703,-0.3603,-0.040551,2.8049,2.114,0.38958,-0.90382,0.53275,0.40187,1.2095,-1.8734,2.5601,-0.3428,0.73136,-0.099918,0.15447,-0.77619,-0.65749,0.30051,1.3146,0.98698,0.26996,-0.42645,1.4328,-0.75923,0.33577,0.28852,1.0458,0.84067,0.43703,1.6528,-1.5578,0.82815,0.7342,0.44084,0.80706,-0.014649,-0.0965,0.89921,-1.0652,-1.2313,1.5496,0.35165,0.10121,-1.3744,0.59489,0.99146,-0.1089,-0.22017,0.1832,-1.3609,1.196,-0.44816,0.52521,-0.99981,-0.75424,1.2292,-1.3521,-0.27123,-1.2789,0.40582,0.43863,-0.41051,-1.7304,1.4971,1.5867,0.16233,-0.074632,0.13995,0.17099,0.94958,-0.023098,0.26885,-0.49725,1.4221,-0.13793,0.17945,-2.7048,-2.4096,-0.77686,1.2815,0.94801,0.39577,-0.96167,0.98146,-0.37891,-0.30519,-1.0652,-0.59479,-0.40182,-0.89697,1.3872,1.315,0.87476,0.019845,-0.22978,-0.42349,1.3444,-1.0684,0.73149,0.37589,-0.38556,-1.6455,-1.611,0.78031,0.58204,-1.7065,-1.5582,-1.4735,-1.0877,2.5286,-0.291,-1.1547,-0.0089267,-0.37051,1.0386,0.75989
給料,ja,salary,N,w1,t1,0.031223,-0.10461,-1.184,-0.025579,-0.413,-0.99538,0.27939,-0.3621,-0.43986,-0.23551,-0.14141,0.90343,0.20535,0.11491,0.93481,-0.72663,-0.95107,0.044622,1.0095,0.17369,0.87168,-0.65752,-0.55069,-0.79157,0.48654,0.055216,-0.055879,0.10093,-0.19456,-0.31578,-0.21822,1.0178,0.13408,-1.2432,0.64436,-0.5183,0.24319,1.0675,-0.46379,-1.458,0.56891,1.1,2.1428,0.31192,-0.10906,-0.17181,1.512,0.302,0.4985,1.187,0.56298,0.60874,-0.14415,-0.0094729,0.51566,0.61718,-1.0496,-0.82668,0.28763,0.0036835,-0.28527,-0.68874,-0.73449,0.45188,0.48335,0.54733,0.064396,0.010713,0.14275,-0.49295,0.017109,-0.92067,-0.51356,-0.67844,-0.93619,-0.87253,0.938,0.31829,0.27025,1.1786,0.9033,-0.12135,-0.65789,0.43511,0.22778,-0.59935,1.3087,0.059765,-1.2216,0.87796,0.47038,0.25898,-0.58441,0.25366,0.41594,-0.4861,-0.63924,-0.29094,0.33774,0.23094,-1.0848,-0.36474,0.091504,-1.0962,-1.1213,-0.47914,0.49932,0.042706,-0.14728,-0.13323,-0.27128,0.52551,0.37208,-0.92036,-0.23005,0.52306,0.83296,1.3948,-0.9912,0.84503,0.12667,0.40635,-1.427,0.22627,0.77311,-2.1561,-0.08302,-0.45796,0.016643,0.93508,-0.25994,1.4806,1.5372,-1.3258,0.87327,0.54818,0.10897,-1.1415,0.21208,0.68457,-0.091932,-0.43895,-0.70144,-0.51188,0.72595,0.50607,-1.9761,0.47466,-0.8979,-0.44232,0.52824,-0.11101,1.5351,0.77497,0.21841,0.093896,1.1512,0.088772,-0.34221,0.15746,-0.56333,-1.7273,-1.2998,0.85978,0.45531,-0.66056,-0.18527,1.2714,0.32043,-0.041257,-0.22273,0.40054,0.71172,-0.10576,0.72055,-0.024446,1.1532,1.1425,-0.84815,-0.22455,1.0727,0.16701,-1.0526,-0.1644,-1.1243,-0.53546,-0.91059,0.56386,-0.84651,0.66926,-0.22322,0.27578,0.92852,-0.0045488,-0.94711,-0.35605,0.2415,-0.010551,-0.55193,0.13915
職業,ja,professional,N,w1,t1,0.47387,-0.26088,-2.0606,1.0197,0.89691,-0.31576,0.43304,-0.76419,0.027198,-0.35308,-0.8927,1.3578,-0.83467,0.37039,0.13128,-0.028352,-1.5847,1.1782,-0.78918,0.74212,0.52377,-0.68993,-0.51177,-1.5784,1.3254,0.32883,-0.051001,0.028302,0.58565,-1.0034,0.57668,1.0469,-2.1004,-2.5324,-0.072516,-0.91749,0.30643,0.23648,1.7804,-2.5004,0.082053,0.62679,2.3113,1.7575,0.41126,-0.75449,1.3102,-0.70164,-0.91323,2.5472,0.32026,0.63413,-0.52459,-0.13702,0.68536,-1.9262,-3.254,1.3457,0.27443,1.5602,-0.21939,1.2262,0.92686,1.1594,0.65741,0.91754,-0.46665,2.2074,-1.4846,-1.6955,-0.9007,0.4534,0.91437,-0.60633,-0.269,0.24383,-0.10828,-0.058702,0.3667,1.9017,2.0118,-1.023,-0.92184,0.3152,-1.8832,-0.97012,0.28536,0.98274,-1.4973,0.61085,-1.1514,-0.51043,-0.80185,-0.88581,1.0727,2.0481,-0.164,-1.0883,-1.093,-1.7719,-1.2012,-0.6417,1.2539,-1.2367,-0.3602,-1.6841,0.30716,0.090863,0.063619,-0.69401,0.52401,0.57841,-0.3192,-0.37395,-1.4124,0.64168,1.7406,1.0653,0.95492,0.79097,0.45755,0.48924,0.44584,0.15138,0.20939,-0.074111,-0.43158,-0.19523,1.1712,0.33407,0.34808,1.4225,-0.034373,2.2854,0.6568,-0.8726,1.1992,-0.76832,0.23629,1.0631,1.3053,0.29274,-1.3942,-0.93046,-0.55567,0.01727,-2.1428,-0.30989,-0.047584,0.33427,-0.29149,0.90244,1.1183,2.3759,-0.70545,0.48781,-0.13638,0.8803,0.22956,-0.048087,-0.58572,-1.8729,-1.1007,0.022521,-0.34732,-0.96684,1.3936,-0.024032,0.66411,-1.5909,-0.45475,1.7497,0.45558,-0.011271,-0.86928,-0.10506,2.347,0.7945,-0.076973,-1.4144,1.1325,-1.3331,-0.29752,-0.4521,-1.0746,-0.69599,-0.3614,-0.39549,-1.2412,0.01934,-0.98074,-0.70855,-0.56366,0.50565,-0.069182,0.68482,0.62915,0.89924,0.75365,0.032333
芸術的,ja,artistic,N,w1,t1,-0.90961,1.6511,-1.5327,-0.3051,0.13667,-1.2814,-0.58869,1.1173,-1.5111,-2.214e-4,0.35109,0.97505,0.55524,-0.21406,0.43971,0.43521,-0.31179,-0.12028,0.9542,0.13852,1.4584,-0.41127,-0.85016,0.33978,2.0245,1.4526,-0.81926,1.1092,1.273,-1.1425,-0.62229,-0.63618,-1.0698,-1.1029,1.5265,0.37336,-0.08083,0.93168,0.076722,-0.48836,0.19469,0.98576,2.2827,0.42695,0.59956,-0.4554,-0.92748,1.1886,-0.78119,0.46852,-0.21396,-0.66539,-0.031979,0.54711,1.2191,1.2075,-1.3143,-0.059779,1.4324,0.044936,-0.69944,-0.48553,0.42588,0.92837,-1.2275,0.71585,-0.33796,-0.38396,0.17697,-0.10278,-0.23773,-0.6008,-1.4996,0.39472,-1.055,0.9272,-0.28347,0.2867,0.25281,0.66751,2.3402,0.31132,0.61723,0.84553,0.088227,-0.676,1.641,2.1202,-1.5521,-0.37527,-0.20463,-0.30265,-0.95085,-0.94912,0.45162,-0.7523,0.37223,0.24845,-0.72921,0.067437,-1.0563,-0.36615,0.14555,-0.66032,-0.53339,-1.1747,-0.44631,0.48469,0.40209,-0.39904,0.69718,0.36611,-0.099807,0.41275,-0.1255,-0.5811,0.55537,0.83696,1.1733,0.71171,-0.25715,-0.10415,1.1139,-0.26712,0.38155,-0.67251,-1.257,-0.94044,-0.34823,-0.034748,-1.2317,-0.089267,0.27362,-1.5396,-0.87312,-0.99708,-0.27023,-0.20236,0.56007,0.62558,-0.6874,-1.282,-0.52047,-1.0523,-0.25943,0.85375,0.3227,-1.8138,1.1221,0.0088534,0.87312,-0.9275,0.36961,0.83263,-1.0122,0.27972,0.076561,-0.3563,0.70999,-0.48843,-0.86012,-0.63482,-1.6079,-0.060416,0.72517,-0.96509,-1.0278,0.80533,0.4746,0.98783,0.76233,0.4924,0.91063,0.038998,-1.0733,-1.2282,1.1436,-0.99203,0.024672,0.015259,0.17701,-0.44611,1.4182,-1.2513,-0.53886,0.49979,1.1347,-0.19993,-0.24363,-0.083858,0.43219,0.76342,-0.0073946,0.45837,0.20665,-0.71354,0.7292,0.97141,-0.33414,-0.88448
親,ja,parents,N,w1,t1,0.24401,-0.83158,-0.38593,-1.1941,0.83177,-0.83463,-1.4882,-0.37765,-0.66678,0.89814,-0.041558,-0.63358,1.3443,-0.49109,0.46372,-0.35896,0.53818,0.73113,-0.14203,-1.5515,0.36229,0.4774,-0.30687,-0.60268,0.77879,0.076146,-0.19591,0.85542,0.035139,-1.0917,-0.20229,0.41414,-0.74351,-0.85624,1.2318,1.0414,0.91611,1.0975,0.42652,-1.1042,0.24109,1.8671,2.0666,0.12381,0.13871,0.64587,-0.17971,1.3562,0.99543,1.7893,0.71329,-1.2103,0.096771,-1.3206,-0.56648,-0.54903,-0.41425,1.2485,-0.59922,-0.0044188,-0.55035,0.039712,-0.086114,-0.083827,-0.28844,-0.13347,-0.34422,-0.88417,-0.44808,-1.1422,0.50103,-0.013933,-0.31687,-0.21068,-0.49856,-0.010164,-0.6084,-0.77865,2.0073,0.70869,1.224,-1.4245,-0.006664,0.82546,-0.64125,-1.4884,0.36925,0.58487,-0.78731,0.23687,-0.96991,0.67497,-0.08145,-0.31315,1.6361,-1.02,-0.26113,-0.72041,-0.055037,-0.11577,-0.37064,-0.37754,0.018404,-1.3733,-0.25435,0.54402,-0.60096,0.058086,-0.85502,-0.68556,0.7246,-0.55948,-0.83194,0.031611,-0.91431,0.76849,0.79518,0.22918,-0.025379,0.19982,-0.77043,0.091961,-0.18792,-1.2929,-0.47779,-0.84167,-0.050482,-0.26064,0.093296,0.50274,-0.13364,-0.35973,-0.058009,-0.59253,0.53764,-0.47349,-0.26161,0.34546,-0.37145,0.63061,0.78103,0.12587,-0.58511,-0.10354,0.20183,-0.64276,-0.96263,0.3368,5.8773e-4,-0.69335,-0.43349,-0.72525,0.90507,1.2908,0.19011,0.17517,0.44947,-1.1765,0.17435,0.81361000000000006,0.45724,-0.71764,-0.0283,-1.4909,0.70282,0.39597,-1.0564,0.2445,0.11991,-1.0834,-0.75376,0.040963,0.09296,1.2414,0.81638,0.91539,-0.28278,0.70568,-0.17931,-1.1458,0.0095855,0.76584,-0.54784,0.69643,-0.4429,-0.16302,-0.449,-1.4557,-0.53322,-0.27798,-0.27355,-1.2377,-1.5259,0.31896,-0.89267,0.44739,1.1879,1.4192,0.13017,-0.1752
親戚,ja,relatives,N,w1,t1,0.8038,0.045228,-0.07155,0.23674,2.3521,-0.71035,-0.7857,0.27372,-2.0439,0.04663,-0.68592,1.2132,-0.17519,0.27391,1.9766,1.0596,-0.48153,0.24166,0.39856,1.2206,0.92094,-0.68441,-0.48216,0.16934,0.27504,0.95005,1.9567,-0.27587,-0.36511,-1.2092,0.38441,0.26298,-0.73861,-0.77287,1.1604,1.5067,1.657,-0.8308,0.072131,-2.6342,0.14412,1.0017,3.0028,0.96232,0.75528,-1.0244,0.41089,0.76959,0.6836,-0.13486,-1.5824,-1.0617,-0.48571,0.20365,0.8781,-0.71194,-0.37792,1.2505,-0.034874,1.9682,-1.095,0.1389,-0.017484,1.8533,-1.3494,-1.1852,0.19205,0.72478,-1.5075,-0.54118,-0.36725,-0.73539,-0.40863,1.1005,-2.0771,-0.53611,0.083629,0.0034535,0.78382,0.93364,0.68706,0.89089,-0.48196,0.64318,0.39519,-0.97048,-0.054532,0.89336,-0.71008,-0.78307,0.29324,2.0096,1.4412,-0.60433,1.121,-0.65695,0.71882,0.87587,0.32132,-0.62313,-0.93372,0.33289,1.4933,-0.87498,0.53593,-2.6678,-0.48873,1.3384,0.65946,0.50257,0.45185,-1.0874,-0.50323,-0.08817,-0.94043,-0.24513,0.60733,0.51962,0.070873,-0.46916,0.08607,-0.21929,-1.5686,-0.70768,2.3583,-1.3322,0.61956,0.079292,1.0013,1.7743,-1.8287,0.37191,-0.78374,-0.28327,0.40235,-0.5819,-1.1185,-1.0969,1.4846,0.11483,-0.69531,-0.48899,-1.2396,-0.32155,-0.92477,-1.1275,-2.3554,-0.50735,0.11368,-0.44358,-0.60781,1.768,-1.531,2.4373,0.107,-0.96963,-0.053826,0.3384,0.36653,-0.44666,0.61791,0.082956,0.19736,-1.2043,-0.093454,-0.36266,0.17158,-0.43447,-0.15423,0.38651,-0.41468,-0.585,0.79056,-0.98905,1.3481,0.30964,-1.6834,0.57131,-0.79781,-1.3528,1.5789,0.046331,-1.1092,0.72982,-0.8653,0.38573,-1.1358,1.8188,-1.5463,-0.10729,0.15138,-2.1139,2.0001,-0.32143,-0.6734,0.59607,-0.4727,-0.98226,-1.3789,0.3066
賢い,ja,brilliant,N,w1,t1,-0.47206,-0.33138,-0.53026,0.10774,0.54037,-0.54782,-0.50177,0.88035,0.21458,0.76049,-0.8759,-0.072092,0.84734,-1.2128,0.45955,-0.47542,-0.82868,1.1997,-0.34636,0.67323,1.4434,-0.14609,1.4004,-0.089976,0.19374,1.1341,-1.1294,-0.37978,0.11878,-1.5097,1.9317,0.053845,-1.0737,0.10156,1.0734,0.16748,0.86499,0.12023,0.90583,0.78138,0.28039,0.97038,0.80249,-0.36197,0.059524,0.36667,1.5486,0.21453,0.84853,0.86282,0.24932000000000001,0.91335,0.45395,-0.22117,0.68461,0.72345,-0.26648,-0.70944,-0.16591,0.63014,-0.79477,-0.62309,-0.67069,-0.0012735,-0.89179,0.65717,0.05853,0.029152,-0.75562,0.65282,0.10425,0.054156,-0.10735,-1.1865,-0.20667,-0.69924,1.3957,-0.32744,-0.92693,-0.35667,-0.5274,-0.46,0.36513,0.36979,0.29718,-0.42268,0.30043,0.35887,-1.7893,0.34704,0.71546,-1.3644,-1.4191,-0.29642,-1.3994,0.14595,-0.21535,0.68639,0.15688,0.43046,-1.8335,-0.080506,1.2527,0.1133,0.73185,0.91832,-0.45402,1.3112,-0.14082,-0.12812,0.81296,0.35515,-0.14372,-0.93033,-0.1801,1.958,0.88683,-0.47817,0.54881,-0.42999,0.018183,0.38015,-0.072916,-0.47743,-1.0516,-0.013017,-0.87469,-0.52445,0.12579,-0.54919,-0.43046,1.458,0.5131,-1.0136,0.78681,-0.2676,-0.72391,-1.0487,-0.45117,-0.56132,0.13097,-0.25452,-0.25303,0.38796,-0.96216,-0.81119,-0.57123,-1.7773,-0.24698,-1.3701,-0.50434,-0.73693,0.7231,-0.059195,-0.090473,0.83932,-0.69335,-0.31108,0.38316,0.085587,-0.33125,0.6391,0.19382,-0.83459,0.53197,-0.97002,0.31027,-0.94062,0.031078,0.34105,-0.098416,0.7969,0.254,0.12162,0.63053,0.97023,0.10537,0.45076,-0.029393,-1.2296,0.05338,-0.4527,-2.3074,-0.75373,-0.63987,-0.028531,-0.63384,-0.21858,-1.4835,-1.5828,0.86814,-0.64567,0.14118,-0.27462,-0.72765,0.065519,0.3644,1.1537,0.89303,0.26371
超想像的,ja,super-imaginative,N,w1,t1,NA,NA,NA,NA,NA,NA,NA,NA,NA,NA,NA,NA,NA,NA,NA,NA,NA,NA,NA,NA,NA,NA,NA,NA,NA,NA,NA,NA,NA,NA,NA,NA,NA,NA,NA,NA,NA,NA,NA,NA,NA,NA,NA,NA,NA,NA,NA,NA,NA,NA,NA,NA,NA,NA,NA,NA,NA,NA,NA,NA,NA,NA,NA,NA,NA,NA,NA,NA,NA,NA,NA,NA,NA,NA,NA,NA,NA,NA,NA,NA,NA,NA,NA,NA,NA,NA,NA,NA,NA,NA,NA,NA,NA,NA,NA,NA,NA,NA,NA,NA,NA,NA,NA,NA,NA,NA,NA,NA,NA,NA,NA,NA,NA,NA,NA,NA,NA,NA,NA,NA,NA,NA,NA,NA,NA,NA,NA,NA,NA,NA,NA,NA,NA,NA,NA,NA,NA,NA,NA,NA,NA,NA,NA,NA,NA,NA,NA,NA,NA,NA,NA,NA,NA,NA,NA,NA,NA,NA,NA,NA,NA,NA,NA,NA,NA,NA,NA,NA,NA,NA,NA,NA,NA,NA,NA,NA,NA,NA,NA,NA,NA,NA,NA,NA,NA,NA,NA,NA,NA,NA,NA,NA,NA,NA,NA,NA,NA,NA,NA,NA
超賢い,ja,super-smart,N,w1,t1,NA,NA,NA,NA,NA,NA,NA,NA,NA,NA,NA,NA,NA,NA,NA,NA,NA,NA,NA,NA,NA,NA,NA,NA,NA,NA,NA,NA,NA,NA,NA,NA,NA,NA,NA,NA,NA,NA,NA,NA,NA,NA,NA,NA,NA,NA,NA,NA,NA,NA,NA,NA,NA,NA,NA,NA,NA,NA,NA,NA,NA,NA,NA,NA,NA,NA,NA,NA,NA,NA,NA,NA,NA,NA,NA,NA,NA,NA,NA,NA,NA,NA,NA,NA,NA,NA,NA,NA,NA,NA,NA,NA,NA,NA,NA,NA,NA,NA,NA,NA,NA,NA,NA,NA,NA,NA,NA,NA,NA,NA,NA,NA,NA,NA,NA,NA,NA,NA,NA,NA,NA,NA,NA,NA,NA,NA,NA,NA,NA,NA,NA,NA,NA,NA,NA,NA,NA,NA,NA,NA,NA,NA,NA,NA,NA,NA,NA,NA,NA,NA,NA,NA,NA,NA,NA,NA,NA,NA,NA,NA,NA,NA,NA,NA,NA,NA,NA,NA,NA,NA,NA,NA,NA,NA,NA,NA,NA,NA,NA,NA,NA,NA,NA,NA,NA,NA,NA,NA,NA,NA,NA,NA,NA,NA,NA,NA,NA,NA,NA,NA
